:10E80000709D002019210200CF9F03000521020006
:10E810000521020005210200052102000521020058
:10E820000000000000000000000000008122020043
:10E83000052102000000000015220200052102004F
:10E8400015240200152402001524020015240200DC
:10E8500015240200152402001524020015240200CC
:10E8600015240200152402001524020015240200BC
:10E8700015240200152402001524020015240200AC
:10E88000152402001524020015240200152402009C
:10E89000152402001524020015240200152402008C
:10E8A000152402001524020015240200152402007C
:10E8B000152402001524020015240200152402006C
:10E8C000152402001524020015240200152402005C
:10E8D000152402001524020015240200152402004C
:10E8E000152402001524020015240200152402003C
:10E8F000152402001524020015240200152402002C
:10E90000152402001524020015240200152402001B
:10E91000152402001524020015240200152402000B
:10E9200015240200152402001524020015240200FB
:10E9300015240200152402001524020015240200EB
:10E9400015240200152402001524020015240200DB
:10E9500015240200152402001524020015240200CB
:10E9600015240200152402001524020015240200BB
:10E9700015240200152402001524020015240200AB
:10E98000152402001524020015240200152402009B
:10E99000152402001524020015240200152402008B
:10E9A000152402001524020015240200152402007B
:10E9B000152402001524020015240200152402006B
:10E9C000152402001524020015240200152402005B
:10E9D000152402001524020015240200152402004B
:10E9E000152402001524020015240200152402003B
:10E9F000152402001524020015240200152402002B
:10EA0000152402001524020015240200152402001A
:10EA1000152402001524020015240200152402000A
:10EA200015240200152402001524020015240200FA
:10EA300015240200152402001524020015240200EA
:10EA400015240200152402001524020015240200DA
:10EA500015240200D7CB0300152402001524020060
:10EA6000152402001524020007CC0300152402001F
:10EA700015240200152402001524020015240200AA
:10EA8000152402001524020015240200152402009A
:10EA9000152402001524020015240200152402008A
:10EAA000152402001524020015240200152402007A
:10EAB000152402001524020015240200152402006A
:10EAC000152402001524020015240200152402005A
:10EAD000152402001524020015240200152402004A
:10EAE000152402001524020015240200152402003A
:10EAF000152402001524020015240200152402002A
:10EB00001524020015240200152402001524020019
:10EB10001524020015240200152402001524020009
:10EB200015240200152402001524020015240200F9
:10EB300015240200152402001524020015240200E9
:10EB400015240200152402001524020015240200D9
:10EB500015240200152402001524020015240200C9
:10EB600015240200152402001524020015240200B9
:10EB700015240200152402001524020015240200A9
:10EB80001524020015240200152402001524020099
:10EB90001524020015240200152402001524020089
:10EBA0001524020015240200152402001524020079
:10EBB0001524020015240200152402001524020069
:10EBC0001524020015240200152402001524020059
:10EBD00015240200F1CB03001524020015240200C5
:10EBE0001524020015240200152402001524020039
:10EBF0001524020015240200152402001524020029
:10EC00001524020015240200152402001524020018
:10EC10001524020015240200152402001524020008
:10EC200015240200152402001524020015240200F8
:10EC300015240200152402001524020015240200E8
:10EC400015240200152402001524020015240200D8
:10EC500015240200152402001524020015240200C8
:10EC600015240200152402001524020015240200B8
:0CEC7000152402001524020015240200E7
:10EC8000064A074BDB7802604FF43472C3710023ED
:10EC90008280082203728271704700BF65EB010019
:10ECA000A02E0020064A074B1B7902604FF4B47275
:10ECB000C371FF238280082203728271704700BFF4
:10ECC0001FE70100A02E00202DE9F341C41D0028FC
:10ECD000064624F007040CBF0020204600F01CFD6F
:10ECE000071E04DA6FF00B0002B0BDE8F0810EB928
:10ECF000FC42F7D4364D6989288903316B7B033098
:10ED00002A7B89B280B20CF03BFC0028EADB3C4451
:10ED1000A978EB78002E04F10304194424F00304CD
:10ED200000FB01F10CBF0020204600F07FFE2044D4
:10ED30000EB90028D6DB2B790446B3B1697D19449E
:10ED40006B791944FF29CDDC0330002E2A8AC9B221
:10ED500020F003040CBF0020204600F0D7FE00285E
:10ED6000C0DB04440EB9002CBCDB012000F0CAFC5F
:10ED7000C8B1A97BB9B195F82C300734002B24F029
:10ED8000070415BF402325234FF481722822002E4B
:10ED900014BF2046002002F099FC0028A2DB0444A6
:10EDA0000EB9002C9EDBAB7CDBB12B7993B1073421
:10EDB000002EA97C24F007040CBF0020204605F09B
:10EDC000C1FA00288EDB04445EB9002C09DA89E719
:10EDD000A02E0020012000F095FC10B1AB7B002B91
:10EDE000E5D1724B1B6893B1A97981B10334002E30
:10EDF000EA7C24F003040CBF00202046984700283A
:10EE0000FFF670AF044416B9002CFFF66BAF684BE9
:10EE10001B688BB1297D79B10334002E24F00304E3
:10EE20000CBF0020204698470028FFF65BAF044443
:10EE300016B9002CFFF656AF5E4B1F68B7B1697D5F
:10EE4000A1B10334002E2B7E24F0030408BF002060
:10EE5000009318BF2046EB7DAA7DB8470028FFF637
:10EE600041AF044416B9002CFFF63CAF072000F078
:10EE700049FC98B1A97989B10334002EAA7E24F007
:10EE800003040CBF0020204600F02EFF0028FFF6F0
:10EE900029AF044416B9002CFFF624AFB6FA86F762
:10EEA00095F825007F09A0B10334EB7F297F24F07A
:10EEB000070419443B4644F00404C9B2224600F05A
:10EEC00055FF0028FFF60EAF044416B9002CFFF6DC
:10EED00009AF95F82610002959D00734002E2A8D45
:10EEE00024F007080CBF002040460CF05EFB041E17
:10EEF000FFF6F8AE444416B9002CFFF6F3AE1EB18F
:10EF0000298D404609F064F995F82010002940D079
:10EF100095F82430002B3CD06A8C0734002E24F066
:10EF2000070802F124020CBF0020404692B20CF008
:10EF30003CFB041EFFF6D6AE444416B9002CFFF687
:10EF4000D1AE0334AB7F297F24F0070495F8240069
:10EF500019443B4644F00404C9B2224600F0F8FECE
:10EF60000028FFF6BFAE044416B9002CFFF6BAAE77
:10EF70003EB16A8C404695F82010083292B209F0F2
:10EF80002DF92B6B5BB176B12C630020ACE6884683
:10EF9000B5E7002EF5D0002211461046EFE7002E0F
:10EFA000F3D12046A0E62834FBD59BE6642100205F
:10EFB0006C210020682100201FB572B6194B5D6BD3
:10EFC000E5B9BFF34F8F1849184BCA6802F4E062E5
:10EFD0001343CB60BFF34F8F00BFFDE7B4FBF6F4E4
:10EFE000D3B20132002CF9D103F110026A4402F8C5
:10EFF0000C4C0A2233B901A8A847E2E704460022D4
:10F000000A26EDE7013BDBB203F110040DEB040629
:10F01000B0FBF2F402FB1400303006F80C0C204672
:10F02000E8E700BFA02E002000ED00E00400FA0594
:10F0300013B5114C6846637B8DF80130237B8DF846
:10F0400000306389ADF804302389ADF8023003F055
:10F0500017F918B1DB210320FFF7AEFF207E03F084
:10F060003FF908B1DE21F6E7E07D03F033F908B19E
:10F07000DF21F0E702B010BDA02E002070B50546DC
:10F08000002850D00BF048F918B94FF0FF34204653
:10F0900070BD09F0EBFCB0F5FA7FF6D8234C0326DF
:10F0A00023486563002500F0A9FA2A222946A01CFE
:10F0B00084F83850257084F82C50256310F086FAB7
:10F0C00040F2011301212A46A67363801B230846E0
:10F0D00021712381638140F20323A176A3811F2341
:10F0E00023824FF40273638244F60113E382F72311
:10F0F0006384FB23238502F047FB20B140F24F31AC
:10F100003046FFF759FF02F05BFB044610B140F2B6
:10F110005231F5E7EFF3108572B600F051FE002D85
:10F12000B5D162B6B3E76FF01504B0E7A02E0020AA
:10F1300031F0000038B51446002840F0D080694D09
:10F1400095F83830032B00F0C780B9B112B96FF0D1
:10F15000150038BD0139162900F2C180DFE801F041
:10F160000C1D20355F68863B6B6E804147555A8C7D
:10F170008F9DA0A395A6AA001378AB700020FFF77F
:10F18000A3FD0028B7BF012302236FF00B0085F811
:10F190003830A8BF85F83830DBE71378EB70EDE73F
:10F1A0001379002BD3D05379002BD0D01288FB2AAF
:10F1B000CDD81A2A6388CAD91B3BE02BC7D823684D
:10F1C000A288AB60484B9A80D8E713786A7993425B
:10F1D000BDD32B71D2E713782A799342B7D86B71DC
:10F1E000CCE713782A799342B1D86B75C6E71378C8
:10F1F000002BACD05378013BDBB2F82BA7D8138897
:10F200009278EB82394B9A70B8E71078687607F0FD
:10F210007DFCB3E71378002B99D0AB76AEE70120E5
:10F2200000F070FA237808B1012B90D9AB73A5E7F1
:10F2300013882B82A2E71378AB719FE7072000F0B9
:10F2400061FA10B92378012B81D9072000F05AFA0E
:10F2500018B12378002B3FF47AAF2378EB748DE755
:10F260001378082B3FF673AF2B7587E71388FF2BB6
:10F270003FF66DAFAB7481E71378EB767EE71378DA
:10F280000E2B3FF664AF2B7778E72368184A2B6282
:10F29000636853602389138170E713786B776DE798
:10F2A0001378EB776AE71378AB7767E7137885F81D
:10F2B0002A3063E792786178207802F065FA0028B6
:10F2C0007FF447AF6378012B7FF658AF08F078FFE3
:10F2D00000287FF453AF3AE74FF0FF3039E76FF083
:10F2E0002C0036E7A02E0020A82E0020B62E0020ED
:10F2F000C02E0020F8B50D46064630B329B311F0F4
:10F30000070422D1124F97F83830012B02D16FF049
:10F310000B00F8BD032B02D14FF0FF30F9E700F0EE
:10F320009DF80028F8D02846FFF7CEFC0028EEDB39
:10F330000FF0E5FC3046396B03F054F8FFF778FE28
:10F340000323204687F83830E3E76FF01500E0E745
:10F35000A02E002010B5074C94F83830032B03D1B1
:10F3600003F05CF804F0B4F80CF048FA002084F8DC
:10F37000380010BDA02E002050B1074B03F114023D
:10F3800053F8041B934240F8041BF9D10020704746
:10F390006FF01500704700BFC56A0400074B10B539
:10F3A00093F838403CB902F0E7FF0320044900F02D
:10F3B000A1F9204610BD4FF0FF30FBE7A02E002042
:10F3C000A5EC0000074B10B593F838403CB902F0AB
:10F3D000E7FF0220044900F08DF9204610BD4FF0F0
:10F3E000FF30FBE7A02E002081EC0000054B10B59C
:10F3F00093F838401CB902F081FF204610BD4FF051
:10F40000FF30FBE7A02E0020054B10B593F83840E5
:10F410001CB90DF03FFC204610BD4FF0FF30FBE75C
:10F42000A02E0020054B10B593F838401CB90DF004
:10F4300034FC204610BD4FF0FF30FBE7A02E00202B
:10F4400002680020014B1A60704700BFDC2E0020CC
:10F45000014B1B68184700BFDC2E0020024B1868C8
:10F46000003818BF01207047DC2E0020F7B5044695
:10F470002D4E071D2C48376004F042F8022805463F
:10F4800006D1294920460BF0F4F9284603B0F0BD17
:10F49000042842D13378092B0AD0262B1ED03146BE
:10F4A00020460BF060FAB0F5817F2DD3722112E077
:10F4B00005213E200BF0B0F90028F0D1F37801A926
:10F4C0003279684643EA0223ADF800300BF01AFEA9
:10F4D0000028CFD053210820FFF76EFD1A213E20CF
:10F4E0000BF09AF90028DAD17368694601A8C3F3D2
:10F4F0000F23ADF8043011238DF806300BF024FEF5
:10F500000028B7D06521E6E70028B3D0A17820789D
:10F510000BF082F90028B8D1ACE70828B5D1024930
:10F5200020460BF0DEF9B0E7E02E0020074B4FF04D
:10F53000FF3141F6FF72C3E9001205490022C1E91B
:10F5400000221F21C3E90212704700BF00210020E2
:10F55000E42F00203F280CD801380B4BC0F3421297
:10F5600000F01F0053F8223023FA00F000F00100F1
:10F570007047FF2806D04038044BC0F3421200F019
:10F580001F00EFE70120704700210020E42F00203A
:10F59000074B0146006849681A4603C240F48C22B2
:10F5A0001A6041F0107242F4FF625A60704700BF67
:10F5B000002100200246024B0068516803C37047D7
:10F5C000E42F00200246024B0068516803C37047D5
:10F5D00008210020FD28084B16BF00F1FF303F2016
:10F5E000C0B2420900F01F0003EB82039B6823FABC
:10F5F00000F000F00100704700210020014B18606E
:10F60000704700BFEC2F002010B5FFF78FFF0CF004
:10F610000BFE034B04461B6803B19847204610BD00
:10F62000EC2F002070B50C88C27CA6B2C4F30E0487
:10F63000931C058804F118021D44825AADB21A4485
:10F6400043882A44013AB2FBF5F202FB054292B22A
:10F650009342044B8BBF3340B34313439BB20B80A5
:10F6600070BD00BF0080FFFF4A1E062A08B5034692
:10F67000084604D84FF4D1711520FFF79DFC094AC4
:10F68000914202D940F2A311F6E711B903B1196012
:10F6900008BD2BB11B680022C3E901211A1D1A60A5
:10F6A0000430F5E7FAFFFF7F10B5114B00EB410482
:10F6B0001A786389B3FBF2F303FB0223013A1A447D
:10F6C000B2F5706F027928BF00231A448378B2FB29
:10F6D000F3F0194403FB1020091AB1FBF3F003FB0C
:10F6E000101313446FEA43436FEA5343638110BD21
:10F6F000F02F0020024B03EB80035960704700BFDE
:10F70000F02F0020034B03EB80035868003818BF2C
:10F7100001207047F02F00202DE9F04F10F0070A6C
:10F7200085B0054604D040F261111720FFF744FC74
:10F73000544F04464FF0010B07F14806B146B0465E
:10F7400057F8043B8DF80BA03BB101A898479DF8F2
:10F750000A30082B01D9E821E7E79DF80B1081BB9F
:10F7600005B13160B94506F10406E9D12DB3002396
:10F77000DFF814E111221E468EF8003058F82200FE
:10F78000013A60B190F804A08178BAF1FF0F64D11A
:10F790004FF000078E4207713CBFCEB20123511CCF
:10F7A000ECD10BB18EF80060112640F6FF6A58F8D4
:10F7B0002670002F63D1013EF9D2601B05B0BDE871
:10F7C000F08F9DF80AC04A1DBCF1020FE64604EB1B
:10F7D000420438BF4FF0020E53000EF1FF300444D4
:10F7E000CEF100002040BDF808406444CCF1000C8C
:10F7F000013C04EA0C04B4F5803F01D3F82194E7FE
:10F8000075B1C31A336099701C8083F803B09DF8FA
:10F810000C201A71019A4FEA124C1A81A3F806C003
:10F8200004FB01049EE758F82C90B9F1000F06D0B4
:10F8300099F804B0D34504BF99F802904F440CF1F5
:10F84000FF3CBCF1000FEEDA3944FF29A2D90BB11D
:10F850008EF8006040F2271167E794460027F0E732
:10F8600007EB410309F101093846A3F80AA0FFF7A5
:10F870001BFF5FFA89F1BB788B42F1D89BE74FF011
:10F880000009F6E7F42F0020F02F0020F8B54FF61E
:10F89000FF7305460380184B03EB8103D86CB8B1A6
:10F8A00086780379B3FBF6F206FB1233DBB2194616
:10F8B0000A1D00EB4202B2F902705488002F09DBE6
:10F8C0000131B1FBF6F206FB1211C9B28B42EFD146
:10F8D0000020F8BDFF29FBD0C4F30E03C4782B80B1
:10F8E00024B94FF4D5711720FFF766FB5380BDE8AC
:10F8F000F8400BF024BE00BFF02F00201D4B03EB9F
:10F90000810370B5DC6C054644B3030404D54FF4A1
:10F91000DC711720FFF750FB014620460BF0F2FD8B
:10F92000FF28014604D02046BDE870400BF007BE1A
:10F93000A078B5FBF0F300FB1353DBB219460A1DA8
:10F9400004EB4206B6F90260002E09DB0131B1FB7F
:10F95000F0F200FB1211C9B28B42F0D1002070BD51
:10F96000FF29FBD08B4204EB42021CBF0023E37053
:10F970005580D8E7F02F0020094B03EB81030146A7
:10F9800010B5DC6C20460BF0BDFDFF28014604D00D
:10F990002046BDE810400BF0D2BD002010BD00BFD6
:10F9A000F02F0020F8B5104B074603EB810301460A
:10F9B000DC6C20460BF0A6FDFF28054611D0E6883A
:10F9C000238953EA064606D0014620460BF0B7FDD0
:10F9D00001463846B04720462946FFF765FE00201D
:10F9E000F8BD0520FCE700BFF02F002038B50E4B16
:10F9F0000446827903EB8203D86C08B9052038BD30
:10FA00008278E1799142F9D24B1CE37100EB41031A
:10FA10005D89B3F90A30002BF3DBA5800BF08FFD75
:10FA200020600020EBE700BFF02F002070B50446F7
:10FA300010F003000E4603D04F211820FFF7BCFA48
:10FA4000FFF712FE054624B1034831460460FFF774
:10FA50000BFE284670BD00BF843000202DE9F14F19
:10FA6000DFF870B01E4607460D46DBF800309046C2
:10FA70009DF828A09DF82C901BB961211820FFF754
:10FA80009BFA5246092140460BF0ADFB4A4684B230
:10FA9000092130460BF0A7FB81B2DBF800002144BE
:10FAA0000BF005FD386018B9286001B0BDE8F08F93
:10FAB00004445346414609222C6038680BF04CFB45
:10FAC0004B4609223146286801B0BDE8F04F0BF0E3
:10FAD00043BB00BF8430002070B50E4604460BF0D7
:10FAE00095FB054630460BF091FB044B2A18214646
:10FAF0001868BDE870400BF0FEBC00BF84300020E9
:10FB0000014B18680BF0C7BC843000201F2AF8B5E1
:10FB1000044613460ED89200033222F00303B3F5D5
:10FB2000803F2DD2184DACB1A00710D05F21092025
:10FB3000FFF742FAFF2B4FEA420204D9FF339A4201
:10FB4000A8BF1A46E8E77C2AB8BF7C22E4E7297000
:10FB50006C602B8122F0030228230127120403FB8F
:10FB600001F06B680025120CEEB28E4200D3F8BD96
:10FB700014B126181F705E60104401352833F3E776
:10FB80004FF0FF30F3E700BF88300020144A002117
:10FB900038B553681478C8B2844203D8AB21092021
:10FBA000FFF70AFA1846013128330578002DF2D004
:10FBB00000218170012412898161051D4470920821
:10FBC000C16100F12001446821F8022B994245F8F7
:10FBD000044B1444F8D100234361037038BD00BFC7
:10FBE000883000200A4B1B89B3F5FF7F4FEA930052
:10FBF00006D25A089B1A9BB2984238BF18467047E3
:10FC0000B3F5EE6F01D8FF22F4E740F27263F3E739
:10FC1000883000202DE9F8434B7880460C4602F0EE
:10FC2000040602F0FB07D3B1DFB12E4BD4F80490E9
:10FC30001D89B7BB0123AD084A46211D637004F13D
:10FC4000280004F12003A761E76123F8025B9842D2
:10FC500041F8042B2A44F8D10023636101E0002F0E
:10FC6000E3D0FF23A370002E18BF0226A3191B7D2B
:10FC7000032B03D1022F1CBF0136F6B2A3190122B8
:10FC80001A7506F10C02002304EB860624F81230E4
:10FC90007268A3704046C8F80020A8F80430BDE898
:10FCA000F883002114226170A0180FF08FFCB5F5C5
:10FCB000FF7F0FD26B08ED1AADB209EB0502C4F855
:10FCC00004902584A2606384C4F80C90A58422610A
:10FCD000E384C6E7B5F5EE6F4FF0FF03EBD940F2D2
:10FCE0007265EAE7883000202DE9F84305460C46A6
:10FCF000F720052191460BF076FA061E22DB1DB98E
:10FD000006FB04F0BDE8F88315F0030703D0982143
:10FD10001920FFF751F9DFF83480C8F81050A5B268
:10FD2000A8F81460BBB29D42EAD9B8F814C04B469B
:10FD3000D8F810000522F72107FB0C0001370BF063
:10FD40000BFAEFE74FF0FF30DCE700BF9C300020FC
:10FD500007B5CDE900230B4603490246081D0BF009
:10FD600027FD03B05DF804FBB430002013B5064C4A
:10FD7000CDE900230B46024604F1080104F10C0012
:10FD80000BF016FD02B010BDB430002008B54B1EBC
:10FD9000032B03D923219020FFF70EF9002801F14E
:10FDA000010114BF0C230523C9B203EB8101034BEE
:10FDB000013121F00101197008BD00BFC4300020DD
:10FDC000124B01224FF0FF3000211B685A60C3F82C
:10FDD0000803C3F80015C3F804250D4B1B685A60CF
:10FDE00040F6FE72C3F808034020C3F80015094B23
:10FDF0000949C3F80825C1F88800BFF34F8FBFF346
:10FE00006F8FC1F88801C3F8082570471C40002097
:10FE1000184000200020085000E100E00A46064893
:10FE20003A2302F8033BC368C1F803300369536007
:10FE300043699360704700BFC8300020024B5A8C62
:10FE400002435A845B6A1847C8300020014B0021E6
:10FE50005B6A1847C830002010B5154C07F096FDB6
:10FE600007F09AF8208DFFF7F1FF237E63B1224659
:10FE7000104904F1190052F80C3BE36063685360C9
:10FE8000A36893600DF078FD0B4B228D93E803007F
:10FE900004F0E2FA236B188804F008FAA36B94F8D4
:10FEA000341094F835009847002384F83C3010BD96
:10FEB000C83000201DFE0000F4300020034B93F8F2
:10FEC0003C300BB1FFF7C8BF704700BFC8300020FF
:10FED00070B5224C0646636C256B236495F88C3014
:10FEE00094F848000BB10430C0B295F86D102EB9EB
:10FEF000FF2803D195F86C308B4201D007F0E2FB6C
:10FF000095F88C3023B3E06C07F022FE94F82C3087
:10FF1000E16C003B206C18BF012384F87030D5E9F8
:10FF20003A23C4E9182306F051FF46B995F86D301D
:10FF3000033B012B94BF2820002007F04FFE95F8CB
:10FF40006C10002007F0AAFE022384F83C3070BD3C
:10FF5000206C07F0FDFD07F01FF8E6E7C830002031
:10FF60000138C0B2032808B504D940F26741062021
:10FF7000FFF722F8014B185C08BD00BF800A04009F
:10FF800008B5094B93F83C20022A04D040F22D21F9
:10FF90002720FFF711F8DA7A42F00102DA72BDE8A1
:10FFA0000840FFF759BF00BFC830002010B50E4C05
:10FFB000A26F137803F00303032B04D1D378022B31
:10FFC00001D1002010BDE06F0BF0A8F90028F9D195
:10FFD000A36F1B7803F00303032BF2D002F048FC5D
:10FFE00080F00100C0B2EDE7C830002038B51E4CEB
:10FFF0000546D4F88030984708B9012038BD94F8F8
:020000021000EC
:100000003430002BF9D194F82C301BB9012D03D0DA
:100010000020F3E7002DFBD194F88430DD06C3F314
:10002000001001D5FFF7C2FF636CD4F888201B785D
:10003000C3F300132AB9B4F88C2013B1B2FA82F3D7
:100040005B0994F82C10628C39B1910705D5A36F28
:10005000D878023818BF0120D0E7002ACDD1002877
:10006000D6D183F00100C9E7C83000202DE9F34163
:10007000324C06460F4694F83C30256B012B5FFA54
:1000800083F804D040F29D412720FEF795FF95F8B4
:100090007C3053B10021042085F87C10FFF7CEFEA0
:1000A00094F82C300BB185F87E80A16F0B7803F0AB
:1000B0000303032B05D195F8823013B90220FFF713
:1000C000BDFEA26F137803F00303032B02D0537815
:1000D0002BBB012385F8823095F88C30CBB194F896
:1000E0002C30226B003B94F84880D5E93A0118BFC8
:1000F0000123C4E9180192F86D0084F87030FFF70D
:100100002FFF002203460E4902200092424606F0CD
:10011000F5FD36B102B0BDE8F041FFF79DBE022308
:10012000D8E7002FF6D03046FFF760FF0028F1D166
:1001300002B0BDE8F041FFF7CBBE00BFC8300020E1
:100140001831002037B5724C0023256B8DF805302F
:1001500095F88C2094F848300AB10433DBB295F856
:100160006C1028B9FF2B03D195F86D308B4202D06B
:10017000FF2007F0A7FA95F88230032B00F2B68033
:10018000DFE803F0023B94A794F88E306148ADF8A5
:100190000630A5F85C3002F041FB80B1A16F4FF44E
:1001A0008070FFF74BFE0121A36F85F87D10DB788F
:1001B0001B2B1ED105F1100007F0B4FA19E00DF168
:1001C00005020DF10601E06F0BF048F8A067A0B141
:1001D00095F8C7308BB99DF805302BB90380012104
:1001E0008370A06F0DF063FABDF80610A06F0DF0DC
:1001F0006AFB012384F88F3001E0474BA36795F831
:100200008330A16FDB0003F008020B7803F0F303E7
:10021000134395F88420920002F00402134323F064
:1002200010030B70FFF7C2FE0028A06F14BF10234D
:10023000002302781343037095F88B30002B58D0BD
:100240004378002B55D0E06C07F082FC94F82C30FA
:10025000A06FB3FA83F35B0984F87030D5E93823D3
:10026000C4E918230DF038FA021EE16C18BF012210
:10027000A06F07F083FE18B9A16FE06C06F0A6FD31
:10028000A06F0BF0CDFA95F86D10012007F006FD78
:10029000A26F0123118884F8E030A4F884109178CB
:1002A0001E4A84F83C30917003B030BDB5F85C3024
:1002B0000DF105020DF10601E06FADF806300AF010
:1002C000CDFFA067002894D140F2CD212720FEF772
:1002D00073FE104802F0A2FA10B940F2D721F5E7F8
:1002E000A36FDB781B2B84D1012163E740F2E5216A
:1002F000ECE707F02DFC06F04FFEA06F0DF0ECF9D7
:10030000011EA06F18BF01210EF020FDB8E700BF4D
:10031000C830002040310020583100204C310020EE
:10032000064B10B593F83C2002F0FF0422B91C766E
:1003300004F08AF8204610BD0C24FBE7C8300020EA
:100340000A4B0B4A70B506460D461A60FFF7E8FFE8
:1003500018B1DE212720FEF72FFE064C012104F103
:1003600090000DF0A4F96664E56470BD8021002062
:1003700070210020C8300020024B012283F8E120C8
:10038000704700BFC83000202DE9FF419C4C02AEF1
:100390000A9F86E8030094F83C1001F0FF0511B9AC
:1003A0000AB103B127B940F26D112720FEF704FE10
:1003B00096E8030004F12C0C84F8E15084F83450E2
:1003C00084F8E25084F8355084F8E05084F88F5077
:1003D00065842585C4F880306262A7638CE80300D9
:1003E000256B07F0C1F906F0D7FD95F9740007F009
:1003F0001FFAA86A07F090FB286A07F01FFA95F821
:100400009C0007F041FA95F87630002B00F0AE80A2
:100410004D2007F0F7F894F82C00002840F0A88051
:1004200095F86C20774B03EB820359684FF47A738D
:1004300001F5FA71B1FBF3F16E3107F093FA724BEB
:10044000724E05F58077186807F06CFB6B69E367FF
:10045000AB69C4F8E43005F1F0031868083353F8C9
:10046000041C3246BB4203C21646F6D15968D5F881
:100470000001236B664A03C293F8862093F86C0050
:10048000A2F12601012903D993F88710262977D1F3
:1004900094F82C20002A70D193F802120BF0B0F9D6
:1004A000064605F13407314638460DF021FB31464A
:1004B0000CF03DFEB5F8403095F86D10834228BF32
:1004C0000346384684F88E300DF0D8FA95F86D1052
:1004D00095F88C600429B5F8488008BF03210CF01A
:1004E00026FE0EB9043080B2404528BF40465FFA70
:1004F00080F884F8E88003F0FFF830B103F002F9E7
:10050000404538BF40465FFA80F894F82C6084F884
:100510004880002E59D195F88B308BB1012395F886
:100520006C0084F87030D5E93823C4E91823FFF74C
:1005300017FDFB22034635490420009606F0DEFB3A
:100540000120FFF7FFFD002323606360A360B5F87F
:10055000803063802B88238095F89C3023712B6F2B
:100560000BB101221A6004B0BDE8F081962050E77B
:1005700095F86D20C42101205FE793F89A128DE76A
:10058000213A012A0FD824290FD094F82C20BAB18F
:1005900093F826315A0711D413F001017FF47EAF8E
:1005A00003F002017AE724290AD194F82C203AB109
:1005B00093F8262193F865301340EBE704216DE7AB
:1005C000032814BF064604266BE795F88C3093B1D8
:1005D000012395F86D00D5E93A6784F87030C4E9D5
:1005E0001867FFF7BDFC002203460849009202206D
:1005F000424606F083FB0120FFF76AFCA3E700BF39
:10060000C8300020800A040080210020183100201A
:100610003031002008B5114B93F83C201AB9BDE8E1
:100620000840FFF719BC93F82C2042B993F83C30EE
:10063000012B12D040F20B212720FEF7BDFC93F8CE
:100640003C20022A02D040F20F21F5E71B6BD3F8C1
:10065000D801BDE8084007F095BA08BDC8300020B1
:10066000014B1876704700BFC8300020014B93F84B
:10067000E0007047C8300020044B93F88F201AB96F
:10068000188DC0F30030704701207047C83000203B
:10069000024B188DC0F3C020704700BFC830002047
:1006A000014B93F8E2007047C83000202DE9F34178
:1006B00082071E4D06460F462C6B22D5D5F8883092
:1006C00023B940F28E412720FEF776FCB5F88C2046
:1006D0001846296C033291F8018009F0D9FF0DF119
:1006E000020201A92864D5F8E4000AF0CAFE0198C4
:1006F0000AF0B1FE012238604146D5F8E4000AF064
:1007000057FEF3070ED5D4E93A32013342F1000225
:10071000C4E93A3294F88430012B0CBF0023012342
:1007200084F8843002B0BDE8F08100BFC8300020FA
:100730002DE9FF47B44C002380468946276BCDE95D
:10074000023394F83C30022B04D040F211512720A0
:10075000FEF732FC238D590606D44020FFF776FBC6
:10076000238D43F04003238597F88C30B8F1000FB8
:1007700000F05081A3B106F01DFC88B9236C5A78B3
:1007800072B11B7897F88420C3F3C0039A4207D153
:10079000012384F83530FFF75FFB04B0BDE8F08734
:1007A000236C5978A4F88C1009B3D4F8E4000AF04B
:1007B000D6FDC4F88800238D97F8832043F4007396
:1007C0002385236C1B78C3F380039A4200F0C28018
:1007D000256B95F88230002B40D0022B11D102A955
:1007E000E06F0AF05DFD28B940F20541AFE7C4F8BB
:1007F0008810E0E7D5E93832013342F10002C5E95B
:100800003832002194F82C3085F882103BB195F8ED
:100810007E3023B1102085F87E10FFF70FFB95F88E
:100820007D309BB1002685F87D6002F009F810B993
:1008300040F21C418BE731460820FFF7FFFAD5E96B
:100840003832013342F10002C5E9383295F883307D
:10085000012B0CBF0023012385F88330238D4FF03B
:10086000000A43F400632385216C97F884200D78F7
:10087000C5F3C0039A426FD00025206C0AF0D0FF68
:1008800097F88B30B3B194F82C3097F86C00B3FA2A
:1008900083F35B0984F87030D7E93823C4E918235F
:1008A000FFF75EFB00220346584900920420FB221A
:1008B00006F024FAB9F1000F00F0CA80012607F013
:1008C0001FFA1DB103A90220FFF7F0FEBAF1000FD5
:1008D00010D094F82C3043B1B4F80720B4F80530A8
:1008E0001343B7F88020134304D0B4F80930013320
:1008F000A4F80930B8F1000F00F0C480B4F8053056
:100900000133A4F80530002384F8E230404803F0B6
:10091000BBFC029830B10AF09EFD216B00220272EE
:1009200002F032FE039B33B1216B00221A720C22BB
:10093000039802F0F7FD002E7FF42DAF238D1B06E8
:100940003FF52BAF8020FFF781FA238D43F0800322
:10095000238522E7C24687E705F00305266B032DB2
:1009600014D0F5B996F88430013B18BF012386F8FE
:100970008430236C5B78002B3FF47FAFD6E93A32AA
:10098000013342F10002C6E93A3276E7238D0120B5
:10099000002543F4805386F87C002385FFF74EFA48
:1009A000E0E74D78002DDDD0238D96F88C5043F490
:1009B0008053238506F03CFE042894F8E83006D1E5
:1009C000002D14BF1B221F22934228BF1346226C06
:1009D00052789A420BD8D4F88830002B3FF44CAFB1
:1009E00094F8E1306BB12020FFF730FA44E794F837
:1009F0003430012043F0100384F8343008F064F9F7
:100A00003AE74546AEE700BFC83000201831002065
:100A1000F43000200BB106F0E1FA94F8E230013333
:100A200084F8E230238D43F48063238597F86D309A
:100A3000033B012B05D80025012008F045F9AA4603
:100A40001EE702F059FE82460028F4D1054617E75A
:100A500094F82C2094F8E2303AB1628C120704D555
:100A6000A26FD278022A3FF429AF012B3FF626AFBE
:100A70000120FFF7BBFA064600287FF41FAFFFF7FF
:100A800061FB1EE7B4F807300133A4F807303DE7F7
:100A90002DE9F04F04468BB01E4600230D46174645
:100AA000069390F86D800CF054F994F8C0310B2B3C
:100AB00004D940F2F2310620FEF77EFA794A32F884
:100AC00013B094F887308344442B1FFA8BFB3CD03F
:100AD0000E2B94F8862038D0443A53425341039366
:100AE00087F001030493002F57D194F80432032BAD
:100AF00053D1039B002B50D0B4F89832AB424CD169
:100B0000D4F80C322046B4F8DC2141F64B59C4F835
:100B1000F831E369C4F8FC31B4F852321344C4F834
:100B2000003205F065FFD4F8A03294F8AC224B45B2
:100B30008CBF4FF000094FF0010942B9E2699342BE
:100B40001AD020880EF0B7F816E00123C7E72088F6
:100B50000EF0AEF818B940F232713020ACE7B4F8BC
:100B6000A832B9466386B4F8AA328381B4F89832C1
:100B7000C7814381013B0382D4F89C3284F876908C
:100B8000E362B4F89A322386D4F8A032E361D4F851
:100B9000A4326362022384F80432B4F850A204F54C
:100BA0000873B4F88090A5EB0A0A0593A5EB090930
:100BB0000FFA8AF30FFA89F9002B17DAD4E98E239A
:100BC000C4E992230023012284F81B324B4694F897
:100BD00004A2354F5FFA8AFABAF1030F00F2C88116
:100BE000DFE81AF006002601640045013246EEE710
:100BF00094F86D1094F8D6010CF0C0FA8046E06AC3
:100C00005946404407F0E8FE5946C4F80802E06936
:100C100007F0E2FE94F8763007A9002B18BF4FF0DA
:100C2000020A5044C4F80C0208A807F071F8079BA8
:100C3000D4E992010093DDE908230EF09FFB814681
:100C400020460AF012FED4F8543294F86D00D4F81D
:100C50002CA0069307F08AF9069B00F52240D4F8F1
:100C60000812BB3BB1309A444FF47A73AAEB010AE5
:100C70003031B0FBF3F0D044238EA8EB090803EB2E
:100C80004101A8EB0000069094F86D000AF0F9FD10
:100C9000D4F85422069B38609B1ACC2B69D840F2BA
:100CA000D2415AE7980A0400B4310020E36A594659
:100CB000D4F8FC01184407F08FFE5946C4F8080226
:100CC000E06907F089FE94F87630002B08BF4FF0FA
:100CD000000A5044C4F80C0220460AF0C6FDB4F8DD
:100CE000DC31D4F82C80D4F8FCA1002B40F09980A2
:100CF000002E00F09680D04494F86D0007F036F98D
:100D0000D4F80832A8F1BB0800F5224994F86D0028
:100D10004FF47A7BA8EB0308D4F8403209F1B1090B
:100D20009844C31ED4E98E12012BA8EB0108B9FB2D
:100D3000FBF973D907F01AF900F2E730B0FBFBFBBF
:100D4000A8EB090808EB0B000690D4F80812D4F8B9
:100D5000F831D4F80022303194F86D0002FB031111
:100D6000238E03EB41010AF08CFD0123386084F8E7
:100D70000432E3694FF00008D4F80C2204F1340087
:100D8000A3F5A2733F6806999B1A84F820829F42BC
:100D900028BF1F46D4E99232C4F8D8715B1842F1DB
:100DA0000002C4E98C320CF067FE0744A4F85052EC
:100DB000C4F82472D4E98C23C4E9922305F04AF8DC
:100DC00020B1D4F824321E33C4F82432B4F8C81148
:100DD00084F828824D1B2DB2002DC4BF022384F855
:100DE0002832039B002B40F0C680002E40F0C480C8
:100DF00094F80432002B00F0DC80E16904F50870FF
:100E0000D4F80C32C91A0CF061F980B2002800F055
:100E1000D080149B03B118800120DAE04FF03E0B24
:100E20008EE7D044D4F80832A8EB030306938CE78E
:100E3000D4F80C22E169D4F8F801891A4B43D4F8AC
:100E400000120693B4F8DC319944CB439944D4F8AA
:100E50000832303300FB0133218E94F86D0002FB21
:100E6000093301EB43010AF00CFD386081E7E069CA
:100E7000584306905EB3B4F8DC1141BB84F81B12F2
:100E8000D4F80C1201FB130A94F88630262BCDF807
:100E900018A003D094F88730262B09D1B4F89832E3
:100EA000EB1A1B0404D494F89B32002B18BF98460D
:100EB000002A3AD0B4F8DC31BBBBD4E98E23D4E9A4
:100EC000900182428B4108D340F2265145E694F8C6
:100ED0001B1200297FF44DAFD2E794F86D00C31EBA
:100EE000012B40D907F042F800F522404FF47A7BFD
:100EF000B130B0FBFBF000F1AB0BD4F8403294F80A
:100F00006D00103BD4E98E125A1AC31E012B924475
:100F10002CD907F02BF84FF47A7300F2E730B0FBCE
:100F2000F3F0AAEB0B0A50440690B4F8DC114046EB
:100F30008944D4F80C1201FB09F909F130094FEA90
:100F4000490949460AF09DFC234A94F8763010601E
:100F5000002B3FF40EAF06AB4946E0690CF02BF9CD
:100F600084F81B0205E74FF4897BC6E73E20D8E7EB
:100F700040F23E51F1E5E6B1B4F8F01119B3B4F81E
:100F8000F22194F8F431501CA4F8F22102FB03334F
:100F900099420EDD94F828325BB10023A4F8F201E7
:100FA00084F8283202F0B4FB00F00700013084F826
:100FB000F40104F5087194F81C0208F01BFD20B937
:100FC00040F28751C9E50A46DBE7049B84F81832F2
:100FD00000200BB0BDE8F08FB4310020F0B504461E
:100FE00085B018B9A8213020FDF7E6FF072900F2E7
:100FF0000681DFE811F008004500450040000401CB
:10100000F000F800020190F8183253B3B0F816322D
:10101000B0F8802093421ED1B0F8CC21D31AA0F8AA
:101020008020A0F8CE312046D4E98C23C4E98E2359
:1010300005F0FEFB94F8D331002B00F0CA800DF0D0
:10104000B6FD704B1B68002B00F0C380204605B036
:10105000BDE8F04018479A1AA0F8CE21A4F88030D5
:10106000E1E7B0F81432B0F880209B1AA0F8CE3136
:10107000B0F81432F2E705B0BDE8F04006F054BE17
:101080000EF00CF9D4E98E23801A61EB03010128DC
:1010900071F1000302DA40F21261A4E76FF001037C
:1010A00083424FF000038B4102DA40F213619AE76A
:1010B000E5690DB1B0FBF5F594F88730442B14D0F9
:1010C00094F88620442A0AD00E2B08D0A2F14306B9
:1010D00072427241B4F81612B4F880303AB1B4F8E2
:1010E00016320133A4F8163214E00122F2E72B4441
:1010F0009BB2CA1A150454BF4B1C01339BB2A4F80F
:10110000163294F819322BB9B4F81622B4F8CC314F
:101110009342E6D0B4F8523202AEB4F880500133B4
:10112000394FA4F85232B4F8BA301D44B4F8B8308C
:10113000013DED1AADB23B685BB1B4F81612002266
:101140002046013989B29847B4F816321844A4F8F9
:101150001602B4F816126B1A18041ED40023204687
:1011600000961A46FFF794FC98B3012812D1B4F800
:101170001622B4F8C811BDF808301344521A1204EC
:101180009BB204D5EA1A12F4004F18BF0B46A4F81C
:101190001632D0E740F26A6125E794F88A3030468B
:1011A0000394002B0CBF3E23082384F8A9300123AD
:1011B0008DF8083002F006FE20460DF0FAFC002300
:1011C00094F81C0284F8043208F09AFB202384F877
:1011D0001C3205B0F0BD012007F076FD05B0BDE87A
:1011E000F0400AF02DBB90F80432042B01D0CE2140
:1011F000F9E6002380F80432EBE7D421F3E6D821A6
:10120000F1E600BF88210020902100202DE9F04167
:1012100004460E46154690F8383103F0FF071BB11F
:101220000C273846BDE8F08101464C4808F042FBE7
:1012300020288046F4D05822394604F588700EF0F4
:10124000C5F984F81081C4F81461FF2384F838319B
:1012500036B102F075FA00F00700013086F8F401AB
:1012600002234FF00008A4F8483184F8408107F0C9
:1012700007FC00F1490620460DF0D9FA0146B6B246
:10128000D8B30BF066FD00F5CD61284689B207F0B2
:10129000A3FB2844C4F844010EF000F830184FF0C6
:1012A0000106A4F8268041F1000184F81861C4E920
:1012B000540120460DF0D1FAD0B1A5F2AA4531462D
:1012C00020460DF036FA2D1AC4F81C514FF0FF32AB
:1012D0006FF00043C4E9562304F5A07194F810019F
:1012E00008F088FB70BB4FF4E5713020FDF764FE19
:1012F0003046AE3D0DF084FBE5E72046DFF8608028
:101300000DF017FAAE30C4F84401B8F8040048B143
:10131000E08C38B102F014FAB8F80430B0FBF3F204
:1013200002FB130006440DF0B9FF361841F100012D
:10133000C4E95461002DC9D0AE1941F10001C4E9DE
:101340005661C9E7D4E9542300212046C4E94A2361
:10135000C4E94C230DF0B7FA63E700BF51B90100AF
:10136000B4310020F0B5002385B0CDE9003303236C
:101370008DF806306846FEF739FB88B11D4E012313
:101380000027B3710223CDE902778DF80E3002A851
:10139000FEF72CFB0546A8B10023B37105B0F0BDE4
:1013A00000980AF0BCFBE5E790F81C0208F032FE5A
:1013B00094F81C0284F8045208F0A2FA202384F85E
:1013C0001C32DFE7029B002BE1D093F81C22202A7D
:1013D000DDD018884FF6FF739842DDD00221FEF76A
:1013E000CBFA04460028DFD14FF49A713020FDF784
:1013F000E3FD00BFB4310020044B0022DA719A7182
:1014000042F210729A80FFF7ADBF00BFB4310020E6
:10141000014BD871704700BFB431002008B506F009
:101420000DF9044B9A6882422ABF9879002080F017
:10143000010008BDB4310020F0B5044685B090F835
:10144000D33103F0FF05002B6ED190F80432032B4B
:101450006AD10DF023FFD4E98E23801A61EB0301DA
:10146000012871F100035FDB6FF00103834275EB2C
:10147000010304DA40F2BB513020FDF79DFDE26923
:10148000B4F880300AB1B0FBF2F2013313449BB2DE
:10149000A4F81432B4F8CC31B4F814229B1A1BB25D
:1014A000002B41DD94F81C0208F0A8FB00283BD07B
:1014B000FF2384F81932B4F8BA300DF10E07B4F8EE
:1014C00080501A4E1D44B4F8B830013DED1AADB24B
:1014D000336863B1B4F8141200222046013989B28E
:1014E0009847B4F81432184480B2A4F81402B4F83F
:1014F0001432EB1A1B0417D4B4F81412002301227F
:10150000204689B20097FFF7C3FA68B1012808D1D5
:10151000B4F81432BDF80E2013449BB2A4F8143270
:10152000D6E740F20261A7E705B0F0BD90210020A8
:101530002DE9B3430446062900F28380DFE801F079
:10154000042815252C317C003F4B9B7903F0FF02CA
:101550005BB900920123B0F8CC11FFF799FA38B1CA
:101560004FF4DA613020FDF727FD042384F80432BC
:1015700006F068FA08F098F80023B4F88020A4F880
:101580005232A4F8162284F8193202B0BDE8B083B2
:10159000032380F80432F8E70DF0CEFBC4E9900194
:1015A000F3E72A4B1B681BB10246D0E9900198472C
:1015B00094F86D30E569033BDFF88C90012BD4F88B
:1015C0000C3294BF4FF028084FF000089D4208F5F8
:1015D000807888BFED1A99F8073098BF00251BB9AD
:1015E000636B9D4228BF1D46D4F8D87104F13400C6
:1015F0000CF042FA0744022008F05EFC0221ED1BC9
:1016000025EAE575854228BF0546284608F09AFC7C
:1016100000B92F444246394620460CF0BBFAD4F8B4
:10162000D831C9F80800E069184408F017FC002810
:10163000ABD140F27E3195E702B0BDE8B0430AF08D
:1016400014B940F284718DE7B43100208421002068
:10165000012A70B505460C46164615D0022A18D048
:1016600042BB05F0EBFF3246014620460AF027FA5E
:101670002A46124994F8100107F016FB40B940F2CF
:1016800097713020FDF798FC05F0D8FFC5F854029B
:1016900070BDD0F85412012220460AF010FA2A46F2
:1016A000064994F8100107F0FFFA0028F0D14FF432
:1016B000F561E6E740F2AE71E3E700BFDD0F010040
:1016C000014B9880704700BFB4310020343270B5B0
:1016D000054692B20C461E4609F067FF25B1034A43
:1016E000556014745674147070BD00BFD83100205A
:1016F000014B1870704700BF11210020014B58703A
:10170000704700BFF03100200138C0B2032808B58F
:1017100004D94FF450710620FDF74EFC014B185CC4
:1017200008BD00BF200B04000138C0B2032808B573
:1017300004D94FF450710620FDF73EFC014B185CB4
:1017400008BD00BFA20B04000138C0B2032808B5D1
:1017500004D94FF450710620FDF72EFC014B185CA4
:1017600008BD00BF180C04000138C0B2032808B53A
:1017700004D94FF450710620FDF71EFC014B185C94
:1017800008BD00BFF00C040008B5034610465A1E01
:10179000032A10D84A1E032A0DD8084A012951707D
:1017A00014BF0A2100211071937091721946FEF73F
:1017B000EDFA002008BD6FF01500FBE7462500207C
:1017C000054A537A20B143F0040300205372704756
:1017D00003F0FB03F9E700BF46250020F8B58D1F95
:1017E00040F67A4C0746BDF82460ADB21046BDF80D
:1017F000182065453BD8841FA4B264458CBF0024E3
:1018000001242546AFBB1D4F3F796FB15CB96FF422
:1018100050654D19062D06D86FF450640419062C36
:101820008CBF002401242546FDB1814224D803FB4E
:101830000666B6F5FA7F1FDCA2F10A0340F676448D
:101840009BB2A34218D80AF054FA42F2107300FB7C
:1018500006F15A43B2EB410F0ED9BDF81C50BDF84A
:10186000200085428CBF002501252846F8BD0024B4
:10187000C7E797F87570C8E70025F6E7B83200208B
:10188000304BF0B5B0F860700C4611461A88B0F8CD
:101890005E6085B097425D8828BF1746964228BF94
:1018A00016461B2E2ED0B5F5A47F2DD040F648034A
:1018B00001AA9D4228BF1D460AF044FABDF80A302D
:1018C0009F4228BF1F46BDF80C30AB42E78028BFBF
:1018D0002B462381BDF806309E4228BF1E46BDF828
:1018E00008309D42668028BF1D46A580FF232370D7
:1018F000E3881B3B9BB2E02B08D940F219613920E9
:10190000FDF75AFB1B2FCED105B0F0BD63881B3B02
:101910009BB2E02B02D940F21B61F0E7238940F62D
:101920004812A3F5A4739BB2934202D940F21D6101
:10193000E5E7A388A3F5A4739BB29342E4D940F2F0
:101940001F61DCE7B83200202DE9F3410023044693
:101950000E46174600F10A08CDE900336846FEF747
:1019600045F808B1002015E0009DA542F6D03046AC
:10197000EB1C0AF0B8F93946AA780BF035FB0028C1
:10198000ECD005F10A036A7A4146607A0BF02CFB31
:101990000028E3D002B0BDE8F0810000054A1346FC
:1019A00092F8202053F8211B11F8030BC0F380108C
:1019B0000BF01ABB24380020114BF7B59C7E06466D
:1019C000DD7E9F8B14B900F075FD0446A5B900F0CB
:1019D00071FD054614B9092003B0F0BD0028FAD006
:1019E000304601A98DF804408DF80550ADF8067019
:1019F0000BF0C0FB0020EFE7002CF1D1EBE700BFBC
:101A00007C37002010B503210020FDF7B5FF044608
:101A100070B90321FDF772FF044620B940F24D3141
:101A20003920FDF7C9FA034B93F960100CF03BFE27
:101A3000204610BDB832002038B50BF0D4FA00258E
:101A400001F0BEF8234C00F043FD0BF06DFF01F0F8
:101A500007FB02F089FC01F02BFB012000F0FCFCED
:101A60001D4B1E4A29465D831A601B229D839A8066
:101A7000F9229D771D761A4B22835868194A1B89D3
:101A800022601422E06104F12400238484F8615070
:101A9000A4F85450A576A580A5750DF097FD0123F7
:101AA00042F2107204F13A0084F8565084F824305F
:101AB00084F83930C4E90A220DF0F0F804F144004A
:101AC0000DF011F90022002384F87050C4E91A23A4
:101AD00038BD00BFB83200207C37002003021B0055
:101AE000A20B04001B004801044B41F64C521B2181
:101AF0005A611974C3E90222FFF79EBF7C370020A8
:101B000073B5394D0446AB6840F8343F0AF03EF8EF
:101B1000064600F0C9FC2B7C10F0200FE68784F805
:101B20003C30324B0EBF1B22AA8869881B6814BF49
:101B3000A4F85E10A4F85E20A4F860201BB194F90C
:101B40007410208898472A490B79003B18BF01235D
:101B500084F87530274B1B6813B1083120889847EB
:101B600094F875302046002B41F64C5318BF4FF4C3
:101B70007A73E361FFF720FF064648B1022120880F
:101B8000FDF710FF60B340F2D3513920FDF714FA8E
:101B900001236386184B1B6813B1014620889847C0
:101BA000164B1B6813B1002120889847697804F10F
:101BB0001400AB886A8801910333297803329BB201
:101BC000009192B204F11801FDF748FF636913B95F
:101BD0004FF4BE61D9E7A3691BB940F2F151D4E7D4
:101BE0000926304602B070BD7C37002098210020C5
:101BF000B8320020AC210020A8210020A421002020
:101C00002DE9F34105460E460CF08EFD002800F04C
:101C1000AF8028460CF00BFE30B1B6F80130013B26
:101C20007F2B01D9122404E028460CF004FE20B9D1
:101C30000C24204602B0BDE8F081284609F0F2FFEE
:101C40000028F5D128460CF018FD80460028EFD179
:101C5000284603F03BF90028E4D042F21073B6F8AE
:101C60000170F17828465F430CF0CDFD04213078F7
:101C7000FDF782FE044606213078FDF77DFE002C3C
:101C800078D038B141F6F3113920FDF795F90446C3
:101C900090F8BD80414E3368002B6DD04034204613
:101CA0000CF0E0FF002867D020460CF0CFFF0028A2
:101CB00062D1B8F1000F08D0394B20461B68984715
:101CC000002859D041F60721DEE7364942463368FD
:101CD00020464969984700284ED041F60C21D3E7A9
:101CE00028460CF0A4FD40B902210DF10600FDF7D5
:101CF000CDFD064658B90D249BE728460CF0A9FDFA
:101D00000028F1D1284B1B79002BEDD18AE7002167
:101D100001F014F9BDF806302846314633800CF046
:101D2000C3FD28460CF095FDA8B9296A28460CF099
:101D30009AFD01463046FFF7E3FE044600287FF493
:101D400078AF3A4631462846FFF760FA044620B19C
:101D500041F6382198E70121ECE7134BDB6D002BAE
:101D60003FF467AF024606F58D713046984760E74D
:101D700042245EE700288AD128460CF050FD014637
:101D80000028ADD13A462846FFF740FA044600281D
:101D90003FF44FAF41F6152176E700BFA0210020A8
:101DA0009C2100207C370020B8320020034B5A8849
:101DB00002801B7883700020704700BF7C370020B2
:101DC0007FB5837806461A2B09D8042B05D9012242
:101DD00002FA03F3314A134205D112251AE0292BE6
:101DE00001D03B2BF9D13088B0F5706FF5D2694640
:101DF0000BF048F988B9019B93F8182102F0FF0510
:101E0000C2B9B27883F81921FF2283F818216846F5
:101E10000BF063FD284604B070BD09213088FDF742
:101E2000ABFD0446002837D002A9B0F8AC010BF096
:101E300029F908B10C25EDE70821B4F8AE01FDF74A
:101E40009BFD20B940F628113920FDF7B5F803783D
:101E50001BB994F8C831032BECD1039B93F82E21C6
:101E6000002AE7D194F8F02102F0FF05002AE1D121
:101E7000B4F8B021A3F8302194F8B42183F83221CA
:101E8000027D83F83321B27883F8342184F8F0217D
:101E9000FF2283F82E21BDE70225BBE7200038048E
:101EA0000188A1F11B039BB2E02B0CD8428844F2BD
:101EB0004810A2F5A4739BB2834204D8034B0020C0
:101EC00019805A8070471220704700BFB832002036
:101ED000034B1A885B88028043800020704700BF54
:101EE000B832002038B50478427804F001038578D0
:101EF00004F0020452EA030101D1112038BDBCB93B
:101F0000002DFAD0002B08BF144601E0002425461E
:101F1000204609F0B2FF0028EFD0284609F0ADFFB7
:101F20000028EAD0054B00209C76DD769883E5E713
:101F3000002BEBD114461D46EAE700BF7C3700209A
:101F400013B5008869460BF09DF818B102242046AD
:101F500002B010BD68460AF02EF80028F6D00198AD
:101F600090F82A310BB13A24F1E790F8D23003F01F
:101F7000FF04002BF7D190F8C9309B0706D1FF234F
:101F800080F82A3168460BF0A8FCE0E70249CA3025
:101F90000BF0F2FCDBE700BF59E101002DE9FF4146
:101FA000077804460E46EF2F04D91226304604B0B7
:101FB000BDE8F081B0F80130ADF80C309DF90C208F
:101FC0009DF80C30002AF0DB9DF80D209507ECD130
:101FD000D80660D4990603F0030259D5002AE4D14B
:101FE0001D0703D503F06703012BDED163781807C3
:101FF00011D42179E278E07942EA0122617942EA5A
:102000000142A17941EA0021207A41EA00418A4255
:10201000CBD81F2AC9D9627A013A062AC5D8A27A32
:10202000032AC2D813F0040102D1023A012A03D8CC
:10203000E27A012AB9D811B9A27C032AB5D813F0E3
:102040001001227D37D0012AAFD1237E012BACD8DD
:10205000002940D06378D90703D500F0BDF90028E6
:1020600040D06378227D03F01803082B4AD1022A5E
:1020700038D11FFA87F803214046FDF77DFC05465D
:10208000002845D009F0CEFD00284DD00C268DE764
:10209000032AA5D189E713F0600F86D103F00F0260
:1020A00003F00703052BA1D0931E012B9ED9002A14
:1020B0007FF47BAF9AE7022A04D103F06F03092B68
:1020C0007FF473AFA37D013B022B3FF66EAFE37D40
:1020D0000F2BBAD969E700F0EDF9820707D4237D09
:1020E000022B01D1112661E7A37D022BFAD000F06B
:1020F000E1F94307AED4237D032BF3D0A37D032B5B
:10210000A8D1EFE7022AB4D0237F002BB1D0E9E7B2
:1021100003214046FDF7F2FB0546002843D0234B40
:1021200093F960100CF0BFFA002138460CF07AFDEC
:1021300028BB28460CF070FB21463070E07428461E
:1021400002F01CFFE37E0646002B3FF42FAF002871
:102150007FF42CAF0246E96C6846FDF75BFD324622
:10216000E86C012109F076FAE96C68460422FDF773
:1021700051FD32463146E86C09F06CFA16E7403002
:102180000CF070FD0028D4D0637813F0330F7FF487
:102190000CAFA77D2846296A0CF065FBFFF7C4FA4F
:1021A0008742C6D072E7072600E700BFB83200209A
:1021B00030B502798BB00346042A5CD84488B4F564
:1021C000804F58D82D4800211044ADF800108DF8EC
:1021D0000810827C457B42F010028DF81D1042EA07
:1021E0004502C57D007F42EA850242EAC00202F054
:1021F0001F028DF80020BDF80020ADF809201A88D4
:102200008DF80E40240A8DF80B20120A8DF80D105F
:102210008DF810108DF80C208DF80F405A7BD3F8F4
:1022200007008DF811205A79059002A88DF8122028
:102230009A798DF81320B3F80B209B7BADF818200A
:102240008DF81A307F238DF81B3001238DF81C3058
:102250008DF81E308DF81F108DF820108DF823108A
:102260008DF824108DF821108DF822106946FFF7A3
:1022700095FE0BB030BD1220FBE700BFA20B04009F
:102280000278034672B1427862B142881A2A09D9AB
:1022900082881A2A06D90068034A106000209B88A9
:1022A00093807047122070477C370020026800201E
:1022B000014B9A60704700BF7C3700200378A3F180
:1022C0000A02112A9BBF024A002012201374704791
:1022D0007C370020014B187600207047B832002070
:1022E000014B587600207047B8320020024B1B6823
:1022F00003B11847112070479421002008B505202C
:1023000000F0B6F804F0F6FB014B024ADA6508BDAE
:10231000B83200208118010008B502F0B9FDFFF7BE
:102320006BF80248BDE8084002F09CBD2C33002049
:1023300008B50AF056FE064800F58471FEF700F86D
:10234000022009F004F90020BDE8084009F0FFB8B8
:102350002C33002008B50122064B83F80A2202F034
:102360009FFD03F069FDFFF7E3FFBDE8084001F0C2
:10237000BFB800BF2C33002010B5064C064904F549
:1023800003700AF0A6FC04F504700449BDE810408F
:102390000AF09FBC2C330020B0210020B82100207F
:1023A00010B5094C094904F503700AF092FC04F5D4
:1023B000047007490AF08DFC04F505700549BDE875
:1023C00010400AF086BC00BF2C330020C82100203A
:1023D000D0210020C0210020014B93F80A02704751
:1023E0002C33002038B5094C0D4601F05DF8D4F8C7
:1023F0000C02C4F804510AF064FCFFF775FB01F00D
:10240000B7F9012384F8183238BD00BF2C330020FF
:10241000014B93F8180270472C33002010B50D4C77
:10242000D4F810020AF04DFCD4F814020AF049FC6A
:10243000FFF702FB202000F029F82F2000F026F8FB
:10244000262000F023F8292000F020F8002384F84B
:10245000183210BD2C330020014B83F8190270474D
:102460002C330020014B93F8190270472C330020C5
:10247000C2080549012300F0070003FA00F08B5C55
:1024800018438854704700BF18210020C20805492E
:1024900000F0070001238340885C20EA0300885491
:1024A000704700BF18210020014BD3E9000170479D
:1024B00018210020054B1868C0F3C022C0F300208B
:1024C000400040EA820040F00100704718210020DF
:1024D00008B506F0CBFA0023074A32F823108142F0
:1024E00005D302EB83039B78044A137008BD0133C4
:1024F0000C2BF2D10023F7E7E80B0400463500204F
:10250000024B1878072828BF07207047463500205F
:1025100010B54468238884F87B11A4F87C3194F8C2
:102520006C00FFF711F984F87E0194F86D00FFF755
:102530000BF9054984F87F0104F5B9700BF01CFA1A
:10254000002384F8243110BD57CD010040680749AD
:102550000388A0F86E3190F8643080F8703190F8FC
:10256000653000F2651003730BF000BA6DCD010009
:102570002DE9F04F0C4685B0054608460BF08CF966
:10258000064620460BF080F9804620460BF080F985
:10259000834620460BF07EF96C68074694F8873036
:1025A00094F886A0242B30D104F18709002E4BD05B
:1025B0000BF0070B58460AF028FC88B394F86C30EF
:1025C00098422DD094F82421012A0CBF94F826219A
:1025D00094F868201BEA020F36D0BAF1220F1FD000
:1025E00094F865201BEA020F1AD1461EF6B2032E9C
:1025F00006D8013B5E4ADBB21644032B31790BD976
:1026000040F21F210620FCF7D7FCBAF1220F40F060
:10261000AA8004F18609C9E713441B798B4213D8B9
:1026200008F0070108460AF0F0FBC0B394F86D30DB
:10263000834234D094F82431012B0CBF94F8273115
:1026400094F8693019422AD194F82431012B15D11C
:102650001E212846FFF75CFFBAF1220F12D16B68EA
:10266000182283F809210A2283F8862093F8C230C1
:10267000002B44D140F2B3217E20C4E7002384F82C
:102680002431E9E70023284689F800300BF0D0FA1E
:102690001821284605B0BDE8F04F0BF0F5BA03ABA2
:1026A00020465A4600933B460AF0BAFB6C6880BB52
:1026B00094F82431012B29D1B4F8803004F5267226
:1026C00094F86C10B4F828010AF00AFC0446C0B96A
:1026D00001462846FFF71CFF89F800406B6803F1AC
:1026E0008702914502D1002283F887206B6800247D
:1026F00003F18702914533D128460BF099FA002067
:1027000032E06B68282283F88620E7E784F824010A
:10271000E4E7B4F8800047F6FD73A4F89872C0436C
:102720000744BFB29F4206D92823284684F8A9301F
:1027300001F048FBDAE794F887300E2B02D00B3B10
:10274000012B01D82A23F0E79DF80C3084F89A3247
:102750009DF80D3084F89B32262389F80030C5E7B8
:1027600083F8C240CBE7022005B0BDE8F08F00BF80
:10277000180C0400064B002283F850204FF6FF721D
:10278000A3F85220A3F85420A3F85620704700BFA6
:1027900048350020064BB3F85220824201BF002288
:1027A00083F850204FF6FF72A3F85220704700BF05
:1027B00048350020014BA3F85400704748350020ED
:1027C000094A03464FF6FF71B2F85200884206D11B
:1027D00092F85010012905D001201A60704700209E
:1027E000186070470020704748350020074B93F869
:1027F0005020012A1BBF0120B3F85420002083F889
:10280000500018BFA3F85220704700BF4835002081
:10281000014BA3F85600704748350020074B02468D
:10282000B3F85610B3F85200884205D193F850001F
:1028300018B1012013607047002070474835002010
:102840000A4BB3F85210B3F85620914201D0002041
:1028500070474FF6FF72A3F8522093F85020002AD9
:10286000F5D00022012083F8502070474835002021
:10287000064BB3F85210B3F85620914203BF93F8B9
:102880005000B0FA80F04009012070474835002020
:1028900050B90A4A0120134603F8010B0868C2F830
:1028A00001008A889A807047012805D1034B0A6885
:1028B000D8719A608A889A81704700BFA03500203D
:1028C00048B90A4B187880B1D3F80120B3F8053025
:1028D0000A608B807047012806D1044BD87920B15B
:1028E0009A689B890A60F4E700207047A0350020B1
:1028F00020B9054B187800F00100704701280ABF85
:10290000014B0020D879F6E7A0350020F7B58B8879
:1029100000228DF80600ADF8043008680B4B8DF8E6
:10292000072001461C7803F5AC73019DD0B28442A8
:1029300001D8082007E0D3E9007601320833AE421F
:1029400008BF8F42F2D103B0F0BD00BFB035002008
:10295000084B0146002230B55C7803F58173D0B294
:10296000844201D8082004E013F8015B01328D4253
:10297000F5D130BDB0350020F8B52D4C6378221864
:10298000013B92F80251DBB28342637030D01A01EE
:102990000101961C8F1C2644274406F1100C56F8A2
:1029A00004EB664547F804EBF9D1823282312244C8
:1029B000214402F1100652F8047BB24241F8047B34
:1029C000F9D1E118221891F8026182F80261062615
:1029D0007343704303F5857300F58570E618E3587B
:1029E00027182350B388BB8091F83A3182F83A31E6
:1029F0002846FFF7ADFF082818D12378013BDBB24A
:102A00009D42237012D02B3305F12B0204EBC3033C
:102A100004EBC20293E8030082E803002078FFF78A
:102A200097FF08281CBF241884F80251F8BD00BF86
:102A3000B0350020F0B5254D89B095F8984105F2E4
:102A400099116846224607F023FE214668460AF09F
:102A5000E9FA0446B8B300EB400102A8C9B2FCF79A
:102A6000F7FC601E95F8A1610124C0B295F8982189
:102A700005E0731CB3FBF2F102FB1133DEB206F189
:102A800020030DEB030111F8203C002BF1D100EBEA
:102A9000400201F8204C06EB460320322B446A44E6
:102AA00012F8187C83F8A27112F8177C12F8162C11
:102AB00083F8A37183F8A4210138AB19C0B283F85D
:102AC0009941FF28D2D109B0F0BD00BFB035002038
:102AD00070B5064688B00C46002A4FD02A4A92F8B4
:102AE000A131D01890F8991121B94FF480712820A4
:102AF000FCF762FA03EB43010133114491F8A25150
:102B0000E57091F8A35191F8A4112571617100212C
:102B100080F8991192F89811B3FBF1F001FB103392
:102B200082F8A13192F8C23123B9184902F5DD705B
:102B30000AF01FFF65790D220021684605F03F0568
:102B400045F0400565710CF041FDE37804AA694643
:102B50008DF80F30304623798DF80D508DF80E30FA
:102B600004230CF077FC9DF81F3023709DF81E3075
:102B700063709DF81D30A37008B070BD032160180C
:102B8000FCF766FCD6E700BFB0350020352A01000F
:102B9000044B5A78824286BF1B1893F84A010020E2
:102BA000704700BFB0350020044B5A78824286BF80
:102BB0001B1893F842010020704700BFB035002079
:102BC000064B00224FF461711A8083F8C32183F809
:102BD000C421A3F8C61183F8C2217047B035002084
:102BE000014B83F8C4017047B03500202DE9F04750
:102BF0008246894617469846FFF788FE082805460C
:102C0000064603D0FFF7A4FE082863D1334C63784F
:102C1000072B61D8082D18D12678731C072E237036
:102C200003D96B212820FCF7C7F906F12B03D9F84B
:102C30000000DAB204EBC30344F8320004EBC20133
:102C4000B9F804208A8083F806A0657807F110029D
:102C50006B1C290163704B1C234412F8010DBA420E
:102C600003F8010FF9D1813108F11003214413F861
:102C7000012D984501F8012FF9D125441021404636
:102C80000AF018FA102185F8420138460AF012FAC3
:102C9000002385F80261667885F84A0185F83A31A3
:102CA00031460F480AF0BEF9054631460D480AF094
:102CB000B9F9012D03D8002818BF0135EDB284F809
:102CC00098510025284684F8A151FFF7B3FE284605
:102CD000BDE8F0871220FBE70720F9E7B0350020B8
:102CE000F2360020FA360020064B10B5587801382D
:102CF00040B2002800DA10BDC4B22046FFF73CFE07
:102D0000601EF5E7B0350020014B83F8C301704722
:102D1000B0350020014B93F8C3017047B035002057
:102D2000431E4AF2B7129BB293429DBF024BA3F8D7
:102D3000C601012000207047B0350020014BB3F8D8
:102D4000C6017047B03500200A4B30B55C7884422C
:102D50000ED9184490F802012B3003EBC004A5797A
:102D60000D7053F8300010600120A388938030BDAF
:102D70000020FCE7B03500200246074810B590F867
:102D8000C34124B1417821B1023003F0DFFE204677
:102D900010BD0C46FBE700BFB03500202DE9F74F12
:102DA0002F4C9A46804689466378834256D9231829
:102DB00093F8425185F00105F9B193F84A31E3B92E
:102DC00045F002070135BAF1000F18D1FA070AD50C
:102DD000062104EB0810524601FB0841823001F540
:102DE0008571FFF775FEBB0734D504EB081052461A
:102DF00049460230FFF76CFE2CE02F46E3E794F8DB
:102E0000A1614FF0010B002DE0D0A31993F89911A7
:102E1000019399B90092DAB100F07AFC019B06EBBC
:102E20004601009A4FEA102C83F899B1214481F8A9
:102E3000A201000C81F8A3C181F8A401013694F825
:102E40009831013DB6FBF3F103FB1166F6B2DAE708
:102E500047F00407384603B0BDE8F08F0027F9E7D4
:102E6000B0350020074B5A78824209D91A1892F8D7
:102E700042212AB9062202FB003000F58570704716
:102E800000207047B0350020064B5A78824281BF3F
:102E90001B1893F83A01B0FA80F0400998BF00205F
:102EA000704700BFB0350020F8B50E460746062132
:102EB000154630460AF0FEF8044640B10A48294655
:102EC000427800F59D700CF081FB2046F8BD31463C
:102ED00038460AF0C3F808281FBF034B0124C01866
:102EE00080F83A51F1E700BFB035002030B500243A
:102EF00042F21075A0F84040B0F844404C43B4FB97
:102F0000F2F4A0F84440541E05FB0343B3FBF2F374
:102F1000A0F84230084BB3FBF2F30133A0F848307D
:102F2000838F05FB0344436B5943B4FBF2F4B1FBBD
:102F3000F2F28463426330BD005A620270B5044607
:102F40000D4651BB4FF434720CF040FB012384F862
:102F5000DE5084F88E306FF0360384F8D9300423C5
:102F600084F8DA306FF03B0384F8DB306F2384F8A9
:102F7000DC306FF03C0384F8DD30062384F8DF306A
:102F80002B2384F8D830FE2384F80E317F2384F875
:102F90008530202384F81C3270BD012917D100230D
:102FA000A0F8DC3180F8D3310D4BC26913441146CF
:102FB000B3FBF2F3C0F8B03040F6B833A0F8B43049
:102FC000C38C04F17800BDE87040FFF78FBF022981
:102FD000E2D1B0F8A632D0F8A022C169F1E700BF73
:102FE0007FC3C901034B80F874101B680BB10088C4
:102FF00018477047D8210020074B93F90030184438
:10300000142804DC10F17F0F03DB40B2704714205A
:1030100070476FF07E007047783700207F2307B538
:103020000DF107008DF8073004F02CFE9DF90730F4
:1030300068B10A4A5078404240B21844142808DC6B
:1030400010F17F0F07DB40B203B05DF804FB1846B8
:10305000FAE71420F8E76FF07E00F5E778370020F4
:10306000024B00221A705A70704700BF7837002058
:10307000054B1B7833B9054B1A681B790260037145
:1030800001207047002070477A370020202100205F
:10309000054BFF221A70054A016811600179117110
:1030A00000221A70704700BF7A37002020210020CC
:1030B000064B07B518681B79009068468DF80430F8
:1030C000FFF7E6FF03B05DF804FB00BFDA6A040017
:1030D0000346407898B1DB783C2B05D8084AD35C8E
:1030E0001B1A58425841704703F11602D2B2042A03
:1030F00004D8034A134413F8AD3CF1E701207047AC
:10310000200C04003C2908B5C17003D80B4B5B5C54
:10311000437008BD01F11603DBB2042B04D8074B42
:10312000194411F8AD3CF3E7FF2904D040F25941AE
:103130002A20FBF741FF0123EAE700BF200C04002F
:103140002DE9F04385B089461446984602A909F056
:1031500099FF054600283DD1039E34B9012486F825
:103160008D40204605B0BDE8F0837769214638469A
:1031700008F013F8014678B3194B5B88A3422DD3AE
:1031800001AA384608F061F996F88D300198002BB5
:103190000CBF494602210AF08AFA019822464146AC
:1031A000033007F075FA2146384608F03BF804462C
:1031B00018B97D212B20FBF7FFFE9DF808302BB1BD
:1031C00002A80AF08AFB039BA3F8CA51002386F8E1
:1031D0008D30C6E70124C4E70446C2E72C46C0E7A9
:1031E0007C370020024B987FC04300F001007047FD
:1031F0007C370020034B987F80F00200C0F3400032
:10320000704700BF7C37002083230B70014B1B7875
:10321000CB7070479C3700202DE9F74387698146C2
:103220000D46384608F003F9014618B9FC21102074
:10323000FBF7C2FE01AA384608F007F9064610B9A6
:103240004FF48071F3E7019BB9F8000003F1030824
:103250001D4B1B687BB9B9F800300198AB80002387
:10326000EE806B720AF02BFA01280ED002280CD0E7
:103270004FF48D71DBE732464146984704460028FB
:10328000E9D1204603B0BDE8F0832872384608F043
:10329000E4F8044610B940F22311C8E7FB2E02D926
:1032A0004FF49671C3E7286810B940F22D11BEE7BC
:1032B0003246414607F0ECF9384608F016F8002887
:1032C000DFD140F23111B2E7E02100202DE9F347D0
:1032D00006460D460527DFF86C81DFF86C912B69F7
:1032E0004BB11B7A1BB97E211020FBF765FE2C69C0
:1032F00094B9002066E06C68237A012BF9D0EFF3D3
:10330000108372B66A6812686A6003B962B62C618B
:10331000237A0BB9A421E7E794F808A05FFA8AFAA8
:1033200027720AF1FF330B2B77D8DFE803F073061F
:103330001027703D4E3D3D3D3D61636813B94FF42C
:10334000D471D1E731462046984704201EE06368D7
:1033500013B940F2B111C7E73146204698470346FA
:10336000ADF80400C0B2C3F30723012B58D0022BE1
:103370000CD100232B610028B1D023E0636813B97E
:1033800040F2B911B0E7204698470020EFF31083D0
:1033900072B6227A052AD1B24AD1002222722A615B
:1033A000002BE8D162B6E6E7D9F80030002BECD06C
:1033B0005246314660689847BAF10A0FC5D10023DA
:1033C0002B61042002B0BDE8F08763680BB9B3211C
:1033D0008AE70D2200243270012219885869B270E0
:1033E000A6F803107271B47107F07FFF2C61E8E753
:1033F000606810B940F2E11176E7D8F80030314644
:103400009847034660B1002302202B61DAE74FF4AE
:10341000F97169E740F2F51166E74FF4FC7163E773
:1034200084F808A00028CDD1002B7FF458AF60E7C6
:1034300011B940F2192157E7002B7FF450AF62B663
:103440004DE700BFDC210020E421002070B5144CC2
:1034500014260021231D324618460CF0B7F8034607
:103460000125257404333246002104F11800C4E913
:1034700001330CF0ABF884F8245004F11C03094A22
:10348000C4E906330023E362236384F83430C4F8CC
:103490003530C4F8393084F83D30136070BD00BF5A
:1034A0009C370020E021002010B5084C2378FF2B2A
:1034B00004D04FF49D711020FBF77EFD07F000F85B
:1034C0002070BDE81040FFF7C1BF00BF25210020DC
:1034D00010B5034C207807F00FF8FF23237010BDC0
:1034E00025210020014B187807F016B8252100206F
:1034F000014B024A1A607047DC210020193201009A
:1035000010B506490446FFF7E1FE28B920460449F4
:10351000BDE81040FFF7DABE10BD00BFB437002091
:10352000A0370020134610B5027A22B140F295214F
:103530001020FBF741FD0A4601460248BDE8104055
:103540000AF0F4B9A0370020044890F834301BB9D1
:1035500003492C300AF007BA704700BF9C3700209F
:103560001FD901000346064890F83E203AB190F872
:103570003D2022B9034900F8353B0AF0F4B9704701
:103580009C370020093201000A4610B5037A23B1A6
:1035900040F29D211020FBF70FFD01460723024852
:1035A000BDE810400AF0C2B9B43700201346027AD1
:1035B0000AB1037270470A46014601480AF0B6B9DB
:1035C000A03700201B234FF01B12838403848261E9
:1035D0008382C260038541B94FF4A473094AC3844E
:1035E0004384C261C382026170474FF429634FF480
:1035F000A472C384438403F12963C282C36103615B
:10360000704700BF4801480103460846B3F85820F8
:10361000B3F84C10B3F842C08A42F0B493F86D404E
:1036200028BF0A46B3F85060B3F85A10033CB3F809
:103630004870B142E4B2B3F8465028BF3146012C7D
:10364000A3F842208BBFB3F84A604FF429660C46BA
:103650004FF429649742A3F8464038BF17468E427C
:1036600038BF0E469445A3F84870A3F84A6026D1A7
:103670002C1B18BF0124B3F85420B3F84E50B3F8F4
:1036800040609542B3F8441028BF154693F86C206B
:10369000033A012A15D9B3F85220B3F85670BA424A
:1036A00028BF3A46AE42A3F84050A3F8442002D1C6
:1036B000914200D144B10549F0BC0AF05DB9012442
:1036C000D9E74FF42962EDE7F0BC70477FD90100DC
:1036D0000B8BA2F809001046A2F80B304B8BA2F816
:1036E0000D308B8BA2F80F30CB8B0249A2F8113032
:1036F0000AF03CB9E1D90100014B1878704700BFCE
:10370000DB370020014B1878704700BF26210020CE
:10371000094AD2E90003434083EAB01181EA432118
:103720004FEAF34311605360044B58434FEAF06093
:1037300000EB8000704700BFDC370020BB79379E6C
:10374000094AD2E90003434083EAB01181EA4321E8
:103750004FEAF34311605360044B58434FEAF06063
:1037600000EB8000704700BF28210020BB79379E06
:1037700010B50A4C08210948FBF76AFED4E900237A
:103780001343F7D0064CFFF7DBFF2060FFF7D8FFAD
:10379000236860600343F6D010BD00BF28210020DD
:1037A000DC370020174B184A9A60184A5A60184AAA
:1037B0001A60184A9A62184ADA62184ADA60184A95
:1037C0009A61184A1A63184A1A62184ADA64184A3F
:1037D0009A64184A5A62184B184A9A60184A5A62F0
:1037E000184ADA62184A1A61184A5A61184A9A61E4
:1037F000184A1A63184A9A64184ADA64184A9A638B
:10380000704700BFE8210020DBDC010011DD010072
:1038100089DD010067DF0100D9DF0100ED3E010015
:10382000EFDF0100D141010045400100A9E00100A6
:10383000D1E00100A1400100F0220020FDDC0100E8
:103840006DE0010011E00100B5DF010035E001008D
:10385000953F010077E1010017E1010005E101005A
:1038600053E00100044B054A5A65054B054A1A65A9
:10387000054A5A65704700BFE8210020E5DE0100D7
:10388000F0220020CBDE010013DF0100054B064AC9
:103890009A65064A1A66064B064A9A65064ADA652A
:1038A000704700BFE82100201BCF010071250100F7
:1038B000F0220020F1CD0100C3CF01003A2A73B5F8
:1038C00005460C463ED83A2A45D8DFE812F04900B2
:1038D0008D009700A300BB00A100A100CA00CC008E
:1038E000D200A100A100D700E200CC0044004400B7
:1038F000E600A100A1000101010108010F011B0167
:10390000440044003A01570164016A0170017B01DF
:103910007D017F0181018C019401C301C501440037
:1039200044009C0144004400B501AB01AD01AF016E
:10393000B101B701BB01B901BF01A1004400BD0144
:10394000B301C101EB2A00F08B81FF2A00F08A81CC
:10395000EA2A00F0838140F266415120FBF72CFBFC
:10396000416841F27070D1F80C32B1F80622A3F52B
:103970007A7585420CD84FF47A70B3FBF0F303F5F7
:1039800050639BB26420B2FBF0F20120D2B20DE092
:1039900040F2E2406FF45065B3FBF0F39BB25D1967
:1039A000062DEFD9B2FBF0F20020D2B22271D1F88D
:1039B0000822B0B16420E3711B0AB2FBF0F292B2AC
:1039C000237220466271120AA271B1F8103263723A
:1039D0001B0AA372B1F8121202B0BDE8704009F0E0
:1039E00096BE40F2E240E6E743682046D3F8F8117D
:1039F000013102B0BDE8704009F0BDBE02784368F5
:103A0000012A02D193F8103101E093F819312371A2
:103A100002B070BD4568204605F5107109F0BAFE88
:103A200005F51271204609F0BFFE05F50871204624
:103A300009F0C0FED5F80011204602B0BDE8704084
:103A400009F0C6BE4168204601F5F37109F0C6FED3
:103A50006B682046D3F8041102B0BDE8704009F04D
:103A6000BFBE4368CEE7084602B0BDE8704000F034
:103A700069BB02B0BDE8704000F074BB0E230B714F
:103A800059234B7100238B71F323CB7130230B72BD
:103A9000BEE7436893F80A31B9E7037846687BB913
:103AA00096F8103163B196F80D11204609F003FF26
:103AB00096F80C11204602B0BDE8704009F0FFBE38
:103AC00096F80B11204609F0F6FE96F80A11F1E778
:103AD0004168204602B0BDE870400AF0E6B843688D
:103AE00093F82621227193F8273109E0436893F86F
:103AF0002421012AF4D093F868200A7193F86930E0
:103B0000637185E7456895F8030209F0FCF9014601
:103B1000204609F0BBFE95F80202C31E012B07D810
:103B200095F86C30DA1E012A02D8984218BF00209E
:103B300009F0E9F90146204602B0BDE8704009F0FD
:103B4000A1BE45680023204601218DF8043009F00C
:103B5000BAFD2A7C01A96B7C2046032A03F01F03CF
:103B600008BF002243EA82139DF8042002F02002DD
:103B700013438DF8043009F0B3FD49E74368112180
:103B80001888FBF7F9FE00F15B01204602B0BDE8A2
:103B9000704009F054BE084602B0BDE870400BF01A
:103BA0006DB8084602B0BDE870400BF06FB8334BFB
:103BB0001B68002B3FF42CAF2946204602B0BDE81D
:103BC000704018472E4BF3E72E4BF1E72E4BEFE7F3
:103BD0002E4B1B68002B3FF41BAF0246232002B084
:103BE000BDE870401847294B1B68002B3FF410AF0D
:103BF00002462420F3E7254B1B68002B3FF408AF57
:103C000002462520EBE7436811211888FBF7B4FE34
:103C100000F17D0200F15B01204602B0BDE870407A
:103C200009F019BE1A4BC3E71A4BC1E71A4BBFE79D
:103C30001A4BBDE71A4BBBE71A4BB9E71A4BB7E76C
:103C40001A4BB5E71A4BB3E71A4BB1E71A4BAFE77C
:103C50001A4BADE71A4BABE71A4BA9E71A4BA7E78C
:103C60001A4BA5E74368204693F88F22D3F89012A9
:103C700002B0BDE8704009F036BD00BFFC23002053
:103C800000240020F82300200424002048240020E1
:103C9000082400200C2400201424002018240020D4
:103CA000282400202C240020202400201C24002074
:103CB000242400201024002030240020342400205C
:103CC00044240020402400203C24002038240020EC
:103CD0003C2803D8064B53F82000704700F1160328
:103CE000DBB2042B01D8AD38F4E70020704700BFE9
:103CF000E82100203C2803D8064B53F820007047E9
:103D000000F11603DBB2042B01D8AD38F4E7002034
:103D1000704700BFF022002030F8023CF7B504469F
:103D20000E467BB100238DF804308DF8053000205D
:103D30009DF8043063F307009DF8053063F30F200E
:103D400003B0F0BD1B4B30F8A05C1B680BB12838EA
:103D50009847194B1B680BB128469847174B1B68AF
:103D60000BB1284698470A230027A6F80350337062
:103D7000B770637A54F8880C737107F0C8FA18B9F1
:103D8000B1216320FBF718F92846FEF703FD3946F9
:103D90002846FBF707FE02212846FBF703FE18B969
:103DA000074B1B6803B1984704238DF804300223A6
:103DB000BBE700BF50240020582400204C240020E2
:103DC00054240020F7B5456804464FF6FF776E6926
:103DD0000DF102010DF101023046ADF8027007F05D
:103DE0003DFA01A9304607F05BFA40B1019807F0AF
:103DF00032FB616800220272FFF7C6FBE8E7044964
:103E000005F1A00003B0BDE8F04009F0AFBD00BF70
:103E1000193D0100F0B5044685B00D46FF2600F8B7
:103E2000C16C10F8C23CF3B1184F3B781BB148216C
:103E30001F20FBF7C1F80C21381DFBF709FB3E7072
:103E4000002304F8C13C09232A4602F8033BD4F8B6
:103E50000930C5F80330D4F80D305360D4F8113070
:103E6000936005B0F0BD01A80C21FBF7F1FAA4F5B1
:103E70002C73039AC3F8042101AB03CB44F8CA0C9A
:103E800044F8C61C04F8C26CDAE700BFE43700202F
:103E900010B5054C23782BB90C21201DFBF7D8FA5F
:103EA000FF23237010BD00BFE4370020024690F8C6
:103EB000EE31BBB990F8EF3103F0FF010BB10020F8
:103EC0007047094B18780028F9D01970D968043365
:103ED000C2F8041103CBC2F8E601C2F8EA11FF23CD
:103EE00082F8EE3101207047E4370020426870B557
:103EF00092F8873004460D463BB1142B05D0123B97
:103F00000B2B94BF0820012070BDD2F8143183BB65
:103F100092F8C83013B9204609F07AFE6168284645
:103F200001F5EF7109F04DFC2846666809F053FC75
:103F30006168C6F8000128460B8801F2BB2121F810
:103F4000023C09F02CFC6168284601F2C32109F00B
:103F50002EFC6368002583F8EE5160680C4900F57B
:103F60002C7009F000FD63681622284683F887202C
:103F7000CAE70C220321204609F06DFE6368322255
:103F8000204683F8872009F043FE0020BCE700BFED
:103F9000153E010038B54368044693F887201D2A72
:103FA00004D04FF4DE711F20FBF706F8002293F8CF
:103FB000C8101D8803F5D37083F8C72069B10B4979
:103FC00083F8C820A3F8B05183F8AF2109F0CBFCE7
:103FD0006368002283F8872038BD012283F8AF117F
:103FE000A3F8B051024983F8B221EFE753DF010093
:103FF00045DF01000B46072210B503F8032B0446EA
:10400000D0F80920C1F80320D0F80D205A60B0F88C
:1040100011201A81C27C9A7210F8483C7BB1084B7F
:104020001B681BB935211C20FAF7C6FFA0F5C0722A
:10403000A0F5847168389847002304F8483C10BD07
:104040005C24002038B50578446825B994F8873099
:1040500023B1012518E0A36FDB07FAD44A680E4BA1
:10406000896813400D4AC4F8D830C3F307630A4087
:1040700043F00803C4F8DC2084F8DB3009F0C8FD05
:1040800025B9042384F88730284638BDA36F00255E
:1040900043F00103A367F7E72FC904F76FDB0006BE
:1040A000436870B593F88620042A30D14C681A4AC8
:1040B0008E6822400578194CC3F8D820C2F30762F5
:1040C000344042F00802C3F8DC4083F8DB200022D1
:1040D00083F8C22083F8862015B9426882F82B51F4
:1040E00093F8882102F0FF049AB91A8803F5C0708A
:1040F00083F88941A3F88A214A68C3F88C218A6829
:104100000749C3F8902109F02EFC204670BD012418
:10411000FBE70024F9E700BF2FC904F76FDB0006B7
:10412000F53F0100406890F8883143B9038800F5F5
:10413000C070034943811A23437209F014BC7047CD
:10414000F53F010010B50446FEF7AEF9034A044BF3
:1041500002400B406260A36010BD00BF2FC904F78E
:104160006FDB000637B50C464568FEF79DF9084B36
:10417000084A03400A4095F8D81000930B4001927A
:104180008DF800306B4603CB6060A16003B030BD9A
:104190002FC904F76FDB0006DB0410B5144604D505
:1041A000037D13B10023436310BD436B01334363AD
:1041B00009F0C2FFD0E90D239A42F5D30023034949
:1041C00043632046BDE8104009F0D6BB9BE00100E8
:1041D000F8B5446805460E46077894F88630012BFA
:1041E00008D027B994F8873023B1012040E0A36FAD
:1041F0009A07FAD494F8C9309B0719D4304609F0CD
:10420000F1FA84F8D300B6F80530A4F8D430B6F843
:104210000730A4F8D63094F8C93043F00202D8072A
:1042200084F8C92010D5174904F1CA0009F0A4FB8D
:1042300094F8C930D90712D4DFB994F8873043B164
:1042400050214020FAF7B8FE94F82A31002BEAD129
:10425000EEE7012384F88730284609F0D9FC94F86A
:1042600086300020012B03D184F8860084F8C20038
:10427000F8BDA36F9A0701D55521E2E743F0020389
:10428000A367E9E759E1010070B545680446FEF708
:10429000C5FE054B014685F885001B681BB120460D
:1042A000BDE87040184770BD64240020024B1B68B5
:1042B00003B11847704700BF60240020F0B5204EBE
:1042C000054600243078147080B1431E7768DBB255
:1042D000181B01280BDC07EBC40057F8346040685A
:1042E000884208BFAE4212D114700120F0BD1819E7
:1042F0004610C0F3470057F836C007EBC60EAC4572
:10430000DEF804608E412CBF03460446E0E7B54268
:1043100071EB000002D214700020E7E707EBC30046
:1043200057F833404068884208BFAC4201D113704F
:10433000DBE7A542814128BF01331370ECE700BFE2
:104340000438002010F0070208B503D0632148208C
:10435000FAF732FE18B1034B197258601A70C80090
:1043600008BD00BF04380020014B00221A707047BE
:1043700004380020014B187A704700BF0438002031
:104380002DE9D34309F021FF0DF1070207460E4640
:10439000FFF794FF98B9114C2278237A93420ED0FC
:1043A000616813466FF0604E9DF80700984209D38C
:1043B00001EBC003013201202270C3E9007602B094
:1043C000BDE8D08303EB0E00013B01EBC000DBB284
:1043D000D0E90089C0E90289E6E700BF043800207F
:1043E00037B509F0F2FE0DF10702FFF767FF04464B
:1043F000A0B10C4A9DF8070013785568411C013B99
:1044000005EBC101DBB213701A1AD2B2D20083429B
:1044100038BF002205EBC0000BF0C0F8204603B007
:1044200030BD00BF043800200A460648822302F847
:10443000033B0368C1F803304368536083689360AB
:10444000704700BF0D3800201622002101480BF0F4
:10445000BDB800BF0D38002017B402AB03E903005C
:104460001B48437D83B30B469DF8001009BB93F8AE
:104470006C10184A52F821204FF47A7102F2E73298
:10448000B2FBF1F2D3E970146E3144F1000452181A
:10449000198844F10004426001808460B3F88030E0
:1044A00002220D490C3020F80A3C03B010BCFFF783
:1044B0007DB8520608D51A880280D3F8402242609F
:1044C000D3F844228260E9E703B010BC704700BF14
:1044D0000D3800209C0C0400294401000F4B4FF4C0
:1044E0007A72042953F8213010B503F2E73300F152
:1044F000FF34B3FBF2F34FEAC41409D003290AD006
:1045000002290CBF6022F022234400FB023010BDC0
:104510004FF4D262F8E740F2BE22F5E7B00C040097
:10452000264B1A6810B5D2F80F300362537D117D07
:104530001B0443EA0123D17C0B436FF45061836277
:10454000B2F81930591806298DBF40F2E241A3F59F
:1045500050634FF47A714B438EBF00214B430121CE
:10456000C36180F87610937DD9B103EB830303EB2D
:1045700083039B000386B2F81730D9B164214B4303
:10458000C362B2F81B308384B2F81D30C38492F842
:10459000243003F01F025B0980F89A2080F8C031B4
:1045A00010BDC3EB431403EB840303EB83035B00F5
:1045B0009BB2DFE740F2E241E1E700BF2438002090
:1045C00038B5074D044600F16901286808F0ECFE93
:1045D00094F868102868BDE8384008F0F3BE00BFC2
:1045E00024380020D0F88030F7B50BB101221A60D2
:1045F0004388DB0727D50023056A144E05F10A0717
:10460000CDE9003302238DF80630FF2386F82030F1
:104610006846FBF7EBF9B0B9009CA542F8D03B46E1
:104620006A7A04F10A01607A08F0DEFC0028EFD013
:10463000A37886F82030D4F80330C6F82130044B34
:10464000B4F807209A8003B0F0BD00BF24380020E2
:104650004538002038B5084D044600F169010623AD
:104660002868002208F0C7FF94F868102868BDE8A1
:10467000384008F0A7BE00BF24380020F8B5044633
:104680000E461346807F6588324615F0040118BF38
:1046900004F17701FEF782FBC20705460BD5012323
:1046A000A07F84F86830FEF7DDFB0368C4F869304A
:1046B0008388A4F86D30AB070CD50127084E04F1B0
:1046C0007701306884F8767008F075FE39463068F6
:1046D00008F081FE85F00400C0F38000F8BD00BF43
:1046E0002438002010B50446084694F8D8306BBB37
:1046F0002378082904F1DB0284F8D93016D004F1BC
:10470000DA01FEF721FB20B940F61A712D20FAF7E5
:1047100053FC94F8DA3043F0020384F8DA3004F101
:10472000D0000B49BDE8104009F01DB9094B1868CD
:10473000034613F8031BC1F3801184F8DA10D0F894
:104740000310C4F8DB109B889380E8E710BD00BF1E
:104750000DE201002438002070B504460E461546CF
:10476000FDF780FE98B92378A4F8C16084F8C030C2
:10477000637C84F8BF500BB194F8483004F1B60064
:1047800084F8C3300249BDE8704009F0ECB870BD50
:1047900025E6010038B5B0F848300446184D01331D
:1047A000A0F84830AB7C2BB103F05EFA02F028FA97
:1047B0000023AB7400232B7194F889302BB10121B5
:1047C0002046BDE8384007F0EDB9637CB3B1B4F8DA
:1047D00048209A4212D30121204607F0E3F963886A
:1047E0002046DB0747BF236A432243224FF6FF716F
:1047F00048BF1988BDE83840FFF7AEBF0021DFE7AA
:104800002438002010B5094C2379012B02D02379DC
:10481000022B05D1A37C1BB103F026FA02F0F0F9BC
:10482000A06ABDE81040FFF7B5BF00BF24380020E4
:104830000346074A906A03B909B9FFF7ABBF13797A
:10484000D26A03F180431269033B52F823301847C0
:104850002438002003292DE9F043054685B0904611
:104860007BD090F888300529DBB202D14288D60788
:1048700060D5002B5ED10127DFF8E89099F812602F
:10488000B6B108F0F5FB082888F8000014D002AA99
:104890000DF10701FEF758FA20B940F6A4612D206A
:1048A000FAF78AFB02A99DF8070009F09AFC064670
:1048B00098F80030082B08D1D9F8001011F8030B34
:1048C000C0F3801009F08DFC0646D9F8001005F100
:1048D000700395F86F2011F8030BC0F3801008F0F7
:1048E00083FBD9F80010044611F8030BC0F38010C5
:1048F00008F0B4FB8146FEF7C7FA014640B1B9F1B2
:10490000080F1BD04846FEF743F980F00101C9B2F9
:1049100098F80000082815D094B9AB7F1C1A6042A3
:1049200060416B885A0706D421B996B92B7D93B1A3
:10493000BB4210D0002005B0BDE8F0830021E7E7BE
:104940000120EEE714B181F00104E4B204F00100AB
:10495000E7E73046EFE70120EDE743889B07E9D51D
:10496000022789E7243800202DE9F341444C2379BC
:10497000012B07D02379022B04D040F638412D209B
:10498000FAF71AFBA26A176A0FB197F87570A8B9FF
:104990000125A37C1BB103F067F902F031F9002D6A
:1049A0006BD0A06A07F0E0F8002860D002F0EEFFBC
:1049B000E36A9B6802B0BDE8F0411847216802F144
:1049C000690392F8682011F8096BF00908F00CFBF4
:1049D0000028DDD006F00F062068052E2CD190F8B7
:1049E000243003F01F03102B26D9D4F8288098F820
:1049F00012500DB308230DF10702314640468DF8E1
:104A00000730FFF727FF0028C3D098F8E930002BC4
:104A1000BFD1226808F1EA01D31C233253F8040BFA
:104A2000934241F8040BF9D11B8808F1E1000B8097
:104A3000144908F098FFACE7394608F0F1FC00286B
:104A4000A6D02379A06A012B05D02379022B02D0AE
:104A500040F6114193E723793146E26A03F180433E
:104A60005269013B52F823309847054691E7A06A06
:104A700002B0BDE8F041FFF78DBE02B0BDE8F081A5
:104A80002438002025E201002DE9FF4708230DF11D
:104A90000702052104468DF80730FFF7DBFE0546C7
:104AA00020B90025284604B0BDE8F087FCF776FF62
:104AB00006460028F5D1DFF8EC80216AD8F80020FE
:104AC00091F88E30104610F8037B03EA571303F079
:104AD000010381F88E30D2F80330C1F803308388A7
:104AE000A1F807301346276A13F81F1BC1F3801182
:104AF000B970D2F81F001B79029038468DF80C303F
:104B0000FFF70EFD276A02A994F913A007F18E00A2
:104B100008F098FB40F20113A7F86C304FF0FF0942
:104B200087F86E90314607F13400FEF74BFD514691
:104B30003846FEF757FA216A84F8956020460B88BC
:104B40009DF80720A4F896304FF6FF7384F8B390D1
:104B5000A4F8B43009F0FFFC134904F18C0008F00C
:104B600002FFFDF77FFC60B9236A04F1C4000F491E
:104B70001A88A4F8CD2093F88E3084F8CF3008F04E
:104B8000F2FE236A002220461988FFF7E5FD084B54
:104B900000221B6888F80420002B83D02146206A5D
:104BA00098477FE724380020F3E40100F7E1010093
:104BB00098240020032973B5044604D005292BD07E
:104BC000012002B070BD08230DF107028DF80730F7
:104BD000FFF740FE0028F3D0237C23B19DF8071097
:104BE0002046FFF77FFD114D0622042620462B6844
:104BF0005A701E70FFF7E4FC94F85C20A16D2868E1
:104C000008F0FFFB28682E7102F0A2FF286800213F
:104C10000AF09CF80020D4E7054B1B6823B19847A5
:104C200080F00100C0B2CCE71846CAE72438002063
:104C300094240020F8B504460F4619B300F130055E
:104C4000284609F0BAFEA0B963881A072ED528466F
:104C500009F0C8FE0646284609F0AFFE301AC0B279
:104C600009F0CEFE464A936803442846936009F053
:104C700083FE284609F085FE02F006FE21792520F4
:104C800002F020FD3E4D002394F876202868037042
:104C900043706388103B0D2B62D8DFE803F05D6141
:104CA000590C614461616161616161442046BDE804
:104CB000F840FFF76FBD06234370202303702046A2
:104CC000FFF77EFC638823F008039BB2152B05D009
:104CD00094F85420216D286808F084FB286802F0BD
:104CE00037FF002128680AF031F8032321790020DA
:104CF0002B7102F0CFFD064607B9E86063881B07F9
:104D000004D509F07AFE0644C4F820616388103B9C
:104D10000D2B30D8DFE803F0322F29292F292F2F30
:104D20002F2F2F2F2F290C2343702123037042B1E3
:104D300004F1770108F03FFB0121286808F04BFBE4
:104D4000BDE704F1700108F036FB94F86F10F4E74A
:104D5000062303704370B2E7022303700623F9E7CA
:104D600040F21F612D20FAF727F921790120BDE8D3
:104D7000F84002F093BF40F6AB41F3E7F8BD00BF47
:104D80002438002038B543880446102B04D1012173
:104D9000BDE83840FFF74EBF0B4DAB7C23B101F0AF
:104DA00007FF402002F054FF286802F0D1FE60881F
:104DB00010F0040002D1217902F070FF002002F00F
:104DC0000DFF01232B7138BD24380020024B012137
:104DD000986AFFF72FBF00BF2438002010B5154C8C
:104DE000A37C1BB102F040FF01F00AFFA06A06F0AD
:104DF000BBFE20B1A06A438803F0180323B9A06A60
:104E0000BDE81040FFF7C6BC2379012B07D02379FA
:104E1000022B04D040F63B312D20FAF7CDF8237950
:104E2000E26A03F18043D268013BBDE8104052F8CA
:104E30002330184724380020094810B5037903F0BF
:104E4000FF0453B92422214604300AF0BFFB02F0CC
:104E50000BFF01F0D5FE204610BD0C24FBE700BF80
:104E60002438002010B50023084C23712060FFF780
:104E7000E3FF20B140F2EA212D20FAF79DF8E36A22
:104E800013B940F2ED21F7E710BD00BF2438002030
:104E9000014B024ADA62704724380020782400204F
:104EA000044B054A1A60054B054A1A60054B064A31
:104EB0001A60704794240020894A01009824002039
:104EC000511601009024002075510100F8B5467D6F
:104ED0000446B31EDBB2012B8CBF0027012796B31B
:104EE000023E18BF0126012B2DD800F1700190F869
:104EF0006F0008F0B3F8054663889B0605D4082DBB
:104F00002CD02846FDF750FE40BBA577677784F884
:104F10006860FDF713FF05460AF0C0F9164B002242
:104F2000A5FB033584F876201B18204645EB0105C8
:104F30001146C4E91835FFF7A1FB70B940F275417D
:104F40002D20FAF739F80825D6E704F16901304633
:104F5000FDF7B6FC0028D8D10020F8BD002EF4D013
:104F6000237F002BF8D0D4F81630C4F86930638B57
:104F7000A4F86D30C9E700BF40420F002DE9F04FA3
:104F800007469BB00C4605460EAE0FCF0FC60FCF9F
:104F90000FC697E80F0086E80F0006A86E7909F0A3
:104FA000D1FCA37A61780293237801F07F08039300
:104FB000237D013BDBB2022B00F288806C4AC906DC
:104FC00013441F7E06D4A37D013BDBB2022B7DD8A8
:104FD00013441E7E637E03F0FD03012B02D1042FD8
:104FE00008BF0327A37E03F0FD03012B02D1042E8B
:104FF00008BF0326617A06A809F0ABFC237D227F57
:1050000006A8022B02F101020CBF617D0121D2B280
:1050100004BF0131C9B209F09EFC18F0080F6CD131
:1050200006A809F0DFFC63788246DA0653D4FAF763
:10503000D9FD814639465046FFF750FA0123014613
:1050400032464846CDF8008009F0FBF840F2712165
:10505000227900F29920E378B0FBF1F043EA0223D1
:105060006279484343EA02434B43984238D84FF0B1
:10507000000B94F818A00593A37CE86C04930AF144
:10508000FF33D3F1000A4AEB030A06F071FB8146B5
:10509000E86C06F07DFB059B484538BF48460DF19E
:1050A000180980B260B308A9CDF82090ADF824802B
:1050B0008DF830708DF83160CDE90A3B09F0F1F9D7
:1050C000059BE8B945201BB0BDE8F08F40F2563192
:1050D0000620F9F771FF2822414600F0E1F9B5E713
:1050E000E379A27942EA0322237A42EA034201FBEE
:1050F00002F3984298BF0346B9E700239B46B8E7FE
:10510000CDE9103B049B039A8DF84C308DF83C7030
:105110000EAF029B8DF83D602E468DF848A08DF8AD
:105120004D308DF83820ADF83A800FCF0FC60FCF35
:105130000FC697E80F0086E80F0099E80300286380
:105140000020A986E37A13F0FD0F14BF012300238A
:1051500085F86F30E3682B67238AA5F8743095F8DB
:105160004630E27D62F3071385F84630ABE700BFB7
:10517000B00C04002DE9FF4708230DF107020521BB
:1051800004468DF80730FFF765FB002800F0928099
:10519000FCF704FC002840F08D80484D206AFFF7A2
:1051A000BFF92B68D3F81F0093F8232002908DF8E5
:1051B0000C20226AD3F80310C2F80310B3F80710CA
:1051C000A2F807101B78206AC3F3801383703C4B4E
:1051D0001B6813B1012221469847266A0E232868CE
:1051E0004FF00808B7780021437080F8008008F07D
:1051F00021FA00224FF00301286808F022FA204625
:10520000FFF728FA3946286808F0E5F80623012256
:10521000F11C286808F0EFF96179FF2002F052FADA
:10522000286802F095FC2868002109F08FFD266AA5
:105230002046314609F017FB07460DEB080106F141
:105240008E0094F913A007F0FDFF86F86C7086F8C5
:105250006D704FF0FF0986F86E90F91E06F134006C
:1052600001298CBF00210121FEF7ACF951463046DF
:10527000FDF7B8FE216A00239DF80720204684F838
:1052800095300B8884F8B390A4F896304FF6FF73EE
:10529000A4F8B43009F05FF9236A1A8885F804800D
:1052A000A4F8CD2093F88E3084F8CF30012004B0DC
:1052B000BDE8F0872046FFF76DFAF7E724380020B5
:1052C000982400202DE9FF41564E0446327902F021
:1052D000FF0312B90278FF2A04D140F6A2112D2053
:1052E000F9F76AFE3382B3607371B37180F8893065
:1052F0004D4B684604F1300500934C4B01934C4BE9
:105300000293F36A5B68039302F00CFC02F02CFA40
:1053100002F0AAFC01F074FC464802F08FFA4648FD
:1053200002F0FAFB284609F027FB284609F029FB82
:1053300002F0AAFA2179252002F0C4F994F91300A9
:1053400002F076FA04F15001E06C06F0A0F907468D
:1053500004F15801E06C06F0C1F980461FB194F8E1
:105360002430002B38D1B8F1000F37D094F82550F5
:10537000637F13B963885B0709D56FF00043D4E9F5
:1053800018129A4208BFB1F1FF3F29D185BB002F07
:1053900008BF474694F88B3003B9AFB1638813F068
:1053A000100511D1606CC0F30B2009F067FA94F876
:1053B000463084F84500C0F3032023F00F03184360
:1053C00084F8460084F88B5030680330FDF7D4FC35
:1053D000B07404B0BDE8F0810125C9E74546C7E7D0
:1053E00009F05CFFD4E91823904271EB0303CDD39D
:1053F0000122204605EA0201FFF740F968B1FDF7F6
:105400009DFC054609F04AFF0C4BA5FB03351B1814
:1054100045EB0105C4E91835B9E7002DB7D040F6D2
:10542000D7115CE724380020DD4D010069490100F7
:1054300031480100D6BE898E5555550040420F00B7
:10544000024B9862DB6A1B68184700BF24380020B3
:1054500043881A0710B504460ED5036A3C220F494B
:105460008C3042721B884381FF2380F827304FF62F
:10547000FF73038508F077FA63882046DB0747BF90
:10548000236A3C223C224FF6FF7148BF1988FFF780
:1054900063F9FF2384F8893010BD00BFF3E40100F5
:1054A0000138022808B503D9C3212F20F9F784FD5C
:1054B00013290A4B05D811290CD8102907D0D1215E
:1054C000F3E71529FBD103EB4003D88801E033F85B
:1054D000100008BD03EB40039889FAE7CC0C0400E8
:1054E000F8B52F4B40281A8842EA00021A8005D1ED
:1054F00004219868BDE8F840FCF71AB8802801D16B
:105500000521F6E700F00302032A04D140F60E213C
:105510003120F9F751FD10F0020418BFD960C5071A
:1055200005D5CA781961062A0DD00B2A18D02CB1DE
:10553000DA68D278052A1FD00B2A2AD0820644BF07
:1055400008221A75F8BD9A6892F887101929EED1C9
:10555000002600270121C2E9386782F88B10E6E7B0
:105560009A6892F88710132901BF002182F88B10E6
:10557000012182F8C810DAE79A6892F88710172993
:10558000DCD1002400250121C2E93A4582F88C10C3
:10559000D4E79A6892F887101229CFD10021F5E755
:1055A0005438002013B5044601A8FDF709F920B9C5
:1055B00040F60C013120F9F7FFFC50220021019840
:1055C0000AF004F80321019808F071F801982146C7
:1055D000037823F010030370FDF794FD2246019930
:1055E0000548FEF76BF9FDF701F910B940F6160111
:1055F000E0E702B010BD00BF5838002070B5274C5E
:10560000A36893F89A6293F89B52002E3FD193F8C7
:105610006C10002D3DD193F86D2083F86C1083F849
:105620006D20FF2283F86E201D4B1B680BB1A06814
:105630009847A36893F82431012B02D056EA05035A
:1056400003D000211748FCF763FFA068343008F04E
:1056500013FA0546A06800F24911FDF7D5FFA068CE
:105660000621FBF765FFA068343008F005FA854293
:10567000044610D203F038FB0146601B192838BFDE
:10568000192004F05FFCB0FA80F0400970BD31468B
:10569000BFE72A46C1E70120F8E700BF54380020E1
:1056A000BC2400205838002008B50C4B9B6893F8A8
:1056B0000E21FE2A04D040F61B013120F9F77CFCB4
:1056C00083F80E0111B9A3F8C41008BD0022A3F895
:1056D000BE20012283F8C220F7E700BF5438002023
:1056E0000D4A117D99B940B99068B0F85C10B0F8D6
:1056F000402091420BD8FBF791BE13881B0708D5B9
:10570000936893F88800083818BF0120704700207C
:1057100070470120704700BF5438002043689B6FDA
:1057200013F0300F2DE9F74304460D4652D10846D9
:1057300008F072F830B9E978204603B0BDE8F043CC
:1057400008F0A2BA2846666808F062F807462846BC
:10575000343608F059F88046284608F05BF8814650
:10576000284608F053F84B464246009039463046EA
:1057700008F0B7F9184B1A8892070FD5DA68D27873
:10578000142A0BD16268936F43F01003936720468D
:1057900008F03EFA002003B0BDE8F083626892F89A
:1057A00086101E29EED092F81B21002AEAD16268E9
:1057B00092F81A21002AE5D161688A6F42F020022E
:1057C0008A679A68114602F5A97231F8340BFDF721
:1057D0007FFFDCE70120DEE754380020154BDB6853
:1057E00010B51979436893F886200A2A09D193F8ED
:1057F00009218A4205D1002283F8862083F8C2203D
:1058000010BD9A6F12F0080406D022F00802BDE81D
:1058100010409A6708F00CBAFF2905D1342283F8AA
:105820008C4283F88620EBE740F204513120F9F7EF
:10583000C3FB00BF543800200029134608BF1F21B6
:10584000362810B51CD80D281CD9A0F10E02282A24
:1058500018D8DFE802F019171717191719171F19A9
:1058600017171717174217174817173B3B3B5217C5
:105870001717171717175A175A175A17175A5A0080
:10588000EA284BD0002010BD1A460021BDE8104088
:1058900009F003B9254CA36893F88620222A09D180
:1058A000201DFCF735FEA368002283F8862083F8CC
:1058B000C220E7E72F2AE5D193F88730A3F1210230
:1058C000062AF0D92F2BEED02A21E9E7184B1B68C6
:1058D000002BD7D0BDE810401847164B1B68002B93
:1058E000D0D01D20F6E7144B1B68002BCAD00A4607
:1058F00012482021BDE810401847114B1B68002BAF
:10590000C0D00E48BDE8104018470E4A1468002C5D
:10591000B8D00A46014618462346EBE70A4A126801
:10592000002AAFD01846BDE8104010475438002078
:10593000B8240020E0240020A024002058380020B3
:10594000F0240020AC240020D42400201C4B02466C
:1059500009799B6893F8860022281DD02F281BD038
:1059600029281BD004281BD010281BD01E281BD090
:1059700093F88730242B19D0302819D0352819D026
:10598000362807D0372817D03B2817D0412814BF16
:10599000FE203520FFF750BF1620FBE72320F9E754
:1059A0000E20F7E71220F5E71420F3E71720F1E7C0
:1059B0002620EFE72E20EDE73020EBE73220E9E765
:1059C0005438002038B50D7904464268362D92F8D7
:1059D00086305DD8222D06D8A5F10E02D0B20F2850
:1059E00030D9002038BD233D132DFAD801A252F83A
:1059F00025F000BFF35A0100E3590100E35901000B
:105A0000135B0100E3590100E3590100E359010070
:105A1000E3590100E3590100E3590100E359010092
:105A20002B5B0100E3590100595B0100E3590100C0
:105A30006D5B0100E3590100E3590100815B010046
:105A4000435B01000F2ACCD801A050F822F000BF20
:105A5000A95A0100E3590100E3590100E35901008B
:105A6000A95A0100E3590100A95A0100E3590100B4
:105A7000B75A0100A95A0100E3590100E359010096
:105A8000E3590100E3590100E3590100095B0100FA
:105A9000EA2D45D0FF2DA4D13E4B9B69002BA0D011
:105AA000012382F88E329CE7224628460121BDE878
:105AB000384008F0F2BF222B01D02F2B91D1204685
:105AC00008F09DF8636893F88720232A89D093F81B
:105AD000D9201A21204622F0010283F8D9206268D9
:105AE00092F8D93023F0080382F8D930FCF710FD82
:105AF00077E7292B7FF475AF274B1B68002B3FF40A
:105B000070AF204698476CE7332B7FF46AAF234B86
:105B1000F3E7234B1B68002B3FF463AF984760E724
:105B2000204B1B68002BF9D15BE7352B7FF459AF75
:105B30001D4B1B68002B3FF454AF2E212046984785
:105B40004FE7362B7FF44DAF174A1268002A3FF417
:105B500048AF1946904744E7372B7FF442AF124BCA
:105B60001B68002B3FF43DAF3021E7E73B2B7FF470
:105B700038AF0D4B1B68002B3FF433AF3221DDE70C
:105B8000412B7FF42EAF084B1B68002B3FF429AF4D
:105B90003521D3E754380020C0240020E42400201D
:105BA000E8240020D8240020B0240020F7B50546C2
:105BB000934C002840F0E08023881F0752D5A3684B
:105BC00093F80E21222A13D02A2A01D01C2A05D1AB
:105BD000002283F82C218B4808F011F8A36893F871
:105BE0000E21FE2A11D140F276513120F9F7E4F965
:105BF00083F82E01844B1B68002BECD0A06800F5C5
:105C0000977100F58A709847E5E7FE2283F80E2128
:105C100093F887201B2A08D100267A4883F8C760AA
:105C200008F006F8A36883F88760A36893F88620D5
:105C3000342A3BD0402A42D0212A0AD193F8872027
:105C4000A2F12101062901D92F2A2DD12F2283F873
:105C50008620A36893F88820082A02BF02222277B0
:105C600083F80E212388DE075AD5A368276993F8A5
:105C70008730123B0B2B0DD8FB78023BDBB2092B94
:105C800000F2BA80012202FA03F340F233321342E7
:105C900000F0B2803846FDF71BFAFE78B0B9314605
:105CA000584807F0F1FF89E02222D0E7012283F86B
:105CB0008D22002283F8862083F8C220C9E70022C3
:105CC00083F83D214F4807F09AFFC2E7012E01D922
:105CD000162E0FD1A36893F8860007F0C2FF48B1D3
:105CE000A36893F88620212A04D0222A40D12F22AB
:105CF00083F88620112E65D058D8072E64D00D2E3B
:105D000064D03046FDF7E4FF0346002853D1FF2E50
:105D10005ED1A369002B5BD0A368012283F88E2299
:105D20002388580706D5A26892F88820072A04BF5E
:105D30000122227799070FD5E368DE780D2E49D02E
:105D4000112E49D0072E49D03046FDF7D3FF034628
:105D5000002845D02B4898472388DA060CD5A3683D
:105D600093F887200B2A07D10C2283F8872003E0C1
:105D7000162E0CBF20250225237D1B0713D5A368F3
:105D800093F88730123B0B2B38D9002601A903204A
:105D90000196FAF78BFC019B2BB11E720C22A168B5
:105DA0000198FDF7BFFB284603B0F0BD142EA8D123
:105DB000164B1B6863B12169124898470028AFD081
:105DC0000546D9E7124BF6E7124BF4E7124BF2E720
:105DD000F97865E7114BBDE7114BBBE7114BB9E70C
:105DE000FF2E06D1A268342182F88C0282F8861038
:105DF000B2E740F26A51F8E60825BDE70825D2E788
:105E00005438002058380020A4240020DC2400202E
:105E100037EB0100C55901004D59010009EA0100A5
:105E200027EA0100DD570100024B0020986118624B
:105E3000704700BF5438002008B50022044B9A6117
:105E40001A62FDF7AFFCBDE80840FEF721B800BFBD
:105E500054380020024B9869003818BF0120704761
:105E6000543800202DE9F047814C0E4686B0074695
:105E7000B4F80080A16818F4007F01F178050CBF28
:105E8000B1F8B820002328460DBF0132A1F8B83080
:105E900081F8D731A1F8B82008F0DDFD28B14346DC
:105EA00001F5A0722846FEF777F9238803F4C06352
:105EB00043B1A06890F88A30002B00F0AF80032B2C
:105EC00000F0B280A168238891F88A20012A04D1C9
:105ED0001D0544BF022281F88A20002F40F0718105
:105EE000580657BFB1F8F0213A46013292B2A1F8F4
:105EF000F02103F00A020A2A0DD1E268D278022AC0
:105F000009D123F0080330462380FFF74FFE0643F4
:105F10000823F6B223803046FFF748FEA369064304
:105F2000F6B2002B5FD01422002101A809F04EFB2D
:105F3000A36893F86D0002F019F8A368054693F87A
:105F40006D0002F00BF805F5FA754FF47A71A2684E
:105F5000B5FBF1F51388054441F27070ADF80430DB
:105F6000B2F88030ADF80A50ADF80830D369A3F527
:105F70007A75854295BFB3FBF1F340F2E24103F538
:105F80005063B3FBF1F39BB2ADF8063092F88E325A
:105F900033B12069C31C049307F087FB8DF814000C
:105FA000A26801A89DF80C3092F88D2262F30003DC
:105FB0008DF80C30A3699847A3680022049983F8F0
:105FC0008E2283F88D2271B193F88C225AB993F8FE
:105FD0008620342A07D09DF8142022B10878FF28A3
:105FE00027D11B2A2CD9A36893F80E21FE2A4FD162
:105FF000002E4DD193F88820073A012A48D993F80A
:1060000018312BB3A3680121022093F81921A3F8BA
:10601000BC6083F81021FFF747FB39E0012180F8CD
:106020008A10FBF785FA4DE70223012180F88A30B8
:10603000F7E70728D7D1022AD5D14878FF28D2D14F
:106040000120C3F8901283F88F2283F88C02CAE7EC
:10605000A06890F88730A3F11105EDB20C2D40F245
:106060007881836FDA0705D531460920D3E700BF71
:1060700054380020990740F1038131460C20FFF786
:1060800013FBA26892F8C93043F0010382F8C930CB
:10609000A568B5F8D03195F8D4810133A5F8D03191
:1060A000B8F1000F00F0F382FAF7F2FA10B1002312
:1060B000A5F8D031A368188808F0FAFDA1688246D7
:1060C00091F88A30B1F83280012B40F2258391F8A3
:1060D0008830082B40F0F382B1F8B830022B40F240
:1060E0001B83B1F8BA500135ADB2B1F88030DFF89A
:1060F00090922B44A1F8C831D9F80030002B00F061
:106100000F83B8F1010F40F20B83FAF7B5FA02469C
:10611000A068D9F80090B0F88010C84700F10109D4
:106120001FFA89F9A36893F8D521002A3DD1012DE2
:106130003BD993F887200AB10C2A36D193F88620F0
:106140009ABB93F8882082BB93F88A20022A2CD12C
:1061500093F8D7214ABB586905F0D9F828B3A3684A
:1061600093F80E21FE2A20D1B3F8CA21012A1CD9A6
:10617000B3F8D0119A8C914217D2BAF1000F02D025
:10618000BAF80E0088B9013D521AADB292B2B5FB11
:10619000F8F5954228BF154605FB0899003D1FFA02
:1061A00089F918BF012583F8D251764B1B6813B1CA
:1061B000484698478146A368B3F880008144A3F815
:1061C000CC912288A368550657BFB3F8DC21002282
:1061D000B3F8CE115218A3F8DC2193F818312BB97B
:1061E000A36893F88830073B012B07D8A368B3F85E
:1061F000BC20B3F8CE110A44A3F8BC20A36893F8DE
:10620000C20030B1B3F8BE20B3F8CE110A44A3F8EF
:10621000BE2093F9C6100029C1BFB3F8C420B3F85B
:10622000CE515219A3F8C42093F8A9205AB9002FCF
:1062300040F0C082227F022A40F0758293F810213C
:10624000062A18BF1622A36893F8A8302BB9A368B2
:106250004D4883F8A920FDF7B5FDA06808F0A9FC1A
:106260004A4B1B681BB14A4AA06811689847A3684B
:10627000002283F8D32106B0BDE8F047FCF7E0BA6E
:106280005A0702D531461320C5E6190706D590F8FE
:106290000831314680F810310720BCE61A0602D5D5
:1062A00000211B20B7E613F030013CD090F81B31E1
:1062B000002B40F08582A36893F81A31E3B1A068FF
:1062C00090F8873000F58D7100F29A22262B28D0A5
:1062D00090F88630A3F1260CDCF1000343EB0C03AD
:1062E00007F0D3FBA268936F23F0200343F0100361
:1062F0009367002382F81A31A068836FDA0640F1B1
:106300005F8200F24911FDF77FF9A3680021152093
:10631000B3F85620A3F81021B3F85A20A3F812219D
:1063200079E60123DCE713F0400201D0242072E675
:1063300013F4807102D011461E206CE613F4007233
:1063400001D02F2067E65B0540F13A8211463120EB
:1063500061E6123B0B2B57D8DFE803F00656565682
:10636000091C56565656564700210B2053E6FDF79A
:106370009DFD00283FF48CAE002104204BE600BFB9
:10638000EC240020B4240020583800209C24002055
:106390003021002090F88832012B08D100210520FF
:1063A000FFF782F9A368002283F8882270E6A368C9
:1063B00093F88832022BD8B27FF46AAEA368062223
:1063C00093F8C8501DB1002183F81021E8E7AA48CE
:1063D000032107F040FCA368294693F8D83013F056
:1063E000040F14BF11200D20DAE70021062012E669
:1063F000002111200FE692F82431012B04D192F8EC
:106400002531002B00F0F181A36893F88620B2B902
:1064100093F88720113A0C2A40F2F78193F8B620BE
:10642000002A00F0F28101211220F4E500212D2044
:10643000F1E500213320EEE500212020EBE50A2ADA
:1064400040F0DF8193F80921012183F8102123E72F
:10645000A36893F82A319BB1A36893F8C93013F06D
:1064600003050DD101210C20FFF71EF9A36893F855
:10647000C92042F0010283F8C92083F82A5195E728
:10648000A36893F81A3153B3A36893F81B3133BB55
:10649000A06890F8873000F58D7100F29A22262BC3
:1064A0001BD090F88630A3F1260CDCF1000343EBFF
:1064B0000C0307F0EAFAA368002283F81A210121ED
:1064C0001420FFF7F1F8A368B3F85620A3F81021C1
:1064D000B3F85A20A3F81221DAE50123E9E7A3680B
:1064E00093F82421012A74D193F82531002B70D11F
:1064F000A06890F88720A2F12103062B69D92F2AE2
:1065000067D090F86C104B1EDBB2032B09D890F8C3
:106510006D50DFF868E1013D1EF803C0EDB2032DB8
:1065200004D94FF450710620F8F746FDBCF1020F74
:1065300090F8263114D0BCF1030F13D0BCF1010F39
:1065400004D1012B14BF002301236BB9A2F1440332
:10655000012B26D90B3A042A23D9012116205AE50A
:10656000022BEFE7042BEDE71EF8055090F82731DA
:10657000022D24D0032D24D0012DE7D1012B14BFEF
:1065800000230123002BE1D0B0F8803000F5267203
:10659000B0F8280106F0A4FC0146A8B93648FBF77C
:1065A000B7FFA36893F88620002A7FF471AD93F8B3
:1065B0008C32002B3FF46CAD0121FF202BE5022B28
:1065C000DDE7042BC2D1DFE7A368282283F8862009
:1065D0005EE5A36893F82E3113B1012122201AE55C
:1065E000A36893F82C313BB1254B1B682248984790
:1065F000FE28D6D001210EE5A36893F8363113B1F9
:1066000001211D2007E5A36893F8373113B101215B
:106610002E2000E5A36893F8393113B1012136200B
:10662000F9E4A36893F83A3113B101213020F2E480
:10663000A36893F83D3113B101213820EBE4A3683E
:1066400093F83B3113B101213220E4E4A36893F8BD
:106650003C3113B101213520DDE4A36893F83E31CC
:1066600013B101212620D6E4A36893F894324BB1EC
:106670000121EA20CFE400BF58380020EA0C0400D2
:10668000F4240020694B1B68002BAFD189E7F9F790
:10669000EDFF08B1A5F8D081FAF702F800283FF421
:1066A00009AD95F8D7310133DBB2022B85F8D7312C
:1066B00082BF0023A5F8D03185F8D731FAE491F8EC
:1066C000B6301BB191F88630102B25D1B1F8BA50F5
:1066D00001F17800B1F8B8304FEA88090135ED1AB8
:1066E000A5EB880508F0B7F9C0B1D1F8B020D1F812
:1066F000AC00531C1B1AA3EB09039D42A8BF1D4607
:10670000BAF1000F05D0BAF80E30043B9D42B8BF75
:106710001D46012D3FF7E8AC0125E6E42B46ECE7EA
:106720004FF00109FEE4012A09D193F88920002ADB
:106730007FF489AD0021A068FAF7FAFE90E55EB11A
:10674000F00635D4310735D4B20635D4B30735D188
:106750004FF419613120E7E638B1B3F8BE00B3F861
:10676000C020904201D322226DE5002905DDB3F857
:10677000C410B3F8C0209142F5D2B3F8BC10B3F8FE
:10678000BA2091420BD2A36893F88A10B3F8B820CC
:1067900051B1B3F8BA309342CCD8082253E593F8FC
:1067A0001831002BDFD1EEE7052AC3D93E224AE596
:1067B0001E2248E53D2246E5232244E52A2242E501
:1067C000A26892F887303A2B3FF430AE10D82B2BCA
:1067D0003FF432AE322B3FF40BAE232B7FF414AEDA
:1067E00092F82431022B7FF406AE0021172012E428
:1067F0003D2B3FF41EAE422B7FF406AE00213A2023
:1068000009E40C2D3FF6CDAE42E40C2D7FF640ACF2
:1068100093F82B31002B3FF41BAE01210E20FEF725
:1068200043FFA368002283F82B21BFE5C424002086
:1068300073B56A4D00240126A8602E712C802C753A
:106840002C77FF2380F8D331AB681888FBF7B2FFB1
:10685000AB681888FBF7DCFFAB68B3F8CA21EAB174
:1068600093F80E21FE2A19D193F81831B3B1AB6811
:1068700093F88820073AB24210D993F819210220E0
:10688000A3F8BC40314683F81021FEF70DFFAB683A
:10689000022083F8D241FEF785FE04E0AB6893F84E
:1068A0000E01FE28F7D1AC68B4F8CE1104F17800DF
:1068B000638E0139B4F8D02189B2B1FBF3F31344EC
:1068C000A4F8D031B4F8B8300B44A4F8B83008F0CC
:1068D000C2F820B1D4F8AC300B44C4F8AC30B4F8F2
:1068E000CA310026012B9CBF0133A4F8CA3109B17B
:1068F00084F8D76194F8873084F8D261A3F10B0251
:10690000012A1FD8B4F88030B4F898229B1A1904D1
:1069100032D404F29A2104F18E0006F093FCAB68A5
:1069200083F88760FF2283F8C320A968B1F8CE21DD
:1069300001F1780006F0CDFCA0B340F61B11312028
:10694000F8F73AFB262B17D1B4F89822B4F8803028
:106950009B1A1A0410D484F88760FEF74FFEAB68C8
:10696000014630B983F8240102B0BDE87040FFF75A
:1069700079BA83F82461D8E794F88630262B01D0C1
:10698000282BD2D1B4F88030B4F898229B1A1B047B
:10699000CBD4002384F88630FEF730FE0146002871
:1069A000C3D1E1E70E4B0F4900930F4A0F4B03C9C8
:1069B000F9F7EAFC296A19B195F8240001F030F9D9
:1069C000AB6893F88730123B0B2B04D802B0BDE8BC
:1069D0007040F9F7D1BC02B070BD00BF5438002040
:1069E000655E010058380020E1540100E1560100C5
:1069F000D0F8A032C269934273B5044612D1D0F8E0
:106A0000A462426AB61A18BF012694F8AC52002D4F
:106A100042D0208808F04CF930B940F6B831312026
:106A2000F8F7CAFA0126F0E7B4F8A822638E9A4272
:106A30001CD1B4F8AA3282899B1A18BF012394F89A
:106A40008650442D16D094F88720442A10D0002573
:106A500002212046FCF772FA002D44D0002384F86E
:106A60008630032384F88A3002B070BD0123E6E744
:106A70003343ECD01D4B1B6813B940F6C331CEE74E
:106A8000A5F1440200216846019455425541012276
:106A90008DF800209847DBE7002ED8D02288A3F598
:106AA0007A7104F5CA70A4F89E2141F27072914285
:106AB0000F4995BF4FF47A7240F2E242B3FBF2F312
:106AC000B3FBF2F398BF03F550639BB2A4F8A03177
:106AD000B4F8A432A4F8A231B4F8A632A4F8A431D0
:106AE00006F04AFFB4E784F88750BAE7CC240020C8
:106AF00069DD010008B5FCF7B5FE024B024A1A60D9
:106B000008BD00BFDC2400201D570100014B187395
:106B1000704700BFE8380020064B1B68D3F800011F
:106B200038B1D3F8040120B1D3F80801B0FA80F0ED
:106B30004009704718400020034B00221A705A7019
:106B400010229A70704700BF5C390020F8B50646E5
:106B5000022014460D4600F069FA114B114A012734
:106B6000191D5C609A6002F1807203342D011F7060
:106B7000DC601D83C3E904260022243303F80A2CB9
:106B80000D2203F8092C084A1268C2F8301507498B
:106B9000C2F80875C2F8383503C983E80300F8BDA8
:106BA0005C3900200300000B18400020500E040048
:106BB00008B5022000F03AFA0D4B01221A700022AB
:106BC0000C4B1B68C3F80021C3F80421C3F808214B
:106BD000094AC3F88020094BC3F88C20A3F5802311
:106BE000C3F88C21A3F580530822C3F8042508BDFF
:106BF0005C3900201840002003000080003008505D
:106C0000144A08B5137803B3134B19680023C1F86D
:106C100080301249C1F88C30A1F58021C1F88C3147
:106C200008210F4BC3F80815FFF776FF40B1012389
:106C30005370938EFF2B05D9BE213B20F8F7BCF98A
:106C4000102350709370002313700020BDE808409B
:106C500000F0ECB95C3900201840002000300850EA
:106C6000002004500A4B1A7872B10A4B1B68D3F803
:106C700000215AB1D3F8040120B1D3F80801B0FAC9
:106C800080F04009C0B270475878704702207047C2
:106C90005C39002018400020064A08B513782BB153
:106CA000FFF73AFF20B192F8340008BD9078FCE776
:106CB0001020FAE75C3900200A4B02211A680023F1
:106CC000C2F88030084AC2F88430A2F58022C2F8A7
:106CD0008431A2F58052C2F8081502F58022C2F86C
:106CE000083570471C40002000300850024B00223D
:106CF0001A705A709A707047943900202DE9F84341
:106D0000054601200C46914698469DF8206000F00B
:106D10008DF905F003012A4F41EA084329483A68F2
:106D200043F0807380F80480C2F80435FFF7C4FF95
:106D3000E3683A6893FA83FCA36880F805901FBA69
:106D4000636819BA2368C2F810C51BBAC2F8147573
:106D5000C2F81815C2F81C35D4E9043719061B0A05
:106D600009BA43EA076394F82070002F23F0004328
:106D7000E76914BF4FF0004C4FF0000CA4693FBA14
:106D800043EA0C03022E24BAC2F820751BBAC2F8DB
:106D90002445C2F82835C2F82C150CD80A4B022D10
:106DA000C5709B5DC2F848354FF00103437000D8B1
:106DB0000370BDE8F8834FF4EE713C20F8F7FCF85F
:106DC0001C40002094390020580E0400694B2DE926
:106DD000F74F5A7805460C4622B940F20A213C206A
:106DE000F8F7EAF893F803C0C21C01F1030A00F1B6
:106DF00001091CF0FB0E019203F1080703F13806AC
:106E00005D4A4FD1497803F1400BC3F8109003F16C
:106E100018098846A3F868100191A3F8548008F176
:106E200004089C6492E80300C3E916EE86E80300B8
:106E3000D2E902018BE803000021DFF840B183F8BA
:106E40005610D2E90401C3E913BA87E803004C499C
:106E50004FF00E0A596183F857A0D2E90601EA1CE7
:106E60009A620022C3E9085B89E80300A3F82C803A
:106E700083F82E2083F82FA0C3E90CEEA378AB7023
:106E8000404B1B68C3F83065C3F83875394B012295
:106E90003C499A70BCF1000F4AD11B78002B40D1BD
:106EA000DA219CE792E8030003F1180EDFF8D080A6
:106EB0001C62C3F8148087E80300611C1961D2E9E1
:106EC0000801C3E910988EE80300DFF8B0E003F191
:106ED00048082D49C3E909EA4FF0000AC3E90B1A33
:106EE000D2E90401C3F834A083F85EA086E8030069
:106EF000D2E90601EA1C9A655A79A3F85C200E22B1
:106F0000C3E9145E88E8030083F85F20C3E918AA88
:106F1000A378AB701B4B1B68C3F83075C3F838659A
:106F2000B4E70B68C3F804C11A6003B0BDE8F08F82
:106F3000BCF1040F05D11A700B680021C3F80411CD
:106F4000F2E71B7813B94FF4837148E70A6800230E
:106F5000C2F804310D4BC2F880300D4AC2F88430BB
:106F6000A2F58022C2F8843102220A4BC3F804251C
:106F7000DBE700BF943900205C0E04000100000D27
:106F80000100000C1C400020E803000E01000080FE
:106F90000030085000200450054808B503781BB1A4
:106FA000FFF78AFE0023037000234370837008BD3F
:106FB0009439002008B5084B1B68D3F8042122B986
:106FC00040F277213C20F7F7F7FFD3F800040038B0
:106FD00018BF012008BD00BF1C400020024B012249
:106FE0001B685A60704700BF1C40002038B5074B33
:106FF0000024074D1B68C3F800452B68C3F8004503
:10700000FFF7CAFF2B68C3F8804038BD1C40002042
:1070100018400020044B4022C3F88820BFF34F8F54
:10702000BFF36F8FFFF7E2BF00E100E010B5044649
:10703000FFF7DCFF012C03D0022C07D084B910BD70
:10704000094B02221B68C3F80025F8E7074B03220F
:107050001B68C3F8002502F10042C3F88020EEE768
:1070600084213D20F7F7A8FF1C4000201840002095
:10707000024BD3F8A00300F00100704700C0FF00EE
:10708000084BD3F8A423D3F8A833511C9BB203D1E7
:107090004FF6FF718B4203D002608380012070475E
:1070A0000020704700C0FF000B4B30B5D3F8905361
:1070B000D3F89443D3F89813D3F89C2305EA040338
:1070C0000B401340013317BF05600020446081600E
:1070D0001CBFC260012030BD00C0FF000B4B30B5AB
:1070E000D3F88053D3F88443D3F88813D3F88C2390
:1070F00005EA04030B401340013317BF056000206D
:10710000446081601CBFC260012030BD00C0FF0030
:10711000074B0022C3F80022C3F81822C3F820222C
:10712000C3F80C22C3F81422C3F81C22704700BF16
:1071300000A0085010B50D4C01F03F01D4F8203EDE
:1071400041F40C3123F4702341F4207143EA0243EB
:10715000074AC4F8203E136A23F003031843106261
:10716000C4F8000DC4F8101D10BD00BF00A00850E9
:10717000083A0020064B10B50024C3F8704322469D
:1071800021462046FFF7D6FF024B83F85C4010BD36
:1071900000A00850083A0020024B00221A809A7082
:1071A0001A717047083A00200A4B9B78012B02D0D5
:1071B000022B03D07047420702D57047830707D4DC
:1071C000054B0022C3F8402503F5A04301221A61B4
:1071D000704700BF083A00200050085000280CBF3C
:1071E0000423022307B58DF8043000238DF8063000
:1071F00001F07AFD01284FF0FF3088BF00208DF8A4
:10720000050001A803F0CAFA20B140F616313E206D
:10721000F7F7D2FE03F0DAFA58B15723ADF802308F
:10722000BDF802309BB25A1E92B2ADF80220002B7C
:10723000F6D1034B012283F85D2003B05DF804FB17
:10724000083A002038B5144D0346084695F83D200D
:1072500022B940F692013E20F7F7AEFE6BB9012A43
:10726000AC6B95F83C1005D100F016FF20442B6B59
:10727000C01A38BD07F070FDF8E7012B0AD1012ACA
:10728000AC6B95F83C1002D100F0F8FEEEE707F089
:107290006EFDEBE70020EAE7083A002008B50D4B49
:1072A00083F8240001380C4B03280DD8DFE800F0E8
:1072B0000206080A0322C3F8002508BD0422FAE7E3
:1072C0000622F8E70522F6E740F6E1513E20F7F7FF
:1072D00073FE00BF083A002000A0085008B5144B08
:1072E00093F84930D90720D59A070ED5114BD3F81A
:1072F000002442F00102C3F80024D3F8200500F076
:10730000F600023818BF012008BD5B070DD5094BF8
:10731000094AC3F80821A3F5A043D3F8403123B1AB
:1073200040F241613E20F7F747FE0120ECE700BF45
:10733000083A002000A008500B00008007B50B4A57
:1073400001AB92F9252000F0EBFE9DF9040000F05E
:1073500031FE9DF8050000F06DFF20B140F20A619A
:107360003E20F7F729FE03B05DF804FB083A002041
:10737000124A128D952A08B503461ED9104863B9E2
:107380002831C1600F4900F03DFF0130012814D9B8
:1073900040F264713E20F7F70FFE012B0AD129312C
:1073A000C160084900F034FF0130012805D940F2DE
:1073B0006E71EFE740F27271ECE708BD083A002009
:1073C00040210020840E040008B50E4B1A8D952A2A
:1073D00016D99B78012B09D100F020FF013001283C
:1073E0000ED940F6E3013E20F7F7E6FD022B07D168
:1073F00000F01AFF0130012802D940F6E901F2E756
:1074000008BD00BF083A0020064B034440F40900C1
:107410001A7D40F04000044BC3F80827C3F840052C
:10742000704700BF840E040000A0085010B50C4641
:10743000FFF734FF2046FFF7E7FF0C4B5A78012A8D
:1074400003D12146D878FFF779FF094BD3F8002400
:1074500042F01002C3F8002440F20312C3F8442E95
:1074600040F25B62C3F8482E10BD00BF083A00200E
:1074700000A0085007B50DF1070003F09BF920B1FB
:1074800040F64E313E20F7F797FD0D4A9DF8073044
:107490009278012A04D0022A0ED003B05DF804FBD2
:1074A00013F0040FF9D1074B0022C3F8402503F570
:1074B000A04301221A61F0E713F0020FF2E700BFC8
:1074C000083A0020005008502DE9F04107460D46CB
:1074D0001646414CFFF782FE002F4BD194F82680D0
:1074E0003046FFF7DBFE40464146FFF78DFF304652
:1074F000FFF724FF394940F20313394AC1F8443EEB
:1075000040F25B63C1F8483E01232078A3709842A3
:1075100020D102EB4602938F4FF47A7203F5FA738F
:10752000B3FBF2F3ED1A216B2E4B0D442E4AC3F838
:107530004055C3F8C0212378ABBB94F8493043F0E1
:10754000020384F84930FFF7C9FE044690BB40F2BD
:10755000536125E002EB8602936C4FF47A7203F5D7
:10756000FA73B3FBF2F3ED1A0028DCD11E4BC1F81D
:107570000031D8E7012F11D194F826103046FFF7DB
:1075800055FF0223A3702378012BCCD0293D002B7B
:10759000C9D1124B144AC3F80421C4E740F61401C0
:1075A0003E20F7F709FD012BCDD194F8493043F087
:1075B0000403C6E70B4B0122DA64D3F84C359D4235
:1075C00008D929463846FFF7D3FEFFF753FF204678
:1075D000BDE8F0810024FAE7083A002000A0085036
:1075E000840E0400005008500B00008008B5602293
:1075F0000021034807F0EAFFBDE80840FFF7CCBDD3
:10760000083A0020962808B504D94FF403713E20AB
:10761000F7F7D2FC014B188508BD00BF083A0020DF
:10762000024B0344187D00F516607047840E040079
:10763000014B93F83C007047083A0020024B986BCE
:107640001B6BC01A704700BF083A0020094AD2E9F4
:107650000C3092F83C10C01A074B03EB8103DA6D33
:107660001B6F801A4FF47A7203F2F313B3FBF2F339
:10767000C01A7047083A0020840E040010B50F4C61
:1076800094F83C104B1EDAB2032A04D940F2B2211E
:107690003E20F7F791FCD4E90C30C01A084B03EBFD
:1076A000810103EB42034FF47A72C96DB3F898304D
:1076B000401AB3FBF2F3184410BD00BF083A002093
:1076C000840E04000139C9B208B50329124B83F8AE
:1076D00048001AD8114B40F00070114A03EB8101A9
:1076E00040F44030D1F8A03043F4801343F4847365
:1076F000C2F8203EC2F8280ED2F8203503F0F70376
:10770000032B07D140F21B3101E04FF441713E20C1
:10771000F7F752FC08BD00BF083A0020840E0400B1
:1077200000A0085008B50A4603460C490C48C1F8A9
:1077300070031878032804D04FF45C713E20F7F7EB
:107740003BFC012A59780CBF08220022FFF7F2FC0B
:10775000044B012283F85C2008BD00BF00A0085044
:1077600006000080083A00202DE9F041274F4FF431
:107770008068C7F89080BFF34F8FBFF36F8F244CA2
:107780000123244D0026C5F8A430C5F8403E84F8F6
:1077900024300323C5F800354FF40023C5F8003426
:1077A0001D4B187C00F056FD02F048FF1B4B1C4A95
:1077B000C5F838331B4BC3F8C820013AC3F8C420BE
:1077C00040F6FE72184BC5F81433184BC3F8042565
:1077D000A687A66384F8496007F0CEFD9623206350
:1077E0002385D5F8003D84F85C6023624FF48073F4
:1077F000C7F89081C5F88834236EC7F8108003B1AC
:107800009847BDE8F04100F0F1BC00BF00E100E0A6
:10781000083A002000A0085040210020030000800A
:107820000600008000500850010000800020085031
:10783000014B83F825007047083A0020020E034BE5
:107840000002C3F8342EC3F82C0E704700A0085075
:1078500038B504460068FFF7F1FF094B6268094D2F
:10786000C3F84C2E237A85F82630617AA07AFFF788
:1078700029FF607AFFF712FDE37A85F8253038BDDD
:1078800000A00850083A0020014B83F826007047FA
:10789000083A00202DE9F0412E4E05460F4696F895
:1078A0004930DB0704D44FF4F5613E20F7F784FB41
:1078B000294CFFF793FCD4F8003443F00103C4F8DB
:1078C000003496F8493043F0020386F849308DBB06
:1078D00096F826803846FFF7E1FC40464146FFF720
:1078E00093FD3846FFF72AFD40F203131B4AC4F804
:1078F000443E40F25B63C4F8483E0123B370D36456
:107900002360164B2846D3F84C452146FFF730FD3F
:10791000FFF7B0FD306B241ACDB9114901EB870791
:107920004FF47A71B86C00F5FA70B0FBF1F02044B6
:10793000BDE8F081012DE4D196F826103846FFF716
:1079400075FD0223B370054BDD646560D9E704F172
:107950002900EDE7083A002000A008500050085028
:10796000840E040008B5FFF7AFFD58B9064B01229D
:10797000C3F8400503F5A04302201A61BDE80840A2
:10798000FBF7F0BD08BD00BF0050085073B5294B90
:107990004FF48061284A4FF0FF30D3F88844C3F891
:1079A0009004C2F890114FF40022244904F480742A
:1079B000C3F800240022224E86F84920C1F8402551
:1079C000C3F80821C3F80021C3F80421D3F8201517
:1079D000C9B2D1B18DF80700C3F8202201221A6183
:1079E0009DF8072012B1D3F820223AB19DF8073054
:1079F0005BB940F6D2013E20F7F7DEFA9DF807208A
:107A0000013AD2B28DF80720EAE7FFF7DDFC094D15
:107A10000023C5F82032FFF7BFFB96F85C300BB1AE
:107A2000FFF7A8FB1CB14FF48073C5F8883402B08F
:107A300070BD00BF00A0085000E100E000500850F9
:107A4000083A0020F8B500222E4B2F4EC3F84825E7
:107A5000C3F84425C3F84025C3F84C25FFF796FF2B
:107A600000F0CAFB96F85D304BB102F09DFE20B1EC
:107A700040F276513E20F7F79FFA86F85D0000202D
:107A800002F09EFE044610B140F27951F2E71D4D1E
:107A90001E4FC5F8C401C7F80801C7F80001C7F8B0
:107AA0000401C5F8C800C5F8C40002F0DFFD184B9A
:107AB00040F6FE72C7F83843C7F81443C5F8C04112
:107AC000C3F808254FF48062124B3476C6E90D44A2
:107AD000C5F84845C5F84445C5F84045C5F84C4586
:107AE000C5F84841C5F84441C5F84041C5F84C4186
:107AF000C3F89020BFF34F8FBFF36F8FC3F890216F
:107B0000F8BD00BF00500850083A002000A00850FF
:107B10000020085000E100E0014BC3F84C0E704714
:107B200000A0085038B50446074802F049FE20B1CD
:107B300040F634113E20F7F73FFA044D94E80F0069
:107B400085E80F0038BD00BFA97101006C3A002024
:107B500008B50A4BC3F8D00E094B93F84920586476
:107B600042F0010283F84920FFF7B8FB20B940F644
:107B700044113E20F7F720FA08BD00BF00A00850CE
:107B8000083A002008B5124B1A6B10449A6B8242D7
:107B900004D340F657113E20F7F70EFA0122D861C0
:107BA0001A760C4B5A64D3F844150531814206D33A
:107BB00003F5A043D3F80C1201B91A6108BD0022E5
:107BC000C3F84421044AC3F84405C3F8C421F5E7C7
:107BD000083A0020005008500900008038B50E4CCB
:107BE0000222034694F83D502276012D94F83C1071
:107BF00094F82420208D0CD100F05CFA074A002371
:107C0000E061C2F84431A36BE1690B44C2F844352A
:107C100038BD00F069FAF1E7083A0020005008503A
:107C200040F00043074AC2F80C320B600123064AB9
:107C300003FA00F0054BC3F80405136C18431064F5
:107C4000704700BF00A00850083A002000200850EC
:107C5000044BC3F8940ED3F8002442F04002C3F85A
:107C60000024704700A00850054BD3F8002422F0F0
:107C70004002C3F800240022C3F8942E704700BFCE
:107C800000A00850044BD3F8183703F07F035B4281
:107C900003700120704700BF00A0085038B5164C93
:107CA00005460846238DE170952B8CBF00230123E8
:107CB000237085B901236370A378022B0DD194F84A
:107CC0002610FFF73BFB0D4AD2F8003443F01003B7
:107CD000C2F8003401E0022363702378012B0AD13B
:107CE000064B012DD3F800240CBF42F0080242F0ED
:107CF0000402C3F8002438BD083A002000A0085050
:107D0000024B0022C3F84025704700BF00500850C6
:107D1000044B30B5D3E914459B6DC0E900450B60B9
:107D200030BD00BF083A00202DE9F843864D0123FD
:107D3000864CE3642B6BD4F84C7595F84890FF1A89
:107D400007F0ACFAAF65C5E91401FFF73DFB804AC7
:107D50000023C2F80831C2F80031C2F80431D2F869
:107D6000001421F01D01C2F8001485F849302B7E63
:107D700023B1D4F84431003B18BF0123AC78012C67
:107D800045D1D2F81832002B0CBF0024082414F07F
:107D90000B0F06D16E4BD3F8203213B144F0100410
:107DA000E4B2FFF7B5F904F01803102B05D1AB7856
:107DB000012B04BF44F02004E4B2644BD3F84825FF
:107DC000AA63AA78D3F84435022A6B6395F8243065
:107DD0000AD1D91E012907D85D4BD3F81C3E13F0F8
:107DE000060F0CBF042303236E7885F83C3085F81A
:107DF0003D201EBBFFF7D0F92E7695F85C300BB115
:107E0000FFF7B8F9E10762D56B6E98476FE0022C77
:107E100012D14F4AD2F81812D2F80C2E002908BFFE
:107E20000024D0075CBF44F00404E4B2002BAED0C1
:107E300044F00104E4B2AAE70024A8E714F0110F0B
:107E400021D1B6F101082B792E7818BF4FF0010827
:107E5000012B1CD0022B2FD09BBB298D4046FFF756
:107E6000F1F90146FFF798F9012E07D13B378F4210
:107E70002AD8364B00222E70C3F84021EA784046BB
:107E8000FFF770FD01E0FFF781FD0026B5E73148FF
:107E9000FFF7DEFC95F83D3023B940F29F713E209C
:107EA000F7F78AF8012B04D1FFF7E8FB6969014471
:107EB000D8E7FFF7CBFBF9E72648FFF7C9FC69696C
:107EC000D0E740F6D921EAE7214B1E6195E7A207EA
:107ED00020D56B6C31465B784B45AB6E84BF44F06C
:107EE0000404E4B284F00400C0F380009847AB7847
:107EF000022B0DD12B7E5BB1022B144A18D1AB6B38
:107F0000E9690B44C2F84435104B134AC3F8C42145
:107F1000BDE8F88314F0280F06D084F02001EB6E42
:107F20003046C1F34011E1E7E306E0D52B6F6CE783
:107F3000012B02D040F6B941B1E7EB69A96B8B4246
:107F4000E0D840F6BA41AAE7083A002000500850AD
:107F500000A00850103A002009000080024B03EBFB
:107F60008003D86D704700BF840E0400024B03EB02
:107F70008003D3F884007047840E0400F8B5012311
:107F80000D46477801464370044628461646FEF7DC
:107F90001DFF074B1A68D2F80431002BFBD0677025
:107FA00016B9EB78A370AB707B1E58425841F8BDF0
:107FB0001C4000202E3008B5362854D8DFE800F0E9
:107FC0005053535353534D5353535353535353538A
:107FD00053534B535353535349535353475345539D
:107FE000435341533F3D3B39373533312F2D2B29F7
:107FF00027252321591C570039231F4AC2F810375F
:1080000008BD2D23F9E72823F7E72323F5E71F23EE
:10801000F3E71B23F1E71823EFE71523EDE713231D
:10802000EBE71123E9E70F23E7E70D23E5E70B2350
:10803000E3E70A23E1E70923DFE70823DDE7072376
:10804000DBE70623D9E70523D7E70423D5E7032396
:10805000D3E70223D1E70123CFE74FF49873CCE7AE
:108060004FF48873C9E7BF213F20F6F7A5FF3F23F0
:10807000C3E73323C1E700BF00A00850054B4FF40E
:108080007A72023833F8113003F2E733B3FBF2F3BC
:1080900018447047480F0400054B4FF47A7233F8C8
:1080A000113003F57A73B3FBF2F31844704700BF45
:1080B000480F040038B51D460A4B33F8111003EB86
:1080C00082030535DC684FF47A73214401F6B73139
:1080D00003FB00141046B4FBF3F42C44FFF73EFFFF
:1080E000204438BD480F040070B5064608461546C2
:1080F000FFF73CFF094A02EB8502D3684FF47A721E
:1081000003F6B73302FB06331C1A2846B4FBF2F41D
:10811000FFF724FF0530204470BD00BF480F040066
:108120002DE9F74F244C074698460D46164600F0B9
:10813000B1F823788146BB4211D16378AB420ED1AE
:1081400094F90230B3420AD1E378834207D1A3887D
:10815000A8F8003094F9060003B0BDE8F08F781E4F
:10816000C0B203280ED8DFF854C00DF10703324621
:1081700029461CF8000000F093F8824638B13D21F2
:10818000752002E040F2B7410620F6F715FF9DF991
:1081900007B02846FFF744FA534602464146584680
:1081A00000F04EF8B8F80030A071A3802770657019
:1081B000A67084F80390CDE754210020680F0400D6
:1081C000024B1868003818BF012070477C3A002025
:1081D000014B186099807047843A0020024BD860A8
:1081E00019745A82704700BFB03A0020014B1B68D7
:1081F0005B681847FC240020014B1B689B681847EC
:10820000FC240020014B1B681B691847FC2400203C
:10821000014B1B685B691847FC240020014B1B685D
:108220009B691847FC240020014B1B68DB69184739
:10823000FC240020014B1B689B6A1847FC2400208B
:1082400010B4034C2468E468A44610BC604700BF27
:10825000FC24002000220E4938B50446134644FA97
:1082600002F0D5B20132C00742BF581CCD54C3B290
:10827000042AF4D1C3F10402042B054D4FF0FF0191
:10828000D2B288BF0022E81807F0A0F92C7138BDDF
:108290006C400020014B187D704700BF803B0020E0
:1082A000042810B511D883B104280CBF1024282449
:1082B000A1420AD2064C54F8200018B141568A4215
:1082C000A8BF0A4600201A7010BD6FF01500FBE72A
:1082D000803B00200728034611DC10F12D0F10DB36
:1082E0002E30094A40B2105C02EBC00292F93C20E9
:1082F0009A4207D0002918BF0130C0B270471A2037
:1083000070470020704700BFC00F0400072808B561
:1083100007DCFFF7DFFF044B03EBC00393F93C00DE
:1083200008BD0820FCE700BFC00F0400024B01227B
:108330009A601A60704700BF00E01050054B0122A0
:108340005A60DA600022C3F81021C3F80021024B02
:108350001A70704700E01050953B0020014B01223D
:108360001A707047953B0020044BD3F81001012888
:108370001CBF034B187800F00100704700E010505C
:10838000953B0020024BD3F8080400F00100704731
:1083900000E01050024BD3F8480400F00100704791
:1083A00000E01050024BD3F84004C0B2704700BF49
:1083B00000E0105007490246D1F84C04D1F84C14A3
:1083C00010F4803005D0D0B201F003031B1A5842DC
:1083D0005841704700E0105038B51A4BD3F80C34B0
:1083E000DA0304D440F225116D2001F003FF164A90
:1083F0000124164B106A536620F03F0094645464C5
:10840000136CDB03FCD4136A116C03F03F03C1F35C
:108410000A01C1F5806181EAE1750B29A5EBE175DF
:1084200009DD3F2B04D0013303431362172DE6DC33
:108430000023936438BD0B31F8DA002BF8D0013BF0
:10844000F2E700BF00E01050000812500100008069
:1084500038B50A4C23781BB100232370FFF7BCFF0B
:10846000EFF3108572B663780BB9FFF767FF05B9B4
:1084700062B6034B00225A6638BD00BF983B00200D
:108480000008125070B50A4D01260446AE70FFF781
:108490006BFF30B9074B1122EE706C60C3F80423F8
:1084A00070BD002CFCD0A04700236B60F8E700BF34
:1084B000983B002000E01050024B00229A70DA70C6
:1084C0005A607047983B0020014B1881704700BFED
:1084D000983B0020014B9889704700BF983B0020D3
:1084E000014B1889704700BF983B002010B5EFF38F
:1084F000108472B6064A53780133DBB25370537856
:10850000012B01D1FFF712FF04B962B610BD00BF05
:10851000983B002010B5EFF3108472B60F4B5A78D9
:1085200022B940F2E3116D2001F064FE5A78013A5D
:10853000D2B25A705A7852B99A7B32B1084AD2F8FC
:108540000C24D20306D45B780BB9FFF7F7FE04B90D
:1085500062B610BDD87B01F0DFFFF8E7983B002042
:1085600000E0105010B5FFF7C1FF0C4CFFF7FCFE08
:1085700060B1237C3BB90A4B01229A6104236374E6
:108580000023A37410BDFFF7C5FFF9E70323012201
:108590006374034BC3F80423F2E700BF983B002049
:1085A00000E01050024B587C003818BF0120704783
:1085B000983B002038B5134C01232370237CC3B9AA
:1085C000E37CB3B1A27C013B9A4212DAFFF7CCFE06
:1085D000054601F037FFE37C012B82BFA37C01330A
:1085E000A37455B16369C31A0133022B09D935B19C
:1085F0006061BDE83840FFF7B5BFA369F3E7A0614C
:10860000F7E738BD983B002037B5184C237C63B999
:10861000E06900F00300FFF7CDFE30B1EFF3108307
:1086200072B6627C1AB103B962B603B030BD0122E2
:10863000627403B962B608230D4DC5F808334FF4D0
:108640002073ADF80630BDF806309BB25A1E92B2C8
:10865000ADF80620002BF6D1C5F80C3184F8203097
:10866000FFF780FF0823C5F80433DEE7983B0020BE
:1086700000E010502DE9F041354CA37B002B64D075
:10868000344BD3F80071D3F80861D3F8142112B930
:10869000D3F8182142B10022C3F81421C3F81821DD
:1086A000C3F8102101F002FD2A4BD3F8102117B1B5
:1086B0000121C3F8081352B11122C3F80823E3784B
:1086C0002BB100256368E5700BB198476560214DBB
:1086D0003EB10023C5F808310423C5F80833FFF77D
:1086E00093FFD5F80C8194F82060F6B247B1637C13
:1086F000032B05D1237C93B9042363740123AB615D
:10870000B8F1000F14D0134B0022C3F80C21637C86
:10871000042B09D040F2A2216D2001F06BFDFFF780
:10872000F9FE02236374EBE702236374FFF7F2FEA2
:108730005EB1002384F82030637C022B01D1FFF767
:1087400011FFBDE8F041FFF7E5BEBDE8F08100BFD5
:10875000983B002000E0105010B5054CE06900F097
:108760000300FFF727FE0028F8D0002010BD00BF4F
:10877000983B0020F8B5054650B10278022A07D888
:10878000437842B9013B1F2B02D88378212B07D9AC
:108790006FF0150091E0002BFAD18378002BF7D110
:1087A000724B2022C3F8A020BFF34F8FBFF36F8F0F
:1087B0006F4EC3F8A0214FF0FF336E4CC6F808335C
:1087C0000023C6F80031C6F80831C6F80C316370D2
:1087D000AB88A381FFF7D6FD10B10123A3706370AE
:1087E00040F256332381D6F80C3413F4803329D069
:1087F000FFF7B4FD604801F063FE5D4E6023E07357
:108800000022C6F804332B78A978012BE261237487
:10881000E174A2742ED0022B25D06BBBFFF7BAFDFA
:1088200000284BD0FFF7BEFDE36903F00303984235
:1088300044D1AB792BBBFFF78FFF002825DA40F23C
:108840001F411BE0C6F81031FFF770FD484AD2F80F
:108850001031002BFBD0FFF7BFFDFFF76FFD474B3B
:1088600000225A66C6E7FFF741FED6F80C34DA0359
:10887000FBD50223E361D1E740F211416D2001F005
:10888000B9FC3B4B0422C3F80423E37C63B12B788F
:1088900053B9FFF769FD054601F0D4FD6FF00043C1
:1088A000002D60D0C4E90503012320220020A3731A
:1088B0002E4B6074C3F8A0211A62F8BD2C4E012320
:1088C00073610023C6F80831237FC6F8403406F0F0
:1088D000CBFD88B10123C6F84C3501233361042355
:1088E000C6F80433AB79002BCFD1D6F804335B073D
:1088F0000FD44FF47171C1E706F0B8FD0028E9D13B
:1089000006F0B6FD0028E5D106F0B4FD0028E1D15F
:10891000E3E71B4B1F691A6907F0100742F01002CA
:108920001A61D6F808310BB906F0A8FD104E01E027
:1089300006F0A2FDD6F80831002BF9D0FFF70CFFA6
:10894000002802DA40F2DE3198E727B90C4A1369B1
:1089500023F010031361064B0422C3F808230022FE
:10896000C3F8082191E7C4E905309DE700E100E084
:1089700000E01050983B0020518401000008125084
:1089800000ED00E0094B1A7810B504461AB14221F7
:108990006F2001F02FFC5A7832B901225A70FFF78C
:1089A000A5FD2046FFF76EFD002010BDBC3B00205A
:1089B00038B5084C25781DB158216F2001F01AFCFC
:1089C000637823B1FFF778FD6570FFF7A3FD002002
:1089D00038BD00BFBC3B002008B501B3F0B14FF07B
:1089E000FF331A46E0FB01320E498A4203D9902137
:1089F0006F2001F0FFFB180D4FF22441C3F30F135A
:108A000040EA0230B0FBF1F203EB0040064B03FBFF
:108A10001200B0FBF1F040EA0240013008BD084608
:108A2000FCE700BF3F420F00000024F4014B5B68ED
:108A3000184700BFBC3B0020014B9B68184700BF94
:108A4000BC3B0020014BDB68184700BFBC3B00204B
:108A500008B5054B1B781BB1DB216F2001F0CAFB69
:108A6000BDE80840FFF7A6BDBC3B0020034B1A78C9
:108A70000AB9FFF72FBD188D704700BFBC3B00201F
:108A8000034B1A780AB9FFF72BBD188A704700BF4D
:108A9000BC3B0020024B1B780BB9FFF7B5BD7047FC
:108AA000BC3B0020014B5B69184700BFBC3B00206A
:108AB00038B51D4C237833B3FFF7C4FF50B91B4DB5
:108AC000C5F81001FFF7B2FFD5F81031002BFBD02D
:108AD000FFF7B2FF154B6022C3F80423236A9847BF
:108AE000002806DB94F82A3023B10123002084F803
:108AF0002C3038BDFFF7D6FF0028F6DA4FF49F710F
:108B00006F2001F077FB0A4B63610A4BA3610A4BAC
:108B1000E3610A4B63600A4BA3600A4BE360FFF713
:108B200029FE0028E1D0E4E7BC3B002000E0105023
:108B3000598701000BEE0100A5850100ED840100BD
:108B40001585010007EE0100064B10B51C7824B115
:108B500040F29D116F2001F04DFBFFF7B5FC204660
:108B600010BD00BFBC3B0020034610B3007888B99D
:108B70001A79012A1ED85A79012A1BD89A680E49F7
:108B8000643A8A4216D8D8680C4B98422CBF002011
:108B90000120704701280CD11A79012A09D85A7985
:108BA000012A06D8DA680449643A8A4201D89868EA
:108BB000EAE70020704700BF3C8601000040420FFA
:108BC00010B5054C236813B1984700232360BDE816
:108BD000104000F069BD00BFEC3B00202DE9F843D8
:108BE0008846074680B300F037F84FF00009054685
:108BF0005FFA89F6AE420AD2304609F1010900F067
:108C000031F890F82640002CF2D1FF2E03D16FF0FE
:108C10000B00BDE8F883304600F024F80546014615
:108C2000848480F8264080F828600A4800F042FEDC
:108C3000202885F827000AD001232F62204685F8D6
:108C4000263088F80060E4E76FF01500E1E76FF088
:108C50002200DEE759EF0100014B1879704700BF91
:108C6000F03B0020044B1A79824283BF1B683022FC
:108C700002FB003000207047F03B002010B510F0E0
:108C800003040A460AD107490A71086028B1302353
:108C900021465A4306F09AFC204610BD6FF00D00A5
:108CA000FBE700BFF03B00201F2810B59BBF182436
:108CB000044B002060439FBF1C18195001206260C4
:108CC00010BD00BFF83B002008B5064B93F8002309
:108CD000202A03D12D21022001F08CFA83F83003E1
:108CE00008BD00BFF83B002008B5064B93F80023F1
:108CF000202A03D13321022001F07CFA93F82D03BE
:108D000008BD00BFF83B0020094A10B592F80033B7
:108D1000202B03D13E21022001F06CFA18214B4395
:108D20000321D018D3584068BDE81040184700BF51
:108D3000F83B00200B2808B504D940F28C610648A6
:108D400001F04EFA0001002300F1A04000F562207E
:108D5000C0F82C3508BD00BFF16A040038B50B4CD3
:108D60004FF4E06300250820C4F83833FFF7E2FF32
:108D70000920C4F82051FFF7DDFF0A20C4F8245170
:108D8000FFF7D8FFC4F8285138BD00BF00200E50AF
:108D9000084B2022C3F89020BFF34F8FBFF36F8F93
:108DA000C3F890210122044B5A604FF0FF32C3F800
:108DB0000823704700E100E000500850054BD3F84D
:108DC0005007D3F8541711F0404FF8D1C1F31301F5
:108DD000704700BF00200E5002282DE9F0471746CB
:108DE0001E469DF820A004D94FF49C716E2001F01E
:108DF00001FA1B4B4FF00108DFF8689000251C5C5E
:108E000008FA04F82046C9F83883FFF793FF164B99
:108E1000A2009D50FFF7D2FF874276EB01031DD3DE
:108E2000BAF1000F01D0C9F834830B2C04D940F2F9
:108E300066410E4801F0D4F9B6F5801F02D340F226
:108E40006C41F6E72401012004F1A04404F56224FA
:108E5000C4F82075C4F82465BDE8F0872846FBE710
:108E6000D010040000200E5000210E50F16A0400C2
:108E7000022813B504D94FF4DA716E2001F0BAF963
:108E800048B908494FF00044C1F8A04120240649E0
:108E9000C1F890410C6101210091FFF79DFF02B0E4
:108EA00010BD00BF00200E5000E100E0022810B508
:108EB00004D940F2C1116E2001F09CF9084A08B9AA
:108EC000C2F8A001074B1C5C0123A3402046A4006C
:108ED000C2F83833FFF72EFF034B00221A5110BDA2
:108EE00000200E50D010040000210E5008B5FFF7EE
:108EF00035FF024B0022C3F8A02108BD00200E5010
:108F000008B5FFF745FF114BD3F8042522F0030203
:108F1000C3F80425D3F8082542F00302C3F8082556
:108F2000202292FAA2F2B2FA82F2092A04DD40F279
:108F3000A731074801F054F9C3F810250122DA607F
:108F40004FF00042C3F8802008BD00BF0050085019
:108F5000F16A040070B5194C2026194AD4F810356E
:108F6000184D03F001031370D4F8103543F00103DA
:108F7000C4F81035FFF7C4FFC5F89C60BFF34F8FEE
:108F8000BFF36F8FFFF7EAFE0023C5F89C610E4A1E
:108F9000C4F8A0314FF00043C2F88030A2F580221F
:108FA000C2F88031012302F57832C2F80435A2F507
:108FB0008022C2F80435EE6170BD00BF00200E5063
:108FC000313F002000E100E000400C500B4B10B49A
:108FD0001A5C01230A4C9340D4F830130B420BD097
:108FE0009100084A0A44116831B100211160C4F8A7
:108FF000383310BC00F08EBE10BC7047D010040097
:1090000000200E5000210E50034BD3F8043313B14F
:10901000072000F07FBE7047005008500028ADBF09
:1090200000F1604000F00F00044B00F56140B4BF58
:10903000185C90F800034009704700BF14ED00E091
:109040001822034B50431A181B585068184700BF8A
:10905000F83B0020031F022B0B4B03F8110000D933
:10906000704793F8420083F84210C2B220284FF0B4
:10907000200016BF03EB420283F84110517003EB4E
:1090800041025070704700BF383F0020F8B50378A8
:109090000D4620271B491C46944208D0202C01D1A4
:1090A0000020F8BD01EB440627467478F4E7202C35
:1090B000F6D09C424FEA4402124B134E15BFD21811
:1090C0009B1803EB47035B7816BF527803705A7006
:1090D0007DB126B1002140F23A30AFF300802B7809
:1090E000A34206D126B1002140F23D30AFF300800B
:1090F0002F7026B1002140F24230AFF300800120F2
:10910000CFE700BF383F00200000000010B5074C3B
:1091100094F8583023B116F00DFE002384F858302F
:10912000E26D034BC3F8182510BD00BF383F002087
:1091300000B0045010B5074C94F8583023B916F01D
:10914000F3FD012384F85830034B0122C3F818259E
:1091500010BD00BF383F002000B0045008B520B952
:10916000024B0BB1AFF3008062B608BD00000000F7
:109170002DE9F8431B4C4FF020081B4E94F841504A
:109180001A4F202D01D1BDE8F88314F81530013BAA
:10919000DBB2052B04D816F80390B9F1080F04D1FF
:1091A00040F2AA51012001F025F80FB1AFF3008081
:1091B000EFF3108072B604EB45035B7884F841301E
:1091C00094F84230AB4208BF84F84280FFF7C6FFF4
:1091D00001232846494604F81530FFF731FF94F87B
:1091E0004150CEE7383F0020D310040000000000BB
:1091F000202A70B5054604D14FF4D671012000F045
:10920000F9FF2029144B14BF03EB410193F84040B0
:1092100003EB420018BF4C7840780CBF83F8400045
:10922000487020460146064603F8105003EB400004
:109230008A424078F6D193F8425003EB410183F81B
:109240004260EAB2202D16BF03EB420283F8414090
:10925000547020224A7070BD383F002010B50B4C6E
:10926000D4E91223B3F1FF3F08BFB2F1FF3F0CD0A6
:10927000FFF7E2FB4FF0FF324FF0FF330020C4E96D
:109280001223BDE8104000F061BF10BD383F002040
:1092900010B5054C94F850302BB10220FFF706FEB4
:1092A000002384F8503010BD383F002010B50F4C1B
:1092B000FFF754FF24B1002140F26340AFF3008078
:1092C0000B4B93F84130202B09D024B1002140F200
:1092D0006A40AFF30080074B187801F01DF924B104
:1092E000002140F26F40AFF3008010BD000000008D
:1092F000383F0020303F002010B50A4CD4E912233B
:10930000B3F1FF3F08BFB2F1FF3F0AD1FFF78EFB79
:10931000FFF754FDC4E912010120BDE8104000F040
:1093200015BF10BD383F00202DE9F04F1826584CCE
:109330008FB005465E430F460DF1200CA219344450
:10934000083294F814A00FCA04460E468CE80F00A9
:10935000FFF796FBAC4200F11C0B009076EB070385
:1093600004D24FF4BB61012000F044FFA54277EB2B
:1093700006032ED2651B66EB0707BAF1010F1BD05F
:109380004449D1E91232A34272EB060024D2B4EB75
:10939000030866EB0209FFF755FB3E490246D1E997
:1093A0001201B1F1FF3F08BFB0F1FF3F6DD0019254
:1093B000FFF766FB019A9AB1224633460020FFF779
:1093C00057FD8146A8B94FF0000948460FB0BDE8E7
:1093D000F08F00252F46D0E74FF00008C146DAE7AE
:1093E000804579F10003E7D25D4577F10003EAD3C8
:1093F000E2E7BAF1010F08D05D4577F1000304D22E
:10940000FFF77AFFFFF744FF1AE0FFF727FFBAF1F3
:10941000010FF7D05D4577F10003F3D3009B0220E5
:10942000E21A66F10003FFF723FD10B940F20321B1
:1094300099E7184B93F8502012B9012283F8502075
:10944000B4F119024FF0010066F10003FFF710FDBF
:10945000C0B1FFF75BFE00234FF0FF304FF0FF314C
:1094600002AD8DF82CA08DF830300B4C0293CDE975
:1094700004010FCD0FC40FCD0FC495E80F0084E891
:109480000F00A2E7FFF756FEE5E7002A94D1ABE70D
:10949000F83B0020383F0020003F002038B5104B3B
:1094A0001B78202B0CD00F4BD3E90645186A6A3481
:1094B00045F10005241845F100052046294638BD30
:1094C00010F14104137B41F10005012BF5D0FFF7AA
:1094D000B9FA0028F1D1FFF7D3FA0419EBE700BF7E
:1094E000F83E0020003F00202DE9F04705460C46DD
:1094F00017464FF01809DFF83880DFF838A0202C25
:1095000008D009FB04F6284606F10801414405F09D
:10951000D3FE10B10120BDE8F08746443C706B7B60
:10952000727D9A42F7D90AEB44046478E7E700BFFA
:10953000F83B0020383F00202DE9F0472023DFF8DA
:10954000488006460D4617464FF01809DFF83CA044
:1095500098F840400B70202C08D12B783A462146D1
:1095600030463B70BDE8F047FFF7BEBF09FB04A0E3
:109570003146083005F0A0FE0028EED02C7008EB34
:1095800044046478E7E700BF383F0020F83B002040
:109590002DE9F74F87180E4643F10008D1E9002363
:1095A000974278EB030337D3DFF874900DF107028D
:1095B0000DF106013046FFF7BFFF70BB9DF80710A5
:1095C0004FF0180A337B0AFB0191D1E902B5086913
:1095D0001BF1290445F10005041945F10005012B93
:1095E00013D00B7D012B10D1FFF74AFAA4EB0B022D
:1095F00082420ADA9DF807300AFB0393D3E9024559
:10960000FFF73EFA041945F10005A74278EB050380
:1096100002D3C6E90045C9E7002003B0BDE8F08FDA
:10962000F83B0020F8B51A4D002442F22003194AF5
:109630004FF0FF304FF0FF31174F2646A5F840306E
:109640002023146085F842303B7082F8284085F86A
:10965000523085F85040C2E90201C5E9120105F80F
:1096600014600134202CFAD10C4885F8586000F0C1
:1096700027FF0B4B3C7018700A4B85F85860D3F8E5
:109680001835EB65FFF766FC012385F85330F8BD0C
:10969000383F0020003F0020F83E0020719101007B
:1096A000303F002000B004502DE9FF47FFF786FB54
:1096B000784F05460E46FFF723FCFFF717FC4FF0E7
:1096C000FF334FF0FF327448C7E9022397F8283080
:1096D000F3B93A6A40F2F964D7E906311B3341F134
:1096E00000019B1802F5DF6241F10001B2FBF4F2C8
:1096F0009B1841F100019D4276EB010308D307213D
:109700000078FFF79DFC40F26921012000F072FD16
:1097100090F80080B8F1200F02D140F27321F4E7F5
:109720005E4C202394F840A0037084F85230BAF1C4
:10973000200F4FF000033B601FD0DFF86491182228
:1097400002FB0A92937D012B17D1137D012B00F0B0
:109750008180FFF777F900287CD1FFF791F945194F
:109760004FF0180346F1000603FB0A93D3E90212F7
:10977000A942B24128BFC3E90256DFF82491494EFD
:1097800094F84050202D12D0FFF718FB20224FF004
:10979000180E0EFB0593D3E902C3604571EB03037A
:1097A0005AD2202A03D020210420FFF721FD0EB138
:1097B000AFF30080FFF702FB94F84050202D53D107
:1097C000FFF74CFDFFF764FDFFF790FB84F8525064
:1097D000FFF79CFC00234FF0FF32CDE902334FF03E
:1097E000FF33CDE9002301238DF80830684600F0EF
:1097F0007DFC14F81830022B0BD1294B182241465E
:1098000002FB08331B7D022B0CBF01200620FFF753
:1098100021FCFF2384F8433094F84130202B03D0FF
:10982000214B187800F078FE204994F86030D1F888
:10983000482722F001021343C1F8483794F8543006
:109840002BB11B4B0122DA61002384F8543004B0A1
:10985000BDE8F087293583E704EB45032A465B78AA
:10986000202BA0D01D4694E701222B46FFF75CFD7C
:1098700094F8402020B920210420FFF7B9FC7FE7AD
:10988000002384F85220CDE90233D7E90623CDE93D
:109890000023ABE7003F0020F83E0020383F0020C7
:1098A000F83B002000000000303F002000200E5058
:1098B00000E01050F8B504460D46FFF7F3F8002815
:1098C00004DA40F2FD21012000F094FC00230A4953
:1098D00011F81320D8B24AB91822084E5A43B718C3
:1098E000B45001227D6001F81320F8BD0133202B14
:1098F000EED11846F9E700BF383F0020F83B0020C2
:109900001F28034609D8064911F810200020012A13
:1099100004D101F81300104670470020704700BFC3
:10992000383F0020014BD3E906017047003F00207B
:109930002DE9F043037885B004461BB1002005B043
:10994000BDE8F083284B5868C0F30800002843D1D5
:10995000264D4FF0000925B1002140F2BE30AFF393
:109960000080DFF88C8088F8439025B1002140F218
:10997000C230AFF30080FFF721FA6B46224607465C
:109980000E4605F0B9FC25B1002140F2C930AFF315
:1099900000806A4638463146FFF780FD009B3A4614
:1099A0008342019B8B41334638BFCDE900016946B4
:1099B0004FF0FF30FFF7ECFDDDE90023C4E904239D
:1099C00025B1002140F2D730AFF3008098F8433042
:1099D000002BC0D10120B2E71038FFF71FFBC0B247
:1099E0000028B5D1AAE700BF00ED00E000000000AC
:1099F000383F0020794B2DE9F04F044658688DB070
:109A00008A46C0F3080098B11038FFF707FB10F042
:109A1000FF070ED1724B1B78202B04D140F27F41FF
:109A2000012000F0E7FB0F7857B140F28241F7E7E1
:109A300008279AF80030012B02D940F28641EFE75F
:109A4000684E26B1002140F28940AFF30080012327
:109A50004FF0000B644D36B1002140F2924001936B
:109A6000AFF30080019B1846FFF778FB85F843B001
:109A700026B1002140F29640AFF300800DF11009AD
:109A8000FFF79CF952464B4605F036FC26B1002103
:109A900040F29C40AFF30080544B0BB1AFF3008019
:109AA000EFF31088434672B695F8431001F0FF02B9
:109AB0000029D0D115F814300192013B012B08D9AF
:109AC0004046FFF74BFB019A164630460DB0BDE805
:109AD000F08F0DF10F020DF10E014846FFF72CFD3E
:109AE000064640B921460420FFF7B4FA4046012655
:109AF000FFF7DCFBE9E73E4B4FF0180C9DF80EA09A
:109B00000CFB043C99E80F000CF1080C8CE80F00EA
:109B1000002F3BD0BAF1200F38D1314B1B78202BCE
:109B200034D1344B0BB1AFF30080FFF747F9049AFF
:109B300010F11C0C41F100036245059A9A410AD3C9
:109B400095F85220202A0ED02B4AD2E906E2E645AB
:109B500072EB030307D221460420FFF77BFA40464D
:109B6000FFF7A4FBB1E723460222FFF7DDFB002845
:109B7000F1D0002308A885F85240CDE90A331E4BE6
:109B8000D3E90623CDE9082300F0B0FA9DF80E10C2
:109B90009DF80F20914218D00520FFF729FB05EB17
:109BA0004403BAF1200F587017BF9DF80E3085F8A6
:109BB000404005EB43035C70032305F81430002F8D
:109BC000CDD1FF2385F84330C9E7202916BF05EB27
:109BD000410195F840004878E1E700BF00ED00E062
:109BE000F83E002000000000383F00200000000088
:109BF000F83B002000000000003F00202DE9F0436A
:109C00003D4F85B0044627B1002140F20250AFF32A
:109C100000803A4B0BB1AFF30080EFF3108872B6BF
:109C2000374D15F81430032B07D000264046FFF7B8
:109C300095FA304605B0BDE8F08395F84030A34270
:109C400024D1304B1B78202B20D105EB4403660038
:109C500093F80190B9F1200F22D1FFF7FFFAFFF737
:109C600017FBFFF743F985F85290FFF74FFA0023EF
:109C70004FF0FF32CDE902334FF0FF33CDE900233F
:109C800001238DF80830684600F030FA22460021A2
:109C90001D48FFF7FBF90646F8B940F239510DE0CF
:109CA0001A4B0BB1AFF300802E44FFF787F8022266
:109CB0007378FFF739FB20B94FF4A661012000F05B
:109CC00099FA737885F852300023CDE90233104BAE
:109CD000D3E90623CDE90023D5E70123404605F863
:109CE0001430FFF73BFA002FA3D0002140F23F5081
:109CF000AFF300809DE700BF0000000000000000FF
:109D0000383F0020F83E0020783F0020000000008F
:109D1000003F002070B586B0072879D8DFE800F052
:109D2000048F7A7878787894484C494DD4E9122396
:109D3000B3F1FF3F08BFB2F1FF3F08D1FEF776FE57
:109D40000120D5E90623C4E9122300F0FFF9414EB2
:109D50003378202B24D1404BD3F8482702F001025E
:109D600084F86020D3F8482742F00102C3F848275E
:109D700094F84030202B04D140F21621012000F04D
:109D800039FA04EB4302527884F84020FF2284F829
:109D900043200222337004F81320002385F8283072
:109DA00095F82430012B11D0FEF74CFE50B994F8F1
:109DB00061300133DBB2312B84F861300FD940F2CE
:109DC0006F51DBE700F0A4F90028F0D100213078D2
:109DD00084F8611006B0BDE87040FFF731B900218A
:109DE0001822684605F0F2FB4FF47A736946307822
:109DF0000193FFF7FFFD10B940F27351BEE795F8EC
:109E00002840012385F82830FFF74EFC85F82840CC
:109E100006B070BD0D4C94F850302BB1FFF76CFAC2
:109E2000002384F85030F3E74FF0FF31084B4FF038
:109E3000FF30C3E902010521064B1878CAE706B0D6
:109E4000BDE87040FFF776B90421F5E7383F002000
:109E5000003F0020F83E002000200E50134B10B5AC
:109E60001A78202A04D140F25361012000F0C2F98F
:109E70000F49D1E90243B3F1FF3F08BFB4F1FF3FFF
:109E800002D040F25461F0E718240A4B04FB02337D
:109E9000D3E90223BDE8104082184FF0020043F1DD
:109EA0000003C1E90223FEF7E3BF00BFF83E002034
:109EB000003F0020F83B0020F8B51E4B1D78202DF8
:109EC00004D140F26461012000F094F91A49182786
:109ED0001A4A91F84030202B29D007FB0324667DD5
:109EE000864204D891F8540028B100201EE001EB0E
:109EF00043035B78EFE707FB0522114BD2E90251E0
:109F00001E6813695B19D4E9022441F1000113F1C1
:109F1000290541F10001AA4274EB010106D3D31ACD
:109F200006F11902293B9A4200D8981BF8BD4FF060
:109F3000FF30FBE7F83E0020383F0020F83B0020D0
:109F4000003F00202DE9F743DFF8B890054699F867
:109F50000030202B04D140F29261012000F04AF938
:109F600018284AD9284C00234FF0FF36276A3A18A0
:109F700043EB0300964283413FD3244E96F854307E
:109F800083B94FF02008226284F825100DF10702F2
:109F900096F8401004F118008DF80780FFF7A4FA36
:109FA00010B92762022029E00220FEF77FFF4FF060
:109FB000FF324FF0FF3399F80070C4E902239DF897
:109FC0000720202A16D041460520FFF711F906EB9D
:109FD00047077870206828442060FF2386F84330C4
:109FE0009DF80730202B03D0094B187800F094FA25
:109FF000002003E096F84000E9E7012003B0BDE847
:10A00000F08300BFF83E0020003F0020383F0020D2
:10A01000303F0020F8B5214E044616F8103023B921
:10A0200040F2E161012000F0E5F81D4D25B100216D
:10A0300040F2E760AFF30080012716F81430012BDF
:10A0400015D1184B0BB1AFF30080EFF3108672B649
:10A0500015492246481EFFF719F83046FFF77EF8EB
:10A0600025B100214FF4E060AFF30080F8BD043B60
:10A07000022B09D806F81470002DDED0002140F222
:10A08000F760AFF30080D8E725B1002140F2F3601C
:10A09000AFF3008005F0F0F9EEE700BF383F002095
:10A0A00000000000000000007A3F002008B50B4BC4
:10A0B0000BB1AFF30080EFF3108072B6084B1B7842
:10A0C000202B4FF0010315BF064A074A82F854308F
:10A0D000D361BDE80840FFF741B800BF00000000B1
:10A0E000F83E0020383F002000E0105030B4074A0E
:10A0F000537A0133DBB25372D0E90045037AC2E9E7
:10A100000045137230BC00F0F3B800BFA03F002040
:10A110000D4B1A7C02F0FF0082B15A7C02F0FF0066
:10A120001AB1987C023818BF01205A7C4AB99B7C2E
:10A13000003B18BF0123002808BF184600F00100AB
:10A1400070470023F7E700BFA03F00200E4B60B12F
:10A15000997C0229CAB206D0032A00D092B9FF2204
:10A160005A7400F0C5B85A7CF8E7997C01F0FF02F8
:10A1700019B1013A012A03D97047597C11B1EFE7AF
:10A180005874EEE7704700BFA03F0020BFF34F8F29
:10A190000549064BCA6802F4E0621343CB60BFF383
:10A1A0004F8F00BFFDE700BF00ED00E00400FA059F
:10A1B000094B01221B685A604FF0FF32C3F8082395
:10A1C0008022064BC3F88820BFF34F8FBFF36F8FF9
:10A1D000C3F88821704700BF2040002000E100E064
:10A1E00008B572B6024B5B6803B19847FFF7CEFF24
:10A1F000B43F00201FB572B6134B5D688DB9FFF7F1
:10A20000C5FFB4FBF6F4D3B20132002CF9D103F14F
:10A2100010026A4402F80C4C0A2233B901A8A8477C
:10A22000EDE7044600220A26EDE7013BDBB203F12D
:10A2300010040DEB0406B0FBF2F402FB1400303006
:10A2400006F80C0C2046E8E7B43F0020F8B5244F90
:10A2500005460C4616463B78002B3DD100F0C4F96C
:10A2600000F09EF918B19E211120FFF7C3FF04F002
:10A27000C9FD7E601B4B01263C814FF48062C3F810
:10A28000A460194BC3F89020BFF34F8FBFF36F8FBB
:10A290001648C3F89021002D18BF2846FFF788FF05
:10A2A000FEF706FC0546A8B9FFF7BCF9FEF7F2FB7E
:10A2B00004F047FF002C0BDB04F01F036409A4002B
:10A2C0009E4004F1604404F56144C4F88061266056
:10A2D00001233B702846F8BD4FF0FF35FAE700BF79
:10A2E000B43F002000A0085000E100E0DA100400B4
:10A2F000074BB3F90830002B09DB5A09012103F0A1
:10A300001F03403201FA03F3024941F8223070473B
:10A31000B43F002000E100E0014B1878704700BF17
:10A32000B43F00202DE9F74F8B46074692469946E9
:10A330003E4C3F492678F6B2FF23237006B1637086
:10A34000DFF8F080EFF3108272B60023D8F80050E7
:10A350000120C4F804B06860C5F80031C5F80431C4
:10A36000354BA360C4E905A33B68C5F810357B688D
:10A37000C5F81435BB68C5F81835FB68C5F81C3539
:10A380002E4BC5F830351033C5F83835286002B982
:10A3900062B62B4DD8F80030D3F8000110B9D3F8CD
:10A3A000040130B3B9F1000F08D00C9A32B1D3F8E0
:10A3B0004005C9F80000D3F83C051060D3F804311B
:10A3C000002BBFD196B96378DBB266700325D8F84D
:10A3D0000000C0F808538025C0F80461C0F800618F
:10A3E0001748C0F888512670002BA3D103B0BDE8F0
:10A3F000F08F0869C206CFD58023C5F88831EFF306
:10A40000108072B60322D8F80030C3F80423D3F8C2
:10A4100000213AB9D3F8043123B9019005F02CF8A2
:10A42000034901980028B5D162B6B3E7C03F0020C8
:10A4300000ED00E0204000201000000BC43F002091
:10A4400000E100E01B4B4FF4000270B5C3F8982008
:10A45000BFF34F8FBFF36F8F174D0021174CC5F817
:10A460000011C3F898212669236906F0100643F00D
:10A47000100323610123C5F804332B60D5F80031A4
:10A48000A3B11EB9236923F0100323610A4B0122F3
:10A49000D3F808055A60C3F808230022C3F8002146
:10A4A0004FF40002034BC3F8982170BD04F0E4FFA1
:10A4B000E4E700BF00E100E000700D5000ED00E0B7
:10A4C00002460C49052038B50138C0B2FF2803D137
:10A4D00048216920FFF78EFE01EBC0031D7905F0CE
:10A4E000FF04002DF0D141F8302001225C719C71F5
:10A4F0001A7138BDE43F0020042808B503D94F2164
:10A500006920FFF777FE034B03EBC00000230371C4
:10A5100008BD00BFE43F0020042808B503D9582136
:10A520006920FFF767FE094B03EBC0000379012B9D
:10A5300001D05921F4E7437982790133DBB29A42A1
:10A5400018BF4371BDE80840FFF7D2BEE43F0020CA
:10A5500070B50625114C0026013D15F0FF0500D110
:10A5600070BD94F8281004EBC1031A79012A09D1AF
:10A5700058799A79904205D05A79D2B29A7154F8A2
:10A580003130984794F828300133DBB2042B94BF64
:10A5900084F8283084F82860DEE700BFE43F00201C
:10A5A000044B1A681C2A03BF5868B0FA80F04009AF
:10A5B0000020704710400020044B1A68292A03BF6E
:10A5C0005868B0FA80F04009002070471040002021
:10A5D000044B1A68272A03BF5868B0FA80F0400974
:10A5E000002070471040002008B5104B1049D3F8E8
:10A5F00040230A60D3F844334B60FFF7DDFF10B906
:10A60000FFF7E6FF48B10B4BC1E9023303F5805376
:10A610000B61A3F5E0434B6108BD074BC1E9023371
:10A6200003F580530B61A3F58043F4E700C0FF00FE
:10A630001040002000A0045000600450094B0A4A5A
:10A64000C3F800230132C3F80C230132C3F81823E6
:10A650000132C3F820230132C3F81C230132C3F8AE
:10A660001021704700A0085004000080074B002212
:10A67000C3F80023C3F80C23C3F81823C3F820231E
:10A68000C3F81C23C3F81021704700BF00A0085076
:10A69000844641EA000313F0030359D1403A33D30F
:10A6A0002DE9F000F0C9F0C0F0C9F0C0F0C9F0C069
:10A6B000F0C9F0C0403AF5D2F0BC25E0403A23D3CF
:10A6C0000B6803604B6843608B688360CB68C36032
:10A6D0000B6903614B6943618B698361CB69C3611A
:10A6E0000B6A03624B6A43628B6A8362CB6AC36202
:10A6F0000B6B03634B6B43638B6B8363CB6BC363EA
:10A7000040304031403ADBD230320BD30B6803602B
:10A710004B6843608B688360CB68C3601030103136
:10A72000103AF3D20C3205D351F8043B40F8043B05
:10A73000043AF9D2043208D0D2071CBF11F8013B09
:10A7400000F8013B01D30B8803806046704700BFCF
:10A75000082A13D38B07B1D010F00303AED0C3F196
:10A760000403D21ADB071CBF11F8013B00F8013BC0
:10A77000A4D331F8023B20F8023B9FE7043AD9D337
:10A78000013A11F8013B00F8013BF9D20B78037054
:10A790004B7843708B78837060467047014B1B6821
:10A7A0001B68184740250020014B1B685B68184751
:10A7B00040250020014B1B689B681847402500205E
:10A7C000014B1B681B69184740250020034B186884
:10A7D000034BC01A18BF0120704700BF402500205E
:10A7E000E410040053B94AB9002908BF00281CBF6F
:10A7F0004FF0FF314FF0FF3000F00CB8ADF1080C16
:10A800006DE904CE04F02FFFDDF804E0DDE902235A
:10A8100004B07047704700BF38B505460C46F4F7E2
:10A8200099FE30B13E2D04D12046BDE83840F4F702
:10A83000D1BE38BD1FB5014601A800F006F801A839
:10A8400003F057F805B05DF804FB0B880022C3F352
:10A850000B0383804B884272C3804B78C3F3011390
:10A86000012B02D0022B18BF134604310372016082
:10A8700070478B88043010B500F8043C0C4610F883
:10A88000033C03F0F00300F8033C8A88C2F3032280
:10A89000134300F8033C03F0CF03CA8800F8022CEE
:10A8A000CA8800F8033C120A00F8012C0A7A120147
:10A8B00002F03002134303F03F0300F8033C4A7AEE
:10A8C00043EA821300F8033C0968814205D0E2881C
:10A8D000FB2A28BFFB22FFF7DBFEE0880430C0B272
:10A8E00010BD8B880A46043010B400F8043C10F800
:10A8F000033C03F0F00300F8033C8988C1F3032113
:10A900000B4300F8033C03F0CF03D18800F8021C8E
:10A9100010F8011C01F0C00100F8011CD48800F8F7
:10A92000033CC4F30524214300F8011C01F03F015E
:10A93000147A240104F03004234303F0BF0300F829
:10A94000033C547A00F8011C43EA841303F07F03AC
:10A9500000F8033C1168814203D0D28810BCFFF795
:10A9600097BE10BC70472DE9F8430B7805460C469E
:10A97000013B822B00F2A482DFE813F099009D00D6
:10A98000A1005201A2021A01200126012C0132016C
:10A990003601380148014E018300A202A600A2023E
:10A9A000AA003C0142015C0162015601A202680159
:10A9B000A2027B01AB01B101B701A202BD01C90135
:10A9C000CF01A202FF010D0261023F0253025B02AE
:10A9D00045024D02130219021F0225022B02310209
:10A9E0003502390296029C0267026D0285027302EB
:10A9F000A202A202A202A202A202A202A202A20237
:10AA0000A202A202A202A202A202A202A202A20226
:10AA1000A202A202A202A202A202A202A202A20216
:10AA2000A202A202A202A202A202A202A202A20206
:10AA3000A202A202A202A202A202A202A202A202F6
:10AA4000A202A202A202A202A202A202A202A202E6
:10AA5000A202A202A202A202A202A202A202A202D6
:10AA6000A202A202A202A202A202A202A202A202C6
:10AA7000A202A202A202A202A202A202A2027902DF
:10AA80007F020E23B1F803200B7042F283039A4237
:10AA900009D106236370667821462846023632467D
:10AAA000FFF7F6FD5AE03121C720F4F785FA0C23B1
:10AAB0000B700823EEE71A230B700123EAE73E230D
:10AAC0000B700223A370E6E73E230B700B23F9E71C
:10AAD0002920F4F77FFD28B13E23237022236370E1
:10AAE0002923EFE70A20F4F775FD3E2305F108025C
:10AAF00004F108012B70A0B30A23AB70E378EB706C
:10AB0000A3882B71A3881B0A6B71A379AB71E379BE
:10AB1000EB71A368AB608B8893801F22D4F80E3052
:10AB2000C5F80E30638A6B8263696B61238B2B835C
:10AB3000638BAB76638B1B0AEB76A38B2B77A38B94
:10AB40001B0A6B77E38BAB77E38B1B0AEB7794F8ED
:10AB5000203085F820306A70023296B23046BDE867
:10AB6000F8830123AB70E378EB70A3882B71A38883
:10AB70001B0A6B71A379AB71E37903F00103EB71ED
:10AB8000A368AB608B8893801322638BAB73638B5A
:10AB90001B0AEB73A38B2B74A38B1B0A6B74E38BC5
:10ABA000AB74E38B1B0AEB7494F820302B75D2E75F
:10ABB0003E230B7004234B70142383E73E230B705A
:10ABC0000C234B7004237DE73E230B700A234B704C
:10ABD000032377E73E230B700D234B70052371E7AA
:10ABE00005232370042355E70823FAE730230B706D
:10ABF00003234FE73E230B700B234B70072361E7C2
:10AC00003E230B7006234B700C235BE713230B7062
:10AC10008B789B0001333DE757230B70022339E704
:10AC20003E230B700D234DE73E230B7001234B7029
:10AC3000112347E73E230B7006234B70122341E795
:10AC40003E230B7009234B7013233BE73E23037015
:10AC50002420F4F7BFFC002815BF24230E2313265D
:10AC60000F263246A11CE81CAB70FFF711FD721CC9
:10AC700071E73E2303702520F4F7ACFCC0B1252317
:10AC80000A26AB70D4F80230C5F80330D4F8063089
:10AC9000C5F807306389A5F80B30F01CE27A04F19F
:10ACA0000C012844FFF7F4FCE27A0132324452E707
:10ACB0000F230726AB706388A5F8033023796B71E7
:10ACC0006379AB71A379EB71A37A2B72E37A6B7220
:10ACD000E3E73E230B7003234B701023F2E63E2381
:10ACE0000B7005234B702023ECE63E230B700923E9
:10ACF0004B702123E6E63E2303702620F4F76AFC1E
:10AD0000002815BF2623182317261326A9E73E235C
:10AD10000B7004234B702723D4E63E234FF000082A
:10AD200081460370282346468370D1F8023049F8E3
:10AD3000033FAA795FFA88F39A4205D8721D92B24E
:10AD4000002A3FF4A8AE06E7B21D331D08F1010842
:10AD5000A118A25809EB030049F80320063131F885
:10AD6000023C063020F8023C10F8017C3A460637D7
:10AD7000FFF78EFC3E44B6B2DBE73E232A200B7081
:10AD8000F4F728FC18B12B2363702A239AE61D23BD
:10AD90006370192396E63E230B7007234B701A232A
:10ADA00090E63E230B7020234B702C238AE63E2333
:10ADB0000B704C234B702D2384E63E230B70042331
:10ADC0004B702E237EE63E230B7022234B702F23E5
:10ADD00078E63E230B7016234B70302372E63E2339
:10ADE0000B7031236EE63E230B7032236AE63E235E
:10ADF0000B7002234B70332364E63E230B70142345
:10AE00004B7022235EE63E230B700B7C5B000F33FE
:10AE10004B701D2356E63E230B7003234B701E23FD
:10AE200050E63E230B700B7D5B0013334B701B23EE
:10AE300048E63E230B7003234B701C2342E63E235F
:10AE40000B7005234B701F233CE6FF230B700B2375
:10AE50004B70A22336E6FF230B7005234B70A32310
:10AE600030E6FF230B700D234B7080232AE6FF236F
:10AE70000B700D234B70822324E6FF230B700223FB
:10AE80004B7083231EE6FF23C21C03708123837053
:10AE9000D1F8033003F1280153F8040B8B4242F838
:10AEA000040BF9D1292256E63E230B700C234B707C
:10AEB000232307E63E230B700E234B70FD2301E690
:10AEC00040F24221F0E508B510B1FFF7B3FC10B92C
:10AED0006FF0150008BD0020FCE710B50C4648B126
:10AEE00041B1F4F7C3FA0028207014BF00206FF0BE
:10AEF000220010BD6FF01500FBE708B5F4F748FB22
:10AF0000002008BD01F065BA08B5F4F753FB002036
:10AF100008BD01F0FDBD01F01FBE03460222002066
:10AF20001A70052258709A708922D8705A716FF081
:10AF3000650218719A715022DA716FF075021A72F7
:10AF40006FF06A025A7201229A726FF06302DA722B
:10AF5000704701F08EBA38B50446FCF789F801282D
:10AF60001BD1601CFCF78CF8B8B1A3790020E51D5B
:10AF700063F03F03A371F7F7BBFC40B1102200213F
:10AF8000284604F023FB01230020237038BD284607
:10AF9000FCF78AF80028F1D0F5E70023F4E710B5B4
:10AFA00004461022002104F011FB04F110031022CA
:10AFB0000021184604F00AFBFCF790F80020F7F790
:10AFC00097FC20B12046FCF76FF8002010BDFCF77D
:10AFD0004FF80028F6D0F8E710B50446FFF732FA2C
:10AFE000B0F5007F09DA10F5007F08DD031EB8BF59
:10AFF00003339B100020237010BD7F23FAE76FF00E
:10B000007E03F7E71FB5002341F64B524178CDF898
:10B010000A30D0F80230934295BF4FF47A7240F272
:10B02000E242B3FBF2F3B3FBF2F398BF03F55063D4
:10B0300002789BB242EA0122ADF80230ADF800205E
:10B04000ADF80430C279837943EA0223ADF80630C3
:10B05000427A037A684643EA0223ADF8083001F0E9
:10B0600023FB05B05DF804FB01F0ECBD007800386F
:10B0700018BF012001F002BBF7F718B981780088EA
:10B0800001F0ABBD01F0C7BD37B505460C460088E1
:10B090000DF1060101F0F7FA2B882380BDF8063088
:10B0A000638003B030BDF7F709B901F0F8BD01F0D6
:10B0B00079B901F0D3B908B5F4F784FA002008BDD6
:10B0C000F6F774BE01F0E7B9F7F772B801F0B2B95C
:10B0D00001F0BCBC01F086BC01F0CDBC01F0A9B808
:10B0E00001F0AEB801F0F7B801F013B901F0E1B921
:10B0F00001F04FBB01F0A9B901F065B903880B80DD
:10B1000001F0EBBC03880B8001F0F5BC01F0F8B94D
:10B11000F6F7DEBEF6F7C4BE01F0A0B801F0C1B884
:10B1200001F02EB901F03AB901F01AB901F00FB9E6
:10B1300001F019BA01F03FBAF6F7D4BE01F073BAC4
:10B1400001F067B901F020BAF7F7D0B801F08ABD75
:10B15000F6F736BEF6F7F4BEF8B5941C0E46054673
:10B1600017460C446343B3F5004FA8BF4FF0FF33BD
:10B1700010F003019CB203D0B0211420F3F71CFFA0
:10B18000B4F5004F01D9B121F7E71422043004F0DF
:10B190001DFAEF746C802E80F8BD70B50688C588E6
:10B1A00003898E42C5F30E02C3F30E0403D2D221EB
:10B1B0001420F3F701FF5D40C5F30E030BB92D0416
:10B1C00009D4A24209D2C37CA41A0233E41AA142D0
:10B1D00003DD00238374184604E0183201238152F2
:10B1E0008374104470BD023101444A43B2F5004FEC
:10B1F000A8BF4FF0FF3290B21B3020F00300B0F533
:10B20000004F34BF00B24FF0FF30704740881B3012
:10B2100020F00300B0F5004F34BF00B24FF0FF3014
:10B2200080B2704738B503888B4204D24FF48571E1
:10B230001420F3F7C1FE857C65B1C388C3F30E0308
:10B240001833C25A8A4207D3C152811DF4F7EAF972
:10B2500000238374284638BD0025FBE703461830D9
:10B26000F0B59C88A5B2C4F30E06DC88AC4202D1CE
:10B270000020D881F0BD5F89DC7C855B3C44ED1B00
:10B280000234ADB2344420440C88AC4288BF0D80F7
:10B290005C89B4FA84F4640914700A88DA81E9E7F5
:10B2A000F8B582880026C38904460D4692B20E6026
:10B2B000CBB14189C2F30E020B4418329BB28718FE
:10B2C000825A4381934204D940F257111420F3F774
:10B2D00073FE04D1011DF4F7A5F946812F60002308
:10B2E0000120E381F8BD1846FCE782880146038906
:10B2F00092B2934210B508D0C3F30E03083118334D
:10B30000C45AF4F78FF9204610BD0024FBE7838868
:10B31000C0889BB2C31A584258417047828873B59F
:10B3200095B2C488C2F30E02AC4202F1180212D0E8
:10B330004189C689835A314499420EDB0DF10601D9
:10B34000ADF80650F4F76EF9BDF80600001B18BF03
:10B35000012002B070BD0020FBE70120F9E770B5C5
:10B3600005890346C4881830C5F30E02C4F30E06DF
:10B370006C40C4F30E0525B9240402D500201882C0
:10B3800070BDB2421C8806D9DD7C921B0235521B6F
:10B390009442A8BF14469D890DB1825BA41AA142B4
:10B3A000ECDCDA7C3544198202322A441044E7E7A7
:10B3B000F8B5038A002B38D08B4236D3C48800F10D
:10B3C00018038589C4F30E041E1995B91D557570AF
:10B3D00085891E5B0D443144ADB285811953D2B1CC
:10B3E000811DF4F71FF900238381002303820120CC
:10B3F000F8BD1E5BAE4204D040F201211420F3F7E9
:10B40000DBFDC57C2644878A023535445E195F53CF
:10B41000857DB570DCE7C27C2C44023214441A19D5
:10B420001B5B838293788375DFE70020E0E78388E6
:10B43000C2889BB29A4206D0428922B9C3F30E0356
:10B4400018331844704700207047C37C08880233C3
:10B450000B44136070470230704738B58388C28848
:10B460009BB29A4209D043893BB9C5893DB9011DB8
:10B47000F4F7D8F8C581012038BD0020FCE7184654
:10B48000FAE703881380C388C3F30E031833034419
:10B4900080890B6070470368002223B9C0E901323C
:10B4A000031D0360704759681B680A44F5E70729C4
:10B4B00038B5034604D84FF4EC711520F3F77CFD42
:10B4C0000068A8B1D0E900248C4212D02AB901F159
:10B4D0000805AC4204D210460AE003461046F1E7E4
:10B4E000425045181A68641A12686C6042501D6018
:10B4F00038BD1A60FCE70023C1E9003203680B6025
:10B500000160704730B590B18478B1FBF4F304FB6F
:10B51000131300EB430252898A4201D1D8B230BDE5
:10B52000C27822B900F10A03D0B2844201D8FF20C8
:10B53000F5E733F8025B0132A942F5D1EFE78278F3
:10B54000038805324B4303EB42031844704713B59D
:10B5500000230446CDE900338DF806006846F4F771
:10B5600045FA08B102B010BD2146BDF80400F4F759
:10B5700019FA0028F2D040F215211720F3F71CFD2C
:10B5800070B51E460D460921FFF72DFE04463246D2
:10B5900009212846FFF727FE002C03DB002801DBEA
:10B5A000204470BD4FF0FF30FBE7D31D23F00703AD
:10B5B00070B5083390B110F0070403D05821222051
:10B5C000F3F7FAFC04604FF6FF75C28000F108043F
:10B5D0000A468180013A92B2AA4203D103FB01F0EC
:10B5E000083070BD0668266004601C44F2E7012341
:10B5F00003707047F8B5054608461E4611460028F8
:10B6000014BF00240224FF23AB702B191B7D012BD8
:10B6100004D001342B191B7D012B19D105EB4407F4
:10B620003B8B3A8C9819904204DD00202C443883DF
:10B630002075F8BD05EB8404324660681844FFF7B6
:10B6400027F83A8B16443E830023AB700120F0E7C5
:10B650000020EEE7002910B514BF00230223FF21CC
:10B660008170C1180C7D012C07D10C3320F81320F8
:10B6700002230B750023837010BD0133C1180C7DAC
:10B68000012CF2D04FF48C710920F3F795FC02469F
:10B6900030B5837803F0FF00F3B9137D022B19D086
:10B6A000537D022B19D10346012089B10024D518FE
:10B6B0000C332C7522F81340131803241C7502EB6D
:10B6C00080035B680B6000F10C0332F813308B8051
:10B6D000012002E00123E8E7002030BD30B5837887
:10B6E000E3B9837D022B17D0C47D022C16D103232E
:10B6F00081B1002205190C342A7520F81420C218D3
:10B700000324147500EB83020C33526830F81330B5
:10B710000A608B80012002E00324E9E7002030BDAD
:10B72000037D012B01D1008B7047437D012B0CBFA2
:10B73000408B00207047837D012B01D1808B7047A7
:10B74000C37D012B0CBFC08B00207047038B23B936
:10B75000408B003818BF0120704701207047838B51
:10B7600023B9C08B003818BF0120704701207047F3
:10B77000027D022A01D1008B7047437D022B01D14B
:10B78000408B7047032AF6D0032BF9D00020704776
:10B79000827D022A01D1808B7047C37D022B01D1AB
:10B7A000C08B7047032AF6D0032BF9D000207047D6
:10B7B0002DE9F0410646069898460D464307114686
:10B7C0009DF81C7002D010F0030003D025214C20FE
:10B7D000F3F7F2FB4FF48B72FFF7E7FE002F06AB97
:10B7E000044600FB08F114BF00201846F3F73CFFA5
:10B7F00017B9069B33602C60BDE8F081F4F7E0BA1E
:10B8000069B1C31E012B09D9CB1E012B06D9012812
:10B8100005D001290CBF0120022070470420704789
:10B8200010B50446F7F768FF48B1237803F0030327
:10B83000032B04D10120BDE81040FDF745BA10BD2F
:10B84000F4F70ABB10B50446FCF790FB00F544433F
:10B850004FF47A70033C4933012CB3FBF0F394BFEF
:10B86000282000208033184410BD10B5044690F8FD
:10B870006D00FFF7E7FF01462046BDE8104002F0EB
:10B880009BB9C31E012B70B506460D4610D9FCF7B7
:10B890006DFB00F522434FF47A74B133B3FBF4F43B
:10B8A0003046FCF75BFB05F19B032344184470BD55
:10B8B0006724F5E7002313B51A4680F80432A0F890
:10B8C0005032194600930446F5F7E2F820B14FF4E0
:10B8D000FE713020F3F770FB0122C4F80002C4F8B7
:10B8E000F80184F80422A4F81602A4F8140284F8DB
:10B8F0001902B4F88020A4F85202013AA4F880207A
:10B9000002B010BD70B5044690F8603103F0FF013D
:10B91000E3B96FF00043D0E956529A4208BFB5F13F
:10B92000FF3F01D1002070BDD0E9545602F001FF65
:10B93000AE30D4E956325B1B62EB06021B1A62F191
:10B940000002002AEEDA2046F9F782FD0120EAE73C
:10B95000F8B5044618B9E0213020F3F72DFB07298C
:10B9600000F2AA80DFE801F0043E3E3AA82E9EA62F
:10B97000F9F766FDD4F84401A438FEF76FFA10B960
:10B9800040F25A21E8E7204602F051FF0546F0B99F
:10B990000146204602F0CDFE00F1AE06D4F8440187
:10B9A000B04209D2301A0321192838BF1920FEF7F6
:10B9B000C9FA051E18BF0125C4F84461204602F0EB
:10B9C0007FFF35B12046BDE8F84002F07ABF002580
:10B9D000F4E7D4E95423C4E94C23F8BDBDE8F840AA
:10B9E000FCF7A2B902F0E6FE002305460E4684F8F5
:10B9F000403184F84931D4F81431EBB150EA0103F5
:10BA00001AD00721A5FB012301FB0633D4E94C1012
:10BA1000521843EB0003D4E9540182428B410BD20C
:10BA2000012304F5A07784F848313846FDF780FFFC
:10BA300020B94FF4D3618FE70223F2E72046FFF7E6
:10BA400061FF034694F8100133B93946FDF7D2FF80
:10BA500038B940F29C617FE7FDF752FF002384F87C
:10BA60003831D4E95401D4E94A32834272EB0107F8
:10BA7000B3D255EA0607B0D0C01A334661EB0201D3
:10BA80002A4603F03CFD05FB01F300FB0633A5FB52
:10BA900000500344D4E94A02451943EB0203C4E9C8
:10BAA0004A539AE790F81001FDF72AFF002384F823
:10BAB000383192E7FD214FE740F201114CE7F8B52C
:10BAC0000D460023D0F81411044680F81831D0E94F
:10BAD000546781F8D62180F838310121D0F814015B
:10BAE000F7F72CFAD4F81401C0E98E6794F81031F6
:10BAF000C0F8545280F81C32C0E99267FFF7DAFEB2
:10BB000020B14FF4E2613020F3F756FAFBF79AFFC9
:10BB1000BDE8F840FDF7C8BDD0F81401704710B576
:10BB2000044690F83831EBB1FF2380F860310121F1
:10BB300002F0C9FE94F83831A3B194F81001FEF771
:10BB40005DF894F81001FEF765FA94F81001FDF71E
:10BB5000D7FE20B94FF4F4713020F3F72DFA00230B
:10BB600084F83831002010BD10B590F8602142B93A
:10BB700090F8182142B1D0E94731994202D9F9F73A
:10BB800067FC0022104610BD0122FBE740F2E311E2
:10BB900008B502F019F8B0F5296F28BF4FF42960F5
:10BBA00080B208BDF8B5044621B1012931D040F278
:10BBB000BE712BE0C68C36B1F7F7AAFDE58CB0FB61
:10BBC000F5F606FB15062046D4E94A5702F0F2FDC9
:10BBD00000232D18204684F840314FF0020347EB34
:10BBE0000101AD19A4F8483141F10001C4E95451F3
:10BBF000C4E94A51FFF786FE70B904F5A07194F8C4
:10BC00001001FDF7F7FE38B940F2EF613020F3F78D
:10BC1000D3F9002380F81831FBF714FFBDE8F84092
:10BC2000FDF742BD90F83801003818BF0120704779
:10BC300090F854300246590705D590F85600431E37
:10BC400058425841704713F00300FBD092F855005A
:10BC500000F0FD00F3E708B501210020F3F78CFEAA
:10BC600020B940F638313220F3F7A6F990F8940065
:10BC7000003818BF012008BD90F86C00003818BFCC
:10BC80000120704740F2651108B501F09DFFB0F545
:10BC9000296F28BF4FF4296080B208BD10B50E216E
:10BCA000F3F72CFE044618B965215320F3F784F905
:10BCB0004FF4B472002103F089FC41F20143A4F86F
:10BCC000EC30012384F80E3110BD20B190F80E0243
:10BCD000003818BF0120704720B190F80E020038DC
:10BCE00018BF0120704710F0FD0F14BF0120002085
:10BCF00070476FF45063C318062B8EBF40F2E243C7
:10BD0000A0F550604FF47A735843704790F8E831CB
:10BD1000DBB290F8A8202AB913F0FB0F14BF012062
:10BD2000002070470020704790F80432DBB290F892
:10BD3000A8202AB913F0FB0F14BF01200020704780
:10BD4000002070472DE9F8438046B0F85E60B0F8F7
:10BD500060501746343089B3FFF794FF0446022140
:10BD600001F0E5F981460221204601F0E0F94E4557
:10BD7000B8F8003028BF4E463B80B6B21B2E38BF05
:10BD80001B26FB2E28BFFB26854228BF05467E804A
:10BD9000ADB21B2D38BF1B25FB2D28BFFB25B4F5ED
:10BDA000A47F38BF4FF4A474FD80B4F5296F28BF79
:10BDB0004FF42964BC803C81BDE8F883FFF7E6FEC0
:10BDC000CCE713B501210020F3F7D6FD044688B96E
:10BDD00001210846F3F7D0FD0446C0B90023CDE9A0
:10BDE000003303238DF806306846F3F7FFFDC8B132
:10BDF00000200AE0A830FFF73FFF0028E8D02046E7
:10BE0000FFF716FF0028E3D0012002B010BDA830D4
:10BE1000FFF732FF0028E1D02046FFF709FF002896
:10BE2000DCD0F1E7009C2046FFF7FCFE0028DBD0C9
:10BE3000204602F0C2FC0028D6D0E5E7002307B573
:10BE4000CDE9003303238DF806306846F3F7CEFDC5
:10BE500008B1002004E00098FFF7E4FE0028F4D0C9
:10BE600003B05DF804FB07B5002340F6881201A972
:10BE7000FCF7E6F903B05DF804FB10B5044638B1F1
:10BE8000F6F718FB34EA00030CBF0120002010BDB8
:10BE90000120FCE707B501210020F3F76DFD20B379
:10BEA000A830FFF7E9FEE0B1012009E0A830FFF774
:10BEB000E3FE00B3F8E70098403002F0C7FE18B385
:10BEC00003B05DF804FB009B586F503002F0BEFEDB
:10BED0000028F5D16846F3F789FD0028F3D000204B
:10BEE000EEE7FFF7B8FE0028DED101210846F3F7A0
:10BEF00043FD0028DAD1FFF7A1FF0028D4D10623A3
:10BF0000CDE900008DF806306846F3F76FFD002894
:10BF1000D1D00023CDE9003307238DF80630D9E7CF
:10BF200038B505460C462AB11F2901D8002038BD76
:10BF30001220FCE7F3F756FEA04211D3284602F088
:10BF400088FC08B11F2CF3D8284602F0EDFB48B15D
:10BF50002146284602F013FC0028E7D14520E6E7F9
:10BF60000720E4E74220E2E738B5054602F0DCFBB3
:10BF7000E8B12846FFF756FE08B9002038BD28462C
:10BF8000FFF7CAFD04462846FFF7C9FD88B9002C13
:10BF9000F3D02088F6F7FEFB02212088F3F702FD9C
:10BFA0000028EAD041F65B213920F3F705F842205A
:10BFB000E4E70C20E2E7034640681B780BB9FFF783
:10BFC000A5BEFFF7B1BEF0B587B00546008801A950
:10BFD00001F058F8044600287CD1029A92F85A31B0
:10BFE000D81E434243418DF802309DF80430002BA7
:10BFF00073D192F887301F2B72D19DF8023083F0F5
:10C00000010303F001038DF8033092F8D8309B064A
:10C0100003D49DF80330002B66D0EB881B3B9BB20A
:10C02000E02B63D8298944F24810A1F5A4739BB290
:10C0300083425BD86B881B3B9BB2E02B56D8AA8807
:10C04000A2F5A4739BB2834250D8B1F5296F4FD8A3
:10C05000B2F5296F4CD8029EFF2786F81B719DF818
:10C060000230002B3ED19DF8041003AA3046B1FAED
:10C0700081F14909FFF766FE6A88BDF8123040F683
:10C08000480CBDF814109342BDF80E0028BF1346AB
:10C090006145AA88A6F8203128BF6146EB889842FE
:10C0A00028BF1846BDF810306345A6F81C01288942
:10C0B00028BF6346834228BF03468A42A6F81E3142
:10C0C000134628BF0B46A6F8223186F81A710023C2
:10C0D00086F81B31204607B0F0BD936F99068CD4CB
:10C0E00023468EE73A24F2E71A24F3E71224F1E715
:10C0F0001124EFE710B50446FFF7A0FE58B901215F
:10C100000020F3F739FCE8B901210846F3F734FCC5
:10C11000F0B9012013E0F6F7A5F968B1F5F772FC64
:10C12000044602F080FB58B9204602F078FB80F00C
:10C130000104E4B204F00104002CE0D1002010BDA1
:10C140000024F7E7A830FFF797FD0028DCD0F5E7DB
:10C15000A830FFF791FD80F00100C0B2EFE72DE9B4
:10C16000FF4107468846008802A900F08BFF06467B
:10C1700018BB039C94F86D3103F0FF061BB1B8F1B6
:10C18000020618BF012694F88730232B94F8D93083
:10C1900043EAD3030CBFC6F10102002203F00103FE
:10C1A00013433CD0BD7815B9F6F784F90546F87805
:10C1B000B8BBF6F77FF925B90926304604B0BDE8CB
:10C1C000F0810028F8D094F8752032B115F00205FE
:10C1D00000F00200F0D00028EED0FF2284F82521E4
:10C1E000DEB994F8242102F0FF06B2B984F82701E1
:10C1F00001A984F8248184F82651BA888DF80500B5
:10C200002046A4F828218DF80450ADF8062000F04F
:10C21000B1FF002384F82531CFE73A26F9E71A2643
:10C22000CBE7002DCFD1C7E708B5F6F7F7F8002028
:10C2300008BD10B50446F8F79DF82070002010BD29
:10C2400010B5FFF7BEFD044630B9F8F78DF820466B
:10C25000F6F7C6FC204610BD0C20FCE710B50378AD
:10C260000446012B01D9122010BDFFF713FE60B95F
:10C270002078FFF738FD01280DD004F11703E21DE7
:10C28000611CBDE81040F6F7B1BCF6F743FD00288D
:10C29000EED00C20E8E7A37903F0C003C02BECD06C
:10C2A000E1E710B503780446012B0AD8FFF7F2FD49
:10C2B00048B9214611F8010BFFF715FD00F0BFFE4C
:10C2C00038B9122010BDF6F725FD0028F1D00C205A
:10C2D000F8E70020F6E738B50546FFF772FD04469B
:10C2E000A8B92878012803D9FF280BD0122038BD1F
:10C2F000FFF7F9FC691CF8F743F8002814BF002089
:10C300000720F4E70120F6F76BFC2046EFE70C204E
:10C31000EDE738B50546FFF754FD0446A8B92B787C
:10C32000012B03D9FF2B0CD0122038BD1846691CF5
:10C33000FFF7D9FCF8F754F8002814BF00201220AA
:10C34000F3E7F6F74DFC2046EFE70C20EDE708B5E4
:10C350000088F6F7E5FC00280CBF3020002008BD5F
:10C3600038B50546FFF796FD044638B928780038F9
:10C3700018BF0120F6F7C8FC204638BD0C20FCE7AA
:10C3800008B5FFF787FD18B9F6F7AEFC002008BD29
:10C39000F6F7C0FC0028F7D00C20F8E7082303705C
:10C3A0000020704703466FF00C01302210B50E24B8
:10C3B00004700020DC70592459709A701C715871F7
:10C3C0009971DA7110BD082108B5F3F741F8002022
:10C3D00008BD73B506460C460088694600F052FE5B
:10C3E0000546A0B9B3786BB9019B93F87430A3707C
:10C3F000338894F902002380F6F7FEFDA0702846EA
:10C4000002B070BD7F20FFF72EFDA070F0E702257F
:10C41000F5E710B504466FF07F00FFF724FDF6F74F
:10C42000EBFD20707F20FFF71EFDF6F7E5FD607045
:10C43000002010BD10B50446F5F7E4FA02F0ECF95F
:10C44000F6F7DAFD2070002010BD0A4600F1100159
:10C4500008B5072302F0FEFF002008BD10B5014615
:10C4600004460020F6F72CFA08B92060A0800020CE
:10C4700010BD10B50446F5F7CBFF28B900202146C2
:10C48000F6F706FA002010BD0020FFF733FE002863
:10C49000F4D10C20F7E710B504460120FFF72AFE7F
:10C4A00028B101202146F6F7F3F9002010BD0C2039
:10C4B000FCE7F7B50C4605466946008800F0E2FD4A
:10C4C000A21C034690B9019901F18F0781F8C3308E
:10C4D00038681060387910712888208091F8C3601E
:10C4E00006F0FF00002EF1D103B0F0BD00230220C2
:10C4F000C4F80230137123706370F5E7FFF763BD72
:10C500001FB544F290228388934217D80288B3F56E
:10C51000296FADF8042028BF4FF4296340880A80B2
:10C52000ADF80600ADF80A0001A8ADF80830ADF886
:10C530000C30FFF748FD05B05DF804FB1220FAE768
:10C5400037B50D46694600F09DFD044640B99DF89B
:10C5500000102A460198B1FA81F14909FFF7F2FB70
:10C56000204603B030BD03466FF06F0100200A2261
:10C5700099705870DA7058719971DA7110B56FF05E
:10C5800004041C701C7110BD10B50446FFF782FC3A
:10C5900058B92078611CFFF7A6FBE279F6F784FC16
:10C5A000002814BF0020022010BDF6F7B3FB0028BE
:10C5B000EFD00C20F8E7F7B506460C460088694630
:10C5C00000F060FD0546A0B9019F87F86E5097F80E
:10C5D0006C00F5F7A9F8A07097F86D00F5F7A4F8CE
:10C5E000E07097F86E3003F0FF00002BEDD1338838
:10C5F000238003B0F0BD10B583880446022B10D809
:10C60000C078FFF73AFC08B9112010BDA078FFF7F9
:10C6100034FC0028F8D020460121BDE81040FFF787
:10C620009EBD1220F1E713B58378C17803F00104B1
:10C63000027903F0020351EA040C1DD052EA030C04
:10C640001AD0002C18BF0021002B037818BF00223D
:10C650008DF802108DF80320427843EA0223ADF8EA
:10C66000003043798279684643EA0223ADF804300A
:10C67000FFF7C1FF02B010BD1120FBE708B5F3F7CB
:10C68000EFFF002008BD13B50C46694600F0FAFC28
:10C6900030B9019B9DF80020B3F8803012B9238097
:10C6A00002B010BD0133FAE72DE9F04186B005462E
:10C6B000008804A900F0E6FC20B10226304606B04E
:10C6C000BDE8F0819DF81030012B58D0059C204624
:10C6D000FFF71CFB0028F0D0AA881046FFF709FBE3
:10C6E0008046002C49D0E369984246D1638E03937B
:10C6F0002046AB89698802936B8901932B8900934B
:10C70000EB88F5F76BF8074600283AD094F8193211
:10C7100003F0FF06BBBB0D212088F3F72DF9FFF7CF
:10C72000DBFAA0BBAB886FF4506213449BB2062BBC
:10C7300040F2E24394BF64233746434525D22FB1EC
:10C74000B4F86C1040F20222914220D10022A4F8E9
:10C750000632C4E98228E979AB7943EA0123A4F8D7
:10C7600010322B7A697A84F8182243EA0123A4F85C
:10C770001232FF2384F81932A0E70123B7E711260C
:10C780009CE730269AE73A2698E7122696E70C2689
:10C7900094E713B50088694600F074FC0146D8B9E7
:10C7A0009DF80030019C8BB19DF80030012B03D126
:10C7B0000198FFF7B9FA70B194F82B3103F0FF023A
:10C7C00053B9FF2384F82B31114605E02046FFF7CB
:10C7D0009DFA0028E8D10221084602B010BD2DE9DB
:10C7E000F341054690F8018003210078F3F7C4F87F
:10C7F0000446002800F08780F5F734FE08B3204691
:10C8000001F0E8FFEE78864228BF0646B6B2B8F1DE
:10C81000040F5DD0E06CFEF783FF8719BFB2F5F718
:10C8200021FEB8B9EB7873B9204601F0D3FF8742F7
:10C8300010D9204602F00DF850B9072002B0BDE82B
:10C84000F081EE78E3E7204601F0D6FF0028EBD137
:10C850001220F3E7F5F706FE394602462046FFF7B9
:10C860005FFB0028EAD1A8F10303012B2DD8204655
:10C8700001F0EFFF6B78032B2DD108F0FD07012F9E
:10C880003AD1204601F0E5FF002833D1B8F1010F7D
:10C8900008BF02273A46E16C6846F3F7BBF9334616
:10C8A0006A680121E06CFEF7A5FE0028C5D06B7810
:10C8B000023B012B07D8E06CFEF732FF0121024654
:10C8C000E06CFEF7C7FE0020B8E7002ECFD1BFE72F
:10C8D000002ECCD0BCE70028BAD1042BCDD1204605
:10C8E000FFF7A0F90028B3D0E06CFEF72FFF002877
:10C8F000C3D1ADE70027CDE7B8F1040FCFD1204673
:10C9000001F0E4FFDFE7422098E72DE9F34707460F
:10C91000467890F8039003210078F3F72DF8044649
:10C9200000283BD0F5F79EFD30B1204601F07BFF9B
:10C93000002808BF4FF00009E06C1FFA89FAFEF7E3
:10C94000FAFE00EB09081FFA88F8F5F78BFD60B1D5
:10C95000F5F788FD414602462046FFF7E1FA054615
:10C9600068B1284602B0BDE8F087FB78002BEFD015
:10C97000204601F058FF0028EAD11225F1E7042EE5
:10C98000FBD0032E10D0B9F1000FF6D02046FFF7F0
:10C9900049F938B10C25E4E704220EE04225E0E72E
:10C9A0000725DEE7012E0CD1204601F052FF0028BA
:10C9B000F2D1012E0CBF06220522E16C6846F3F786
:10C9C00029F953467A680021E06CFEF713FE00282F
:10C9D000E6D0023E012EC4D842460021E06CFEF7AC
:10C9E00039FEBEE713B50446F5F70CF84FF4407373
:10C9F0006846ADF8003000238DF8023014F8013B92
:10CA00008DF803300194FFF780FF02B010BD38B5F8
:10CA1000032105460078F2F7AFFF0446A0B1FFF707
:10CA200001F928B92046691C01F0CCFE002038BD70
:10CA3000204601F0F8FE08B10C20F8E7204601F08E
:10CA4000EEFE0028F8D1EDE74220F0E713B50446EA
:10CA5000F4F7D8FF684614F8013B8DF803304FF423
:10CA600040730194ADF8003000238DF80230FFF7D9
:10CA7000B6FE02B010BD73B50546F4F7C3FF044619
:10CA80002B7863B100230DF1010101208DF80030F6
:10CA9000F5F716FF18B16846FFF7B9FFA0B90026F1
:10CAA00020468DF8006001F0C2FEB0428DF80360B0
:10CAB00014BF80233346ADF801302B78012B05D10C
:10CAC00069462046F5F79CF802B070BD1BB92046B8
:10CAD000FFF74AFAF8E71220F6E710B502210446FC
:10CAE0000088F2F749FF20B1A11CBDE8104002F018
:10CAF0006DB8022010BD08B502210088F2F73CFF96
:10CB000020B10021BDE8084002F060B8022008BD55
:10CB100037B504460D4600880921F2F72DFF10B104
:10CB20000C2003B030BD0B212088F2F725FF002830
:10CB3000F6D10C212088F2F71FFF0028F0D16946BA
:10CB4000208800F09FFA0028EBD123882B80019BDE
:10CB5000B3F8B4306B80E4E737B504460D4600887F
:10CB60000921F2F709FF10B10C2003B030BD0B21F1
:10CB70002088F2F701FF0028F6D10C212088F2F777
:10CB8000FBFE0028F0D1238898B22B8063880BB974
:10CB90001220EAE7694600F075FA0028E5D16488BA
:10CBA00042F21071019AA3B2D5694B43518E694389
:10CBB000958C05FB01118B42EAD3D569D169A94255
:10CBC000FBD1013B0025A2F8B4400B44C2F8AC50A5
:10CBD000B3FBF1F3C2F8B030C7E710B50C46022141
:10CBE000F2F7CAFE88B1022C11D804F00103C4F395
:10CBF000400480F8D53180F8D44123B190F8D23187
:10CC00003BB1F4F719FC002010BD0220FCE7122014
:10CC1000FAE71846F8E710B504460078FF280AD06E
:10CC20000321F2F7A9FE58B16378A27843EA022300
:10CC3000C384002010BDB4F80100F4F741FDF8E70B
:10CC40004220F7E710B504460078003818BF0120ED
:10CC5000F4F754FD2078003818BF0120F4F7D8FB12
:10CC6000002010BD10B50446F5F7FCFB50B1F4F7F9
:10CC7000C9FE6178C1F3400201F0010101F02AFE12
:10CC8000002010BD03212078F2F776FE0028F0D1B5
:10CC90004220F6E70820F5F7EBBB01F0C1BF08B56D
:10CCA000C3780246013BD8B2042801D9FE2806D138
:10CCB0001378042B03D1F4F71BFD002008BD1220CC
:10CCC000FCE710B5044604B910BD236898476468B2
:10CCD000F9E703680BB9016070471A465B6813B146
:10CCE0008A42FAD170478A4218BF5160704708B52E
:10CCF000F4F738FBF8F7A0F820B140F22B1101202F
:10CD0000F2F75AF90320BDE80840FEF720BC08B549
:10CD10000220FEF71CFC0020FEF719FCF2F7F0FEE3
:10CD2000F5F728FDF3F7FCFA20B140F20B110120D2
:10CD3000F2F742F908BDFFF7EABF08B5FFF7D7FFE2
:10CD4000F9F772F820B14FF4A0710120F2F734F92D
:10CD500008BDFBF78BBE0B46152203F8032BD0F85A
:10CD60000920C1F80320427B1A71704730B585B0A5
:10CD700004460D46F6F736FA80B36FF4B27302A993
:10CD80001C442088ADF8000000F07CF918B12F2178
:10CD90007E20F2F711F9039B0221684693F8682080
:10CDA0008DF8022093F86920B3F86A308DF80320DB
:10CDB000ADF80430FFF7D3F908B14521E8E78DF865
:10CDC00008009DF808308DF80900002063F3070083
:10CDD0009DF8093063F30F2005B030BD38232B7068
:10CDE000D4F80930C5F8033004238DF80830E8E79B
:10CDF00008B5436893F886201AB188217E20F2F79F
:10CE0000DBF8212283F8862008BD034610F00100DC
:10CE100005D19A0702D403F004007047022070473E
:10CE20002DE9F84F0546104693461F46FFF7EDFFE4
:10CE3000064608468A46FFF7E8FF46EA0009DDF89D
:10CE4000288004465FFA89F9B9F1000918BF4FF04C
:10CE50000109F5F72FFB10EA0B0F08BF0026F5F7C5
:10CE600029FB95F86C2010EA0A0F08BF0024B24293
:10CE700014BF3346002388F8003095F86D20A24295
:10CE800008BF0024234388F801400AD1B5F8803058
:10CE9000013FFF1A47F6FD73BFB29F4288BF4FF0B4
:10CEA0000009BEB995F86C00F4F74EFC03280ED1CA
:10CEB00095F82431012B0AD1B5F82831012B95F8CA
:10CEC0006C3009D1032B09D0032388F80030484681
:10CED000BDE8F88F042EEAE7042BF8D00423F4E72A
:10CEE000042905D101280CD10321138051807047FA
:10CEF000032906D1012804D0042101201380518088
:10CF0000704700207047012806D0022804D003385B
:10CF100001288CBF002004207047F8B544680646FD
:10CF20000F4694F88750A5F12103062B47D92F2DE2
:10CF300045D0002D41D194F88630262B3FD00846AD
:10CF400000F095FC28B9F9783046BDE8F84000F0CB
:10CF50009BBE7B7903F0070384F865303B7903F0CF
:10CF6000070384F8643094F82531D3B994F8243158
:10CF7000012B16D094F86D3094F86420D91E012945
:10CF800098BF04239A4214D194F86C30DA1E012A17
:10CF900094F8652098BF04239A420AD1022384F8AA
:10CFA00024312323304684F8873000F031FE2846B0
:10CFB000F8BD3046F5F7CAFAF3E70125F7E7202573
:10CFC000F5E708B5436893F88720232A05D022B1F6
:10CFD00040F2E5317E20F1F7EFFF242283F887202D
:10CFE00008BDF5F7C7BB704730B542400C781878DC
:10CFF0005D784440487868409D780444887868406B
:10D00000DD780444C87868401D795B790444087968
:10D01000497968404B4004442344D3420CBF01206B
:10D02000002030BD034600200139C9B2FF2900D1DC
:10D0300070475A5C82F001021044C0B2F4E708B5B0
:10D04000F5F764FC082807D0F5F782FC082803D020
:10D05000F5F792FC012008BD0020FCE708B5F5F7C4
:10D0600055FC082803D0BDE80840F5F771BC08BDA1
:10D0700008B501F04FFE18B1BDE80840F9F70CBE45
:10D08000082008BD70B50D4600210646F2F774FC75
:10D090000446686010B10020287070BD022130463F
:10D0A000F2F76AFC686018B1012320462B70F4E7A0
:10D0B0000220F2E701440023884203D1B3FA83F04F
:10D0C0004009704710F8012B1343F5E7F8B5054602
:10D0D0000C46D0E90476FCF72BFC20B94FF48271A2
:10D0E0002920F1F769FFF4B1D5E90431DA1B61EBCE
:10D0F0000603012A73F100014FF0000115DB6FF008
:10D100000100904271EB030302DA4FF48771E7E705
:10D11000631E1344B3FBF4F35C43E41946F10006C9
:10D12000C5E904461C462046F8BD0C46FBE7CB1E6D
:10D13000012B0FD8032915BF4FF4167396234022F5
:10D14000102203F5BC73984212D9C01A90FBF2F07A
:10D1500080B27047022905D13C2809D93C38C0F378
:10D160008F007047702803D97038C0F3CF00704724
:10D1700000207047034608689866704702290246F7
:10D1800008B515D006D801290AD040F27F11292010
:10D19000F1F712FF03390129F7D840F6A66008BD60
:10D1A00040F6C41340F2E240002A18BF1846F6E7E2
:10D1B00040F6C410F3E7A0F5A270884294BF091AA4
:10D1C000491A1868012900EB5100186098BF002027
:10D1D000136888BF0120A3EB510313607047C3B2EB
:10D1E00093FAA3F3000A90FAA0F01B0E000E43EA94
:10D1F000002070470131821DF8B5C9B20023012516
:10D2000012F8010B884216D312F8066C002405FAB6
:10D2100004F7E0B237421CBF01F1FF31C9B269B176
:10D220000134082CF3D10133DBB2052BE8D199216D
:10D230004620F1F7C1FE091AC9B2F4E700EBC300BA
:10D24000C0B2F8BD0B6870B5C0F8013004460B7968
:10D25000451C861D03F01F0343710023C37215F89C
:10D26000010B00F0BBFC2871B542E37A1844E07270
:10D27000F5D170BD81EA114189B270B50446C57A15
:10D28000032682EA0100FFF7AAFF013E00EB00102F
:10D2900016F0FF0601EB000290B2F4D141402522C6
:10D2A000B1FBF2F302FB1313C3F3C402D8B203F0D1
:10D2B000070322445678012202FA03F31E4207D1E3
:10D2C00069432046C1F30741BDE87040FFF792BFB4
:10D2D00070BDF8B590F8215004466B1E242B56D82B
:10D2E000002A56D0807D18B1012846D01F2019E0B1
:10D2F00094F82310012694F8223002FB0313252210
:10D30000B3FBF2F102FB1133DBB204EBD30284F87E
:10D310002330D17D03F0070206FA02F2114202D057
:10D3200084F82430F8BDB3FBF5F205FB123304F1A9
:10D330001C0102460133D8B211F8013B834219D3D4
:10D3400011F8067C002306FA03FCDDB21CEA070F85
:10D350001CBF00F1FF30C0B220B905EBC20284F857
:10D360002420DFE70133082BEDD10132D2B2052AA8
:10D37000E2D1BBE7C01AC0B2F7E7228904F1160078
:10D38000096AFFF777FF84F824000020CAE712201B
:10D39000C8E71046C6E7034612EA010003D013F0BF
:10D3A0003F0018BF012070470B68C0F803308B881E
:10D3B000A0F8073070470B68C0F809308B88A0F8D8
:10D3C0000D3070470378890123F0400301F04001DC
:10D3D0000B4303707047037803F07F0343EAC113E4
:10D3E000037070471F2A38B50546144603D9C1217A
:10D3F0002A20F1F7E1FD06340930FDF749F96C7098
:10D4000038BD1F2A38B50546144603D9E3212A2022
:10D41000F1F7D2FD06340930FDF73AF96C7038BDEA
:10D4200030B50378024603F00F03032B40D0052BE1
:10D430001FD1C37F90F82000034392F821000343DB
:10D4400092F82200034392F8230020F01F001843B3
:10D450002DD05378222B0CD1B2F81930B2F81740E6
:10D46000907D41B1B3F5506F05D940F607518B421D
:10D470000ED900201BE0991F40F67A4589B2A942D7
:10D48000F7D8411E0729F4D88342F2D9A342F0D33A
:10D49000B2F81B30B3F5FA7FEBD2B2F81D0040F6BC
:10D4A00076430A3880B298428CBF0020012030BDFC
:10D4B0004078A0F10C0358425841F8E72DE9F041BB
:10D4C00090F8038005460E4618F03F0700F0918063
:10D4D000072900F28E80DFE801F004101A242E38AC
:10D4E000424C017901224046FFF755FF00280CBF4E
:10D4F000344605242046BDE8F081017902224046E9
:10D50000FFF749FF04460028F4D0052462E00179C2
:10D5100004224046FFF73FFF04460028EAD00524D6
:10D5200050E0017908224046FFF735FF0446002805
:10D53000E0D005243EE0017910224046FFF72BFFA2
:10D5400004460028D6D005242CE00179202240464C
:10D55000FFF721FF04460028CCD034461AE00179B9
:10D5600040224046FFF717FF04460028C2D005249A
:10D5700008E0017940224046FFF70DFF00280CBF6C
:10D5800005240624202229794046FFF704FF08B12C
:10D590001234E4B2102229794046FFF7FCFE08B1AC
:10D5A0000334E4B2082229794046FFF7F4FE08B1BB
:10D5B0000234E4B2042229794046FFF7ECFE08B1B8
:10D5C0000134E4B2022229794046FFF7E4FE08B1B3
:10D5D0000634E4B2012229794046FFF7DCFE08B1A7
:10D5E0000634E4B2072E85D1231F9F42B8BF002422
:10D5F00080E700247EE770B50C46064611461D46BE
:10D6000024B940F2EB212A20F1F7D6FCFFF756FFB0
:10D6100010B94FF43B71F6E7031F2B443F2B02DD9B
:10D6200040F2ED21EFE72A4621463044BDE8704044
:10D63000FDF72EB8C37803F03F0343EA8113C370AC
:10D640007047C1F3800330B5C1F38014C1F34005C6
:10D650002344C1F3001404EB44042344C1F34014F5
:10D6600004EBC40403EB4403C1F300042C44C1F3F2
:10D67000C005134404EB44042C4403EB440313F0AF
:10D68000FF031CBF01330171C17818BFDBB221F069
:10D690003F0103F03F042143C170591C41701AB18E
:10D6A00004339B1A013AC25430BD40787047037866
:10D6B00001F0030123F003030B430370704700786C
:10D6C00000F0030070470378490123F0200301F0C4
:10D6D00020010B43037070470078C0F3401070477F
:10D6E0000B78837070471B2A08B504D940F2634158
:10D6F0002A20F1F761FC42700330BDE80840FCF7D6
:10D70000C7BFB0F807007047B0F809007047C17292
:10D71000090A01737047B0F80B00704770B5B0F894
:10D720000730B0F80950B0F805600479B0F80B0084
:10D7300091B1B3F5506F0FD940F60752934218D804
:10D74000B5F5FA7F15D20A3840F6764380B2984292
:10D750008CBF0020012070BD9A1F40F67A4192B222
:10D760008A4206D8621E072A03D89C4201D29E42F2
:10D77000E5E70020EFE70B6843600B790372704721
:10D7800043680B60037A0B717047B0F8090070476B
:10D79000007970470B6843604B688360704743684B
:10D7A0000B6083684B6070470B8883817047838967
:10D7B0000B8070470B68C0F80E304B68C0F8123011
:10D7C0007047D0F80E300B60D0F812304B607047C5
:10D7D000C0F816107047D0F816007047FFF7DABF90
:10D7E000C1607047007970470171090A4171704743
:10D7F0008171090AC17170470172090A417270474B
:10D800008172090AC172704780887047C08870476A
:10D81000008970474089704703891A2B0DD94389C5
:10D82000B3F5A47F09D383881A2B06D9C088B0F535
:10D83000A47F34BF002001207047002070470430CF
:10D8400001F1200351F8042B994240F8042BF9D13F
:10D850000B880380704738B515460446FFF7EFFF85
:10D860002B68C4F826306B68C4F82A3038BD0379B9
:10D87000024613F0070004D0507910F0070018BFDB
:10D8800001207047017170470079704741717047FE
:10D8900040797047C08870470279437902F00702E7
:10D8A00003F00703511E0A40591E0B4013430CBFDF
:10D8B0000120002070470171704700797047417165
:10D8C000704740797047FB2908B504D940F64601F6
:10D8D0002A20F1F771FB417008BD037843B140681D
:10D8E00090F8D23123B1002380F8D231F3F7A4BDF0
:10D8F000704708B5017A19B101290DD0002008BD83
:10D9000003680221C2888088F5F71AFC0028F6D146
:10D91000F5F71AFE0120F2E70368C288F3E7022355
:10D920000B7001238B707047F5F790BD10B521B9CE
:10D930004FF40F711020F1F73FFB4A600B72EFF3C9
:10D94000108472B6031D0B6042681AB1127A012A64
:10D9500008BF036003681960016004B962B6BDE8DE
:10D960001040F5F7BFBD0222F5F7DCBD0322F5F745
:10D97000D9BD0422F5F7D6BD0222F5F717BE142350
:10D980000B706FF4A47318440388A1F80330B0F847
:10D990004030A1F80530B0F84430A1F80730B0F8B5
:10D9A0004230A1F80930B0F84630A1F80B3070478A
:10D9B00008B5CB1E012B04D8800100F5747080B22D
:10D9C00008BD012902D10E30C000F8E7022902D1BA
:10D9D0000F308000F3E740F286210620F1F7ECFAE1
:10D9E00030B587B004460D46F5F704FC90B3A4F5B6
:10D9F000A974694624882046FEF7A2FD18B1D721F4
:10DA00002C20F1F7D9FABDF8063003A8ADF80C4088
:10DA1000ADF80E30BDF80830ADF81030BDF802306A
:10DA2000ADF81230BDF80430ADF81430FEF766FDE5
:10DA300008B1E021E4E78DF80C009DF80C308DF87A
:10DA40000D00002063F307009DF80D3063F30F20F5
:10DA500007B030BD2B46372203F8032BD4F809203A
:10DA6000C5F80320D4F80D205A60B4F811201A81AB
:10DA700004238DF80C30E0E7406870470339012932
:10DA80008CBFC08A4FF42960704770B590F86C6005
:10DA90008D88033E0C89012E04D943B11678033ECC
:10DAA000012E04D8B5F5296F38BF4FF4296590F8D9
:10DAB0006D60033E012E04D943B15378033B012B23
:10DAC00004D8B4F5296F38BF4FF42964CB884A884D
:10DAD000A0F85830A0F85420A0F85650A0F85A40AA
:10DAE00070BD8383BDF8003001834283C3837047D8
:10DAF00038B5CB1E0446012B10D9C38B458C9D42F3
:10DB000028BF1D46207AFFF753FF6389AB4228BF29
:10DB10002B46984238BF184680B238BD4FF429656D
:10DB2000F0E72DE9F041064690460C46B0F840007B
:10DB300011461F46FFF73CFF0546414606F13400FB
:10DB4000FFF7D6FF85423946A7F1030728BF0546F0
:10DB5000B6F84800FFF72CFF012F0346ADB28CBF8B
:10DB6000B6F84A004FF42960834228BF0346A01D3F
:10DB70009BB280B22B441844BDE8F08190F8763017
:10DB800090F86C20002B90F86D3014BF4D21962139
:10DB9000FFF7C7BF90F87630002B70B50CBF962604
:10DBA0004D260C461546FFF7E9FF30442844A042B5
:10DBB00094BF201A002070BD38B50D460446FFF70B
:10DBC000DDFF2844A06338BD006801F19C03984242
:10DBD00083BF401A9C3840080020704700F055036E
:10DBE000400800F05500184400F03303800800F0AE
:10DBF0003300184400F00F0303EB10107047436824
:10DC0000002283F8862083F8C220A3F8BE20704744
:10DC1000027843682AB9A3F8C420012283F8C620F9
:10DC200070470022A3F8C42093F8C6200132F5E71C
:10DC300008B50378426813B982F8C63008BD92F877
:10DC4000C630013B5BB2002B82F8C630F6DA5221B7
:10DC50004A20F1F7B1F9436883F80B1183F80A21E0
:10DC60007047A0F10B03042B0CD9A0F14403012B46
:10DC700008D9A0F12103062B04D9A0F12F035842A3
:10DC800058417047012070474268936F10B513F0F8
:10DC9000080408D143F0080382F808119367FFF7DE
:10DCA000B7FF204610BD0120FCE738B505460C46FD
:10DCB000B1F85810FFF798FDB4F812112846FFF795
:10DCC00097FDB4F854102846FFF796FDB4F81011EC
:10DCD0002846BDE83840FFF793BD10B5446894F876
:10DCE0008830073B012B07D90846FFF751FD072372
:10DCF00084F8890084F88830002010BD426892F8CA
:10DD00008830073B012B84BF082382F88830704796
:10DD1000F8B5476804460D4697F8876016BB084675
:10DD2000FFF733FD6168A7F89802B1F89832B1F8AF
:10DD30008020013B9B1A47F6FD729BB2934207D9A4
:10DD40002823204681F8A930F6F73CF83046F8BD84
:10DD500001F29A212846FFF713FD63680B2283F82E
:10DD60008720F3E70126F1E70B46082203F8032B8F
:10DD7000D0F80920C1F80320D0F80D205A60427C69
:10DD80001A720023CB70704743682DE9F04193F875
:10DD9000875006460C46002D69D193F87510204631
:10DDA000FFF7BCFC074628B9E1783046BDE8F041F2
:10DDB000FFF76ABF7268B4F80D30B2F88010A2F8AD
:10DDC0009832C9430B4447F6FD719BB28B4208D988
:10DDD0002823304682F8A930F5F7F4FF2846BDE83D
:10DDE000F0812046FFF78DFC6FF45063D6F8048075
:10DDF000C3189BB2062B8DBF40F2E243A0F55060E2
:10DE00004FF47A732F468CBF58435843C8F8A0028A
:10DE1000237907B303EB830303EB83039B00A8F889
:10DE20009A32B4F80530FFB1642253432046C8F853
:10DE30009C32FFF769FCA8F8A40220467768FFF738
:10DE40006AFC73680022A7F8A60283F8AC220E22AF
:10DE500083F88720C2E7C3EB431203EB820303EB93
:10DE600083035B009BB2DAE740F2E242DDE7012583
:10DE7000B4E72DE9F347D0F804A0064608460C465F
:10DE8000FFF7CAFC0546E0B12046FFF7C1FC074694
:10DE90002046FFF7B9FC80462046FFF7BBFC8146D1
:10DEA0002046FFF7B3FC394600904B460AF1340098
:10DEB0004246FFF716FE7168504601F24911F5F728
:10DEC000A3FB284602B0BDE8F08708B5436893F885
:10DED00086201AB126214520F1F76EF81E2283F81C
:10DEE000862008BD38B54568044695F886301E3B47
:10DEF000022B0CD8FFF7BDFF18B106216068F3F7BD
:10DF000017FB002085F8C20085F8860038BD012087
:10DF1000FCE74268936FD90610B5044603D4B021DC
:10DF20004520F1F749F8990601D5B121F8E723F02A
:10DF300010039367FFF77CFE60680621BDE8104080
:10DF4000F3F7F6BA0B230B70D0F80930C1F80230A2
:10DF500070470B460C2203F8022BB0F809204A80C8
:10DF6000C27A9A70704738B54368054693F887407F
:10DF700034B1123C0B2C94BF08240124204638BD38
:10DF800093F88C20002AF9D0D3F8143133B9FFF775
:10DF90003FFE6B68122283F88720EFE70C220A21EC
:10DFA000FFF759FE6B683222284683F88720FFF777
:10DFB0002FFEE3E708B5436893F88720162A04D0BC
:10DFC0004FF4BD711F20F0F7F7FF012283F8C7203F
:10DFD000172283F8872008BD436893F88720132A07
:10DFE00005BF14220020022083F887207047436871
:10DFF00010B593F887300446192B07D1FFF718FEA8
:10E0000063681D22002083F8872010BD0220FCE7F2
:10E0100008B5436893F88720122A04D040F2A31170
:10E020001F20F0F7C9FF012283F8C720132283F8CD
:10E03000872008BD08B5436893F88720172A04D0C5
:10E0400040F2AB111F20F0F7B7FF192283F88720A9
:10E0500008BD08B5436893F886201AB1C1211C2079
:10E06000F0F7AAFF042283F8862008BD08B50378DC
:10E07000426833B992F887305BB1C9211C20F0F7B0
:10E080009BFF936FD90701D4CD21F7E723F001035C
:10E090009367BDE80840FFF7CBBD0E23A0F5A07045
:10E0A0000B7003884B8070474368017893F8862093
:10E0B00061B9052A08BF00224FF0000002BF83F8B3
:10E0C000B62083F8C22083F886207047102AF1E733
:10E0D00038B50478456854B995F8873053B9FFF7D7
:10E0E00097FD4CB9022385F88730204638BDAB6FC9
:10E0F0005B07F4D50124F8E7AB6F002443F0040379
:10E10000AB67F2E7037823B14268936F23F004030F
:10E110009367FFF78DBD08B5436893F886201AB161
:10E1200070214B20F0F748FF0278002A0CBF05222F
:10E13000102283F8862008BD10B5D0E90D42A24216
:10E1400006D38B8C121B498E05334B43934202D36B
:10E15000012380F83E3010BD01230B7000238B702B
:10E1600030F8CA3CA1F80330437A4B714389CB8025
:10E1700083890B81704710B5446894F8C9209207D1
:10E180000ED494F886301BB174214020F0F714FFB0
:10E190000122A4F8BE3084F8862084F8C22010BD85
:10E1A000037843B994F887300BB9FFF741FD00239A
:10E1B00084F82A31F3E7A36F9B07F8D5FFF738FD02
:10E1C000A36F23F00203A367F1E710B50B790128D1
:10E1D0004C790A6843EA0421104608BF41F48031B3
:10E1E00010BD07B5FFF7F1FF0DF10702F6F766F86E
:10E1F00003B05DF804FB0B46062203F8032BB0F8CE
:10E200000920A1F80320C27A9A7070470B461722A2
:10E2100003F8032BD0F80920C1F80320D0F80D2013
:10E220005A6070473B2301F8033B00F10903293092
:10E2300053F8042B834241F8042BF9D11B880B803F
:10E240007047F0B50646BDF8147001F5A571D92EDA
:10E25000344607F0010507F0020028BFD924303406
:10E26000A4B2FF2C28BFFF24BF0700F0AF8048B343
:10E27000042A21D0032A22D0022A0CBF4FF496741C
:10E280004FF414740C44D11EC9B29C34022934BF1B
:10E29000282000200129044440D804F5356498342E
:10E2A000002D48D0042A40D0032A41D0022A0CBFB6
:10E2B0006421C0210819F0BD41F2D024E2E740F208
:10E2C000CE54DFE783B1042A08D0032A09D0022AFA
:10E2D00040F6480408BF4FF48564D3E744F2902425
:10E2E000D0E741F2BE14CDE7042A05D10534A4B22B
:10E2F000A40104F5C874C5E7032A05D10534A4B206
:10E30000240104F5BF74BDE7022A0BBF0B340A34A5
:10E31000A4B2A4B20CBFA400E400B3E7022A0CBF6D
:10E32000B4204FF4B0700444B9E74FF4CA61C1E7B8
:10E3300040F2AE21BEE793B1042A0AD0032A0BD0E3
:10E34000022A40F648000CBF4FF485610146601870
:10E3500012E044F29021FAE741F2BE11F7E7F12E04
:10E36000354628BFF125042A1ED105F1130080B2DD
:10E37000800100F5C8752819D92E9CD9D93EF721FE
:10E38000B6B2002B56D0F636042AB6FBF1F64BD0C7
:10E39000032A4CD040F2725340F69211022A18BF61
:10E3A0000B4603FB060086E7032A05D11335ADB201
:10E3B0002D0105F5BF75DEE7022A0BBF19351835AB
:10E3C000ADB2ADB20CBFAD00ED00D4E78BB1042A05
:10E3D00009D0032A0AD0022A40F648000CBF4FF4A5
:10E3E00085640446B3E744F29024B0E741F2BE14DA
:10E3F000ADE7042A05D10534A4B2A40104F5C8741C
:10E40000A5E7032A05D10534A4B2200100F5BF74A5
:10E410009DE7022A0BBF0B3404F10A05A0B2ADB28E
:10E420000CBF8400EC0092E744F2DA33B9E741F222
:10E430000833B6E7B6FBF1F3042ADBB21CD0032A9B
:10E440001DD040F2725140F69214022A18BF2146A4
:10E4500001FB0300C3EB4311C3EBC103F61AB3B2D4
:10E46000002B3FF428AF0833042A9BB20AD19B014A
:10E4700003F21A4318441EE744F2DA31E8E741F2A6
:10E480000831E5E7032A03D11B0103F54673F1E7E1
:10E49000022A0BBF9B00DB0003F5BB7303F5CD73B2
:10E4A000E8E78B8873B513F0180506460C461ED1B5
:10E4B000086820B940F2CA312D20F0F77DFD00F048
:10E4C00091FA217CF6F70AF8A3880146627C009352
:10E4D00030462B46FFF7B5FEA430D4E90223824232
:10E4E00073F100032CBF0120002002B070BD012099
:10E4F000FBE738B513220B460C4603F8032B00F15B
:10E500000902293052F8041B824243F8041BF9D156
:10E51000127802211A700123A588A3712846F1F709
:10E520002BFAB8B1E37863B10088F4F733F902212C
:10E530002846F1F737FA68B140F223212D20F0F791
:10E540003BFDF3F7B1FF4B0404D52846BDE8384046
:10E55000FDF7A4BB38BD38B5CB690446104641F27F
:10E560007072A3F57A75954295BF4FF47A7240F2B6
:10E57000E242B3FBF2F3B3FBF2F398BF03F550634F
:10E5800004F1A0029BB2A4F8AC308B8CA4F8AE309E
:10E59000CB8CA4F8B03091F8C03184F8B230637FEE
:10E5A00063B394F86830012B28D194F86E3003F0EF
:10E5B000C003402B22D1D4F86930C4F8A030B4F89D
:10E5C0006D3093800828236A04F1A6019A7803F13C
:10E5D000030584F8992004F19A02D3F8033018D087
:10E5E000C4F8A630AB888B8004F19901F4F7ACFB3A
:10E5F00040B940F697312D20F0F7DEFC0023C4F837
:10E60000A030DEE794F8993043F0020384F89930A3
:10E6100038BDC4F89A30AB8893800023C4F8A63084
:10E620008B80F5E70B46162210B503F8032BD0F8C4
:10E630000920C1F80320427B1A71CB78BBB130F8B6
:10E64000B43C1B0713D4B1F8054002212046F1F772
:10E6500093F960B10088F4F79DF802212046F1F7A4
:10E66000A1F920B140F263212D20F0F7A5FC10BDE7
:10E670000121F6F7DFBAFFF7FBBF08B590F8943039
:10E680000BB1012008BD90F8CC30002BF9D190F8E7
:10E69000BE3003F0FF00002BF4D0F3F7E3FE80F070
:10E6A0000100C0B2EEE730B54FF4B47285B00D464C
:10E6B0000021044600F08AFFFF23237013236380A8
:10E6C00042F21073E384F1F761FA00220146E0643C
:10E6D0006846F1F79FFA00220121E06CFCF7BAFFCF
:10E6E0000422E16C6846F1F795FA0022E06C1146CD
:10E6F000FCF7B0FF04F13000E57400F023F902A844
:10E70000F4F7B6FC20B940F206312D20F0F754FCA6
:10E7100002A904F13600FEF795FD05B030BDFF23D8
:10E72000C86C0B70FCF763BF0078FF3818BF01207E
:10E730007047F7B5044630300E4600F053F9618853
:10E740000746CA0605D52822F6F7AAFE6D3003B0A3
:10E75000F0BD8B07E06C0FD5FDF71AF8054621795F
:10E760003846F5F7BBFE6388014662790093284678
:10E770003346FFF766FDE9E7FCF7FAFFEEE70346ED
:10E7800008465A8812F0180F30B587B010D103F13F
:10E790003001ADF80420D3E902459B880091694619
:10E7A000ADF81030CDE90245FFF77BFE07B030BD74
:10E7B0000120FBE7D0E902017047007D003818BF57
:10E7C000012070470B68C0F816308B884383012303
:10E7D00003777047438813F0100005D013F0040F3F
:10E7E00014BF00201F2070479A0704D4DB0701D410
:10E7F000F1F7F8B9EE20704708B5FFF7EBFF0038E6
:10E8000018BF012008BD0023A0F8483043881D2B05
:10E8100008BF00214174704790F913007047408889
:10E8200000F0010070474088C0F340007047408806
:10E83000C0F3C000704710B54488C06CE30654BFF5
:10E84000C4F340040024FCF78AFF002C08BF012019
:10E8500010BD4088C0F3001070474088A0F1090344
:10E860005842584170474079C31E012B05D8B1F872
:10E870006A30012B0CBF03200420704710B50446FA
:10E88000F4F746FFC0F30B00A042F9D010BD10B55D
:10E890000446F6F717FD00212046F6F7CBF920468F
:10E8A000BDE81040F5F79EBE90F8683001624B72EB
:10E8B000D0F86930C1F80A30B0F86D30CB817047BC
:10E8C0007047F5F767BF80F888107047FF2380F81E
:10E8D0008B30704780F8241080F825207047C0F3F3
:10E8E0004002C0F3800300F0010013441844704755
:10E8F000022808B507D0042807D0012807D03921FD
:10E900002E20F0F759FB262008BD2720FCE7252004
:10E91000FAE78278034612F0010002D0D978C907DD
:10E920000FD5900702D5D978890709D512F00400D0
:10E9300007D0DB7813F0040F14BF002004207047C9
:10E94000022070470023C0F8023001234370037097
:10E9500070478170704710B542701446017080781E
:10E96000FFF7BDFF484304FB00F2FE2A03DD5C21F4
:10E970002E20F0F721FB10BD0023C37043710371FB
:10E98000704710B50446FFF7C4FF6379627801331E
:10E99000DBB29A4263710CD1E3780022A178034381
:10E9A0006271DBB29942E37001BF2379E2700133F7
:10E9B0002371BDE81040FFF79BBF38B5044680784F
:10E9C000FFF78DFF0146E078FFF789FF2378227972
:10E9D00065789B1A6B4359436379C91A00FB15107C
:10E9E000C0B238BD014608B58078FFF778FF4A7895
:10E9F0000B7853435843C0B208BD40F2EE20704735
:10EA000040F25A335843704708B5436893F887205B
:10EA1000172A04D040F20A513120F0F7CDFA1B2218
:10EA200083F8872008BD08B5436893F88720322A09
:10EA300006D1002283F88720BDE80840FFF7F8B828
:10EA4000172A03D11B2283F8872008BD40F21F51EB
:10EA50003120F0F7B1FA037D63B9C37B90F8500021
:10EA6000A3F11102032A05D928B11D2B8CBF002068
:10EA70000120704701207047037D63B9837B90F8C4
:10EA80005000A3F11102032A05D928B11D2B8CBF18
:10EA90000020012070470120704738B50E385368B8
:10EAA00014460D4693F8862009283FD8DFE800F089
:10EAB000053E3E3E0F3E173E3E26042A05D1204627
:10EAC000FFF79DF82046F5F72DFB002038BD102AF2
:10EAD000FBD120460021BDE83840FFF7E5BA1E2AE9
:10EAE000F3D12046FFF78BF8002DEED0626892F844
:10EAF000D83023F0200382F8D830E6E793F8872057
:10EB0000242AE2D10025204683F88750FFF790F8A9
:10EB1000636893F82431012B03D129462046F3F78B
:10EB2000F7FC6368002283F82421CEE740F2372106
:10EB30003120F0F741FA426870B592F8D8300D46AE
:10EB40000446084643F0040382F8D830FEF7B9FEC5
:10EB500006462846FEF7B1FE22463146BDE8704023
:10EB6000F6F76ABE38B50C460546D1E90501F0F75F
:10EB7000B3FF94F81C0220280BD0FBF74BFA94F853
:10EB80001C02FAF7BDFE20B940F682013120F0F7F1
:10EB900013FA0F212846F0F705FF10212846F0F759
:10EBA00001FF28461121BDE83840F0F7FBBEF1F720
:10EBB00031BD0022A0F8862080F88A2090F8D33159
:10EBC00013B10221F2F7B4BC0321FBE738B50446C8
:10EBD000084694F8883213B10C25284638BD94F8BD
:10EBE0008730163B012BF7D894F8B83203F0FF05B5
:10EBF000002BF1D191B194F8EE3123B940F6E51133
:10EC00003120F0F7D9F9052304F1F00204F5EF7192
:10EC100000F020FC012384F88832DEE70223FAE7C3
:10EC2000F4F734BE70B50E4604210546F0F7A4FE95
:10EC3000044648B906212846F0F79EFE20B116B1D9
:10EC400090F8BD3003B90446204670BD037C0BB973
:10EC500000207047037C012BFAD0007C073818BFD6
:10EC60000120704708B5027C012AD3B204D0FFF717
:10EC7000EDFF00F0010008BD1846FAE71D2310B5AE
:10EC80000446C370F3F73CFC207110BD1E2310B581
:10EC90000446C370F3F734FC207110BD0123438098
:10ECA000038000238380C3804FF44863038170474F
:10ECB0001021F0F761BE73B569460546FEF7E2F92B
:10ECC000044618B11F215420F0F776F92846019E1A
:10ECD000FFF7EEFF28B1012373868481448104820B
:10ECE000C48102B070BD00230122038043800381F0
:10ECF00043814FF44863C28082808381704708B5A6
:10ED0000F8F774FCF8F786F9F7F716FFBDE8084046
:10ED1000F7F7ECBFC82108B5F7F7A4FF022807D121
:10ED2000013911F0FF01F7D1EF213B20F0F744F951
:10ED3000431E5842584108BD10B5F8F787FC0446F9
:10ED4000FAF7F0FD201841F1000110BD19B9437820
:10ED50000BB1C3788370704710B504460846F9F7C5
:10ED600005F94FF47A73B0FBF3F0201A10BD10B51B
:10ED700004460846F9F7FAF84FF47A7300F2E730E0
:10ED8000023CB0FBF3F0201A10BD08B5FBF72CFCD9
:10ED9000BDE8084000F036B8801A00F3070038B527
:10EDA0000D46144659B240B2F9F7B0FA0023287064
:10EDB00020446B7040B238BD002303607047704739
:10EDC000002070474FF0FF3070474FF0FF30704722
:10EDD00070474FF0FF3070470020704700207047A9
:10EDE0000023037070470022FFF7D6BF0020704752
:10EDF0004FF0FF3070474FF0FF3070474FF0FF305B
:10EE0000704770477047F9F7AFBA704738B5054695
:10EE100091F827000C46FAF773FD18B9E7216A202C
:10EE2000FBF7E8F9002309212846A38484F826305B
:10EE3000236A984718B103780BB1EB21EFE738BD8F
:10EE4000426808B5034611441A78A1F1960059604A
:10EE5000012A06D1FBF702F840B9CB216A20FBF763
:10EE6000C9F9FAF7FBFF08B9D021F7E708BDF8B5F3
:10EE700004460E4619B9012384F829303BE00D7889
:10EE8000032DF8D8DFE805F0390212154868C728C5
:10EE900002D800252846F8BD0421FBF753F80028C6
:10EEA000F7D171682046FFF7CBFFF3E7F9F788FE4B
:10EEB000F0E790F82470F7B94D682846F9F754FE4A
:10EEC0000028D8D02B78D3B9012222702B79003BAF
:10EED00018BF012363726B79002B0CBF022304233C
:10EEE0002372AB68A5336360EB6884F82520236147
:10EEF000032384F82630F9F763FE0225CAE794F865
:10EF00002630052B04D040F28F116A20FBF772F9EE
:10EF100027702B7994F82700003B18BF01236372F8
:10EF20006B79002B0CBF022304232372EB68A968C2
:10EF3000A5336360D4E906325B1842EBE1722146E7
:10EF4000C4E90432042384F82630FAF753FD00287C
:10EF5000D1D140F29111D8E738B5044620B940F23A
:10EF6000A9116A20FBF746F990F82850072900F20A
:10EF7000D980DFE801F0043333636D77907E90F839
:10EF80002630033B012B02D94FF4DA71E9E7052360
:10EF900090F8241080F82630002380F82930C9B971
:10EFA000FFF74EFF2378012B0FD1FAF7BBFCC4E922
:10EFB0000601236A00212846984701462046FFF7AC
:10EFC00056FF022840F0B18038BDD4E90423C4E9DB
:10EFD0000623EEE7BDE83840F9F7F2BD90F8263099
:10EFE000DA1E012A02D940F2D511BAE790F824209E
:10EFF0002AB121462846BDE83840FFF707BF042B59
:10F000000CBF02230123012980F82630036A0AD1AC
:10F010000521284698470028D6D00378002BD3D066
:10F020004FF4F5719DE70621284698470028CBD07C
:10F030000378002BC8D040F2EF1192E790F8263009
:10F04000052B02D04FF4FB718BE7036A0221B2E774
:10F0500090F82630052B02D04FF4FE7181E7036A49
:10F060000121A8E790F82630052BB3D040F2022109
:10F0700077E790F82630052B02D040F2072170E7A1
:10F08000036A0A212846984701462046FFF7EFFE0B
:10F0900040F20A2165E790F82630052B07D090F85A
:10F0A00025200AB1032B02D040F20E2159E794F833
:10F0B0002420002A9DD194F8293093B102230821FD
:10F0C000284684F8292084F82630236A98470028A7
:10F0D0003FF47AAF0378002B3FF476AF40F21A2169
:10F0E0003FE794F8252062B1214694F8270084F880
:10F0F0002530FAF77FFC00287FF466AF40F21F212D
:10F100002FE702230721284684F82630236A9847F0
:10F1100000283FF459AF0378002B3FF455AF40F27D
:10F1200026211EE740F22B211BE720B1012805D143
:10F13000236A04213FE7236A03213CE74FF40F7160
:10F140000FE770B50024F9F787FD05462646E0B2C3
:10F15000854200D870BDF9F785FD0134868480F8BA
:10F160002660F4E7F8B504460D460027F9F774FD6C
:10F170000646F8B2864204D8082D0CD96FF0150067
:10F1800008E0F9F76FFD90F826300137002BF0D03A
:10F190004FF0FF30F8BD2CB129462046BDE8F840BD
:10F1A000F9F76CBD21462046F8E738B50546F9F772
:10F1B00059FD014688B190F824408CB990F826306A
:10F1C00073B1013B012B04D82846FFF71FFE2046F0
:10F1D00038BD012380F82430F9E76FF00100F7E72C
:10F1E0006FF02200F4E770B50D46F9F73BFD0446D9
:10F1F000002848D090F82660731E012B49D8002DB6
:10F2000044D02846F9F7B0FC00283FD02B78FBB952
:10F21000012323702B79003B18BF012363726B79A4
:10F22000002B0CBF022304232372AB68A533636059
:10F23000EB6823610323214694F8270084F82630E5
:10F24000FAF7D8FB40BB4FF42F716A20FAF7D2FFD0
:10F25000022E1ED1002323702B79003B18BF0123FF
:10F2600063726B79002B18BF04262672EB68A968BD
:10F27000A5336360D4E906325B1842EBE172C4E95E
:10F2800004320423D7E76FF0010070BD6FF0150062
:10F29000FBE76FF02200F8E70020F6E7F9F78EBDF4
:10F2A00008B50020F9F792FE0120F9F78FFE022041
:10F2B000BDE80840F9F78ABE034670B59A68D0E900
:10F2C0000050D1E90046521940F10000944276EB1B
:10F2D00000020DD3087B012809D01B7B012B09D12B
:10F2E000641BF9F7CDFB8442B4BF0020012070BD40
:10F2F0000020FCE70120FAE72DE9F843B2F8088086
:10F300001C4692F80090054698FA98F80F46164663
:10F3100000211022184600F059F9A4F80C8084F856
:10F320000E90B9F1000F13D115F11C00D6E904239A
:10F3300047F10001824273EB010133BF4FF47A734E
:10F34000C4E900237368C4E90057A360BDE8F883EB
:10F35000224628463946FAF7A1F873682A46A36080
:10F360003B46C4E9000121463069FAF711F900284B
:10F37000ECD1C4E90057E9E70020704710B5029CC2
:10F38000241841F10001A01A61EB0301B0F1004F14
:10F3900071F1000304DB40F20A710120FAF72AFF41
:10F3A00010BD01F11003013813F8012D8B4200F854
:10F3B000012FF9D170472DE9F04713F0010F8EB0FE
:10F3C00004460D4617469A46DDE9168913D006A86D
:10F3D000FFF7E7FFA30724D002AA04F11005206875
:10F3E000083454F8041C1346AC4203C31A46F6D141
:10F3F00006AD02AC16E013F0040F0DD106AB0E46BD
:10F4000001F1100C1D463068083656F8041C1A46E7
:10F41000664503C21346F6D1214602A8FFF7C1FF95
:10F42000E7E706AD1AF0020F4346CDF800900BD087
:10F43000294620460AAAFAF775FF0AA93846FFF7B7
:10F44000B0FF0EB0BDE8F0873A4629462046FAF7ED
:10F4500069FFF6E713B50024CDE90044FFF7ABFFE1
:10F4600002B010BDFBF774B8002070470020704751
:10F47000002070470020704720BF704720BF7047B2
:10F480009142F8B503D373219620FAF7B3FEB2FA8E
:10F4900082F33BB1C3F1200499409A4020FA04F46E
:10F4A000984021434FEA124C93B2040C87B2B1FB4F
:10F4B000FCF50CFB151E05FB03F64FEA0E4E0EEB9A
:10F4C0001040864205D9361A96428CBF0226012684
:10F4D000AD1B04EB0141280405FB1211B1FBFCF448
:10F4E0000CFB1411634307EB01418B4205D95B1AF6
:10F4F00093428CBF02220122A41A2043F8BD2DE9B9
:10F50000F0411D4607460E46144652EA050303D154
:10F51000CA219620FAF76EFE85B9914204D2FFF710
:10F52000AFFF2946BDE8F08108462946FFF7A8FF4E
:10F5300005462246384604FB1561F0E7B5FA85F822
:10F54000B8F11F0F01DDE721E3E70123400803FACB
:10F5500008F3C8F11F0840EAC670A3FB0212710845
:10F5600003FB0522FFF78CFF30FA08F04FF0000193
:10F5700002D0013861EB010100FB05F3A0FB042C74
:10F5800004FB0133BF1A634466EB0306A74276EB24
:10F590000503C7D3013041F10001C3E7431A934289
:10F5A00000EB020310B508D3013902469A4207D096
:10F5B00011F8014F02F8014BF8E70A448A4200D1E2
:10F5C00010BD12F8014D03F8014DF7E770B5C9B24F
:10F5D0000446A30711D141EA0123960843EA0345F3
:10F5E00022F0030323449C420DD16FF0030404FB7B
:10F5F00006221A44934209D170BD002AFCD0013A78
:10F6000004F8011BE5E744F8045BECE703F8011B91
:10F61000F0E700280CBF6FF01500002070470020B5
:10F6200070470723037000207047002070470020B8
:10F63000704710F8012B11F8013B012A28BF9A42AC
:10F64000F7D0D01A7047034611F8012B03F8012BAD
:10F65000002AF9D17047034613F8012B002AFBD189
:10F66000181A013870472DE9F04786468C4608463F
:10F67000089E154674461946002B40F0C18085420D
:10F68000B2FA82F245D94AB1C2F1200300FA02FC73
:10F69000954094402EFA03F343EA0C0C4FEA154EC2
:10F6A000A8B2230CBCFBFEF80EFB18CC08FB00F93B
:10F6B00043EA0C43994528D9EB1808F1FF3704D2E7
:10F6C000994502D9A8F102072B44A3EB0903A4B280
:10F6D000B3FBFEFC0EFB1C330CFB00F044EA0344BE
:10F6E000A04214D92C190CF1FF3304D2A04202D944
:10F6F000ACF102032C44241A43EA07401EB1D44063
:10F70000002334607360BDE8F0874746DDE7634659
:10F71000F1E792BB431B01214FEA154EAFB2200C1B
:10F72000B3FBFEFC0EFB1C330CFB07F840EA034363
:10F73000984561D9EB180CF1FF3004D2984502D9F5
:10F74000ACF102002B44A3EB0803A4B2B3FBFEFC14
:10F750000EFB1C330CFB07F744EA0344A7424DD9C8
:10F760002C190CF1FF3304D2A74202D9ACF10203E9
:10F770002C44E41B43EA0040C0E7C2F1200395405B
:10F78000944020FA03F12EFA03F34FEA154E90400D
:10F79000AFB20343B1FBFEFC0EFB1C10190C0CFBBB
:10F7A00007F841EA0041884522D969180CF1FF3079
:10F7B00004D2884502D9ACF102002944A1EB08012A
:10F7C0009BB2B1FBFEFC0EFB1C110CFB07F743EADE
:10F7D00001439F420ED9EB180CF1FF3104D29F4236
:10F7E00002D9ACF102012B44DB1B41EA004193E753
:10F7F0006046E3E76146F7E76046A4E76346B8E79B
:10F80000834206D916B9002108467CE7C6E900E024
:10F81000F9E7B3FA83F78FB9834201D3724508D869
:10F82000BEEB020460EB030301209C461EB90021DD
:10F8300069E73846FAE7C6E9004CF8E7C7F1200C5B
:10F84000BB400EFA07F522FA0CF42EFA0CF1BA407E
:10F850001C4320FA0CF3B8404FEA144901431FFA45
:10F8600084FEB3FBF9F809FB18300B0C08FB0EFA09
:10F8700043EA00439A4540D9E31808F1FF3004D227
:10F880009A4502D9A8F102002344A3EB0A0389B2E6
:10F89000B3FBF9F809FB183308FB0EFE41EA0341FC
:10F8A0008E452CD9611808F1FF3304D28E4502D958
:10F8B000A8F10203214443EA0040A1EB0E01A0FBA2
:10F8C00002984145CE46434602D306D14D4504D267
:10F8D0000138B9EB020E68EB0403002EA7D0B5EB9C
:10F8E0000E0261EB030101FA0CFC22FA07F3F94066
:10F8F0004CEA0303C6E9003199E74046C5E74346B1
:10F90000D9E70000000000000022F0B5114640F6E3
:10F91000034087B006F0C0F80446002858D105F02F
:10F920005FFD214641F2030005AA06F0B5F8044642
:10F9300000284DD1059AB04DD16805F17803D1F872
:10F940000100D1F8051003C3104603F0BFF92146AA
:10F9500041F2010005AA06F09FF80446002837D1BD
:10F960000598C3685A7885F870205A88A5F87220DF
:10F970001A7985F87120B3F80720A5F87420B3F838
:10F980000530A5F8763003F0A1F9214641F20200D6
:10F9900005AA06F081F80446D0B9059F05F1800656
:10F9A000FA68531C4132344618685968083303C456
:10F9B00093422646F7D1384603F088F995F87C3013
:10F9C0005B0608D445218D481AF01FF86FF0120429
:10F9D000204607B0F0BD002142F2030005AA06F060
:10F9E0005BF804460028F3D1059B854EDA68D2F80F
:10F9F0000100D2F8051003C6184603F067F9214646
:10FA000042F2020005AA06F047F804460028DFD1BA
:10FA1000059CE368B3F8012091B249B1D97839B1B6
:10FA2000A5F80421DA78114606F128001EF05FF8E7
:10FA3000204603F04BF91F2395F87C60A5F8203190
:10FA400016F0200618D1022140F66D4005F0E8FCC2
:10FA50000446002800F0C48002210C3003F042FA72
:10FA60000123214603704670324640F66D4006F091
:10FA700013F804460028ABD195F89C301F0712D527
:10FA8000002142F21C0005AA06F006F804460028F0
:10FA90009ED10598C368D3F80120D3F80530C5E995
:10FAA000382303F013F995F8D8309E0624D50DF1CC
:10FAB000120104A806F0C8F80446002888D10421E1
:10FAC00042F2240005F0ACFC0646002800F08880D5
:10FAD00004210C3003F006FABDF8103022460380F2
:10FAE000BDF812303146438042F2240005F0D4FFC5
:10FAF000044600287FF46CAF95F8D8305C0610D52A
:10FB0000002142F22A0005AA05F0C6FF044600289B
:10FB10007FF45EAF0598C3685B7885F8223103F007
:10FB2000D5F8082142F2010005F07AFC04460028CD
:10FB300056D008210C3003F0D5F995F8D81040F2D2
:10FB4000022311F0400F08BF0323024688074CBF71
:10FB500043F02C0043F00C0095F8D9308F0648BFD5
:10FB600040F0400013F0090F18BF40F40060CE07CA
:10FB700048BF40F0100000211AF034FE2146002258
:10FB800042F2010005F088FF044600287FF420AF10
:10FB900095F87C30B5F80411980624D4C9B941F21F
:10FBA000050005AA05F078FF044600287FF410AF91
:10FBB000B5F80431059C4BB9E368B3F80120A5F80A
:10FBC00004219A880F4811461DF091FF204603F04A
:10FBD0007DF8082140F6014005F022FC0446A8B952
:10FBE0006FF06804F4E60029F3D14521064819F0C6
:10FBF0000CFF6FF00404EBE6982500208A3A04001D
:10FC000070260020A0260020B33A040008210C3002
:10FC100003F068F995F8D8300246D9072DD44FF093
:10FC200000514D481AF0DEFD2146002240F6014009
:10FC300005F032FF044600287FF4CAAE014605AA4B
:10FC40004FF6014005F028FFD8B15721434819F07D
:10FC5000DCFE1AF069FF044600287FF4B9AE08F014
:10FC600077FC044600287FF4B3AEEB79002B67D114
:10FC700049213B4819F0C9FEAAE635A1D1E90001A6
:10FC8000D0E7059E4921F4683648B4F80130032BCB
:10FC900096BF354A354A52F8232019F0B6FEB4F81B
:10FCA0000120B4F80330022A2AD1052B28D8304A83
:10FCB00052F8232049212F4819F0A7FED4F8091043
:10FCC00063790291B4F80710032B019198BF2A4A77
:10FCD000A17994BF52F82320244A28480091492151
:10FCE00019F093FE304602F0F1FF00214FF602407A
:10FCF00005AA05F0D1FE044620B157212048A6E709
:10FD00001A4AD7E70598C368B3F80130A5F8C1309F
:10FD100002F0DCFF95F8C1305B079AD521464FF61B
:10FD2000034005AA05F0B8FE10B1572115488EE72B
:10FD30000598C3685B7885F8C03002F0C7FF88E794
:10FD4000082111481AF03BFD05F0DCFC40E600BF3D
:10FD5000908800020080002010880002DB3A040036
:10FD6000CD3B0400043B040010140400AF38040031
:10FD7000F8130400223B0400E81304003F3B040096
:10FD8000713B04009F3B04006C260020014B187857
:10FD9000704700BF0063002008B50448044A19F00A
:10FDA00093F9BDE8084001201CF05DBEE41C04008E
:10FDB000084D040008B529B1BDE80840054A0648C9
:10FDC00019F082B9054819F07FF9BDE80840012013
:10FDD0001CF046BE084D0400041D0400261D04004E
:10FDE00030B50D4D89B003AC0FCD0FC42B680B4956
:10FDF000236001230222009303A8094B06F01AFF97
:10FE0000014620B1074819F05FF909B030BD064836
:10FE100019F05AF9F9E700BF100A04007011040044
:10FE200068110400311D0400571D0400CB0710B5F4
:10FE300006D500F00104204601F094FE014B1C7031
:10FE400010BD00BF0063002070B503788AB004467F
:10FE50000E4607AD032B20D8DFE803F002191B1D67
:10FE600011492846FFF7EFFB059563781E2104939F
:10FE7000A37830460393E3780C4A029323790193E5
:10FE800063790093A37918F045FC0AB070BD084966
:10FE9000E7E70849E5E70849E3E70A212846074A72
:10FEA00018F038FCE0E700BF791D0400A21D040033
:10FEB000801D0400871D0400911D04009B1D04008B
:10FEC00030B515468BB00C461BF003F802A9FFF7BE
:10FED000BBFF35B92246074802A919F0F5F80BB067
:10FEE00030BD054B2246009304482B4602A919F069
:10FEF000EBF8F4E7C51D0400084D0400E41D040000
:10FF000010B50C4688B01AF0E4FF6946FFF79CFF75
:10FF100022466946024B034819F0D6F808B010BDD6
:10FF2000084D04000C1E040010B50C4688B01AF0F1
:10FF3000D0FF6946FFF788FF22466946024819F05C
:10FF4000C3F808B010BD00BF331E040000B589B06F
:10FF50001AF0BFFF6946FFF777FF6946024819F0BC
:10FF6000B3F809B05DF804FB561E040010B50C464A
:10FF700088B01AF0AEFF6946FFF766FF2246694671
:10FF8000024819F0A1F808B010BD00BF6D1E0400B2
:10FF900008B5044819F098F8BDE80840024813F085
:10FFA0005BB900BF831E04003855002010B52648F9
:10FFB00019F08AF80EF060FF014618B1234819F0D5
:10FFC00083F80BE022480EF087FF044640B9214831
:10FFD00008F08CFA58B1204819F076F8002010BDCE
:10FFE00001461E4819F070F821461D48E7E71D48F4
:10FFF00008F096FA08B11C48EEE705F069FE0146E4
:020000022000DC
:1000000008B11A48DBE71A4819F05EF819F060FEEB
:10001000184801F09DFD044610B101461648CEE790
:100020001648174913F024F8144813F015F9013451
:1000300004F0010100200EF0DBFF002147F6122042
:1000400014F022FAF3E700BFCC1E0400F61E0400F1
:100050002DFE0100582700204D1F0400111F040031
:10006000301F0400482700207A1F0400AC1F040042
:10007000CC1F040040270020E31F04003855002057
:10008000E1FD010010B5094C0A44914200D110BDB8
:1000900011F8013B58400309E35C0001C0B2434042
:1000A0001809205C1B01DBB25840EEE71120040068
:1000B000F0B5002421F00302184D194E194F0244E7
:1000C000904218D1002301F00300104482421FD156
:1000D00012484C405843124B4FEA70405843124B61
:1000E000604080EA10405843104B80EA503058433B
:1000F00080EA1040F0BD50F8043B6B434FEA734375
:10010000734363404FEAF34303EB8303DC19D7E700
:1001100012F8015B45EA0323D8E700BF512D9ECCBE
:100120009335871B646B54E66BCAEB8535AEB2C260
:1001300070B589B306680122304618F02AFE0146E0
:100140000446304618F0EDFDC30708D41349AF222A
:10015000134818F0CFFFAF21104818F0C2FF214616
:10016000304618F0F4FD251829460022304618F0D4
:10017000D8FD2D1AAC4206D00849B722084818F01D
:10018000B9FFB721E8E72146304618F0E6FD2146E1
:10019000BDE8704018F022BF70BD00BF21200400F0
:1001A000442004002DE9F8430F4606681446B2685F
:1001B0004B1EB2F5004F34BF042108213B4010D044
:1001C000C7F1000909EA0709494503F1FF3028BFD3
:1001D000494618420CD11F46BCB900252846BDE847
:1001E000F8838F420FD82146BDE8F84318F038BF96
:1001F0002C492D484FF4A27218F07CFF4FF4A271E5
:10020000284818F06EFF9946E6E7B2EBD40FE4D920
:10021000E319591A104618F0C6FD0146304618F089
:100220001CFE80460028D8D0B36809EBC005B3F5A2
:10023000004F34BF042308231D4435447B1E1D4456
:10024000B5FBF7F57D43A5EB09052946304618F0C7
:10025000A0FD2C44073424F00704A41B8045074666
:100260004FEAE40408D202464146304618F02FFE19
:100270004146304618F070FE3946304618F067FDAA
:100280003844844208D239463046224618F01FFED0
:100290002146304618F060FE01223946304618F0FB
:1002A0005CFD9BE72120040044200400B2F5802F70
:1002B0002DE9F0410CD2042A20D83D494FF4F972BF
:1002C0003C4818F017FF4FF4F971394818F009FF4E
:1002D0000823D21ACC1D114424F0070421F0070191
:1002E000091B17294FEAD1060AD8314940F2FB12FF
:1002F000304818F0FFFE40F2FB11E6E70423E8E780
:100300000027046031463046A660E76018F054FDCF
:100310000121421D8046304618F045FD9200D51D52
:10032000ED082844B0423AD8B8F1FF3F3946A2F16F
:10033000100204F11000B8BF3A461FF026FC2A460E
:100340003946204618F021FD3B463A4639462046BC
:1003500018F0F2FCA6EB050820463946012218F0F9
:10036000FCFC4246294618F010FD2B463A46294629
:10037000204618F0E1FC3146204618F006FD4346C1
:100380003A463146204618F0D7FC31462046012235
:1003900018F0E3FC2946BDE8F04118F0DDBD044942
:1003A0004FF40372034818F0A5FE4FF403718CE775
:1003B0002120040044200400014B1B68184700BFA3
:1003C00070270020014B1860704700BF7027002085
:1003D00030B585B004460D461022002168461FF056
:1003E000D4FB02238DF80230044B2A46214668468E
:1003F000019318F021FA05B030BD00BFB903020027
:1004000080B505460E461746984614F0B3F80346E5
:100410001FF044FC0446DFF81890424649F80030CB
:1004200039463046A84754F8090001F0DDFE00BF08
:100430000800000008B5EFF31183402383F312880E
:10044000BFF36F8F02F0D6FD024818F03DFE19F0A1
:10045000D4FDFCE76D2004002DE9F84F0446A38B82
:1004600008461907164612D4022803F0070162D184
:10047000204618F0C5FE88B10138042800F2258115
:10048000DFE810F0590023017E00C800F5000128C4
:100490000CBF43F0100143F02001A18304F11400CC
:1004A00014F0B8FA002800F0AB8086F31188BFF38F
:1004B0006F8FBDE8F88F03F00702501F01281ED888
:1004C0000020062A2768C4E9000014D13A4603E058
:1004D000E08B0130E0831268002AF9D123F0070392
:1004E00043F002022046A28318F08AFE90B342F045
:1004F0002002A2832EE023F007039AB2F2E7042A37
:1005000033D123F007039AB22046A28318F078FE75
:1005100010B142F02002A283A38B03F007098945A2
:1005200040F0DC80A18BCA0640F1218121F010034C
:10053000A38301F00701D4F81880A38BB8F1000F52
:10054000B9DA0022276823F00703C4E9002243F048
:100550000103A383A38B03F00709894540F0BF8003
:10056000002FDFD00025AA4640E0854940F21B124B
:10057000844818F0BFFD40F21B11814818F0B1FD0E
:1005800041B17F494FF4AB727E4818F0B3FD4FF490
:10059000AB71F2E7236843B9794940F257127948C1
:1005A00018F0A8FD40F25711E7E723691D6845B927
:1005B00073494FF4AD72734818F09CFD4FF4AD7160
:1005C000DBE70F4688464FF00609A38B23F00703AD
:1005D00043F006039BB2A383A268002A40F0818007
:1005E000002F40F08180002D9CD0BA4643F00803D4
:1005F00004F1140B5846A38314F00CFA002875D1AB
:10060000614940F231125F4818F074FD40F2311137
:100610005D48B3E7022908D0594940F25D125948B4
:1006200018F068FD40F25D11A7E7E78B47B1544928
:100630004FF4AF72534818F05DFD4FF4AF719CE773
:1006400023695D6845B94E4940F261124D4818F082
:1006500051FD40F2611190E7A38BB84623F00703E8
:1006600043F004039BB24FF00409A383B4E70129CC
:1006700008D043494FF4B272424818F03BFD4FF4A2
:10068000B2717AE7236843B93D4940F265123D48AB
:1006900018F030FD40F265116FE723699D6845B998
:1006A00037494FF4B472374818F024FD4FF4B47151
:1006B00063E70027A38BB84623F0070343F0050345
:1006C0009BB24FF00509A38386E72D4940F26B12D8
:1006D0002C4818F00FFD40F26B114EE70027002563
:1006E0007AE74FF0010A81E792467FE786F31188A7
:1006F000BFF36F8FBAF1000F16D147BB15B120467B
:100700002249A847EFF31186402383F31288BFF3F1
:100710006F8F584614F070F908BB1B49882219489E
:1007200018F0E8FC882173E7A1680029E5D00E687D
:100730000029E2D043464A462046D1F804A0D047DB
:100740001EB1336831461E46F2E73346FAE73946B2
:1007500043464A4620463F6818F07EFDCDE758469E
:1007600014F06EF9A38B23F00803A383DAE68B065B
:100770007FF594AE21F02003A38301F0070177E613
:100780009620040044200400BB20040091070200CE
:10079000F8B504460D4600F11406EFF31187402327
:1007A00083F31288BFF36F8F304614F025F940B9F8
:1007B00009490A48882218F09DFC8821064818F04B
:1007C00090FC304614F03CF9A5613A462046BDE85D
:1007D000F8400121FFF740BEBB2004004420040084
:1007E0002DE9F04704460F4618F026FD051E5DDB97
:1007F00004F11409EFF3118A402383F31288BFF345
:100800006F8F484614F0F8F8804638B9334988228B
:10081000334818F06FFC882130483CE0484614F01B
:100820000FF94FF6FF72E38BA68B934206F0070693
:100830003FD0022E10D135460133E383484614F0F1
:10084000E9F800283BD1254940F23112244818F03C
:1008500051FC40F23111DFE7062E13D8DFE806F035
:10086000092C1212090409006FF085054FF00008E9
:10087000E4E700233B6063687BB9C4E900777EB19D
:100880003546F3E7174916484FF4E47218F032FC86
:100890004FF4E471134818F024FC1F606760EEE722
:1008A000524602212046FFF7D7FD35462846BDE8CF
:1008B000F0876FF00A05D9E76FF00405D6E78AF3F1
:1008C0001188BFF36F8FB8F1000FEFD000233246CD
:1008D0003946204618F0C0FCE8E700BFBB20040002
:1008E000442004009620040008B54268034602F044
:1008F0000302022A81600AD0032A4FF0000103D0CC
:10090000012A0AD1596006E01868596008BD1868C4
:1009100000225A6050B90020F8E7064906484522EF
:1009200018F0E8FB4521034818F0DBFB14F0D8FA77
:10093000F1E700BFE8200400442004002DE9F04F57
:100940001D46C36B04461B7999B0DB0703D5002015
:1009500019B0BDE8F08F826903684FF0000A05FB0B
:100960000233806B049383689B68002B4AD0049900
:1009700098470028ECD1E16B08A80B6849795B42E5
:1009800003F020031A46D4F8189005931FF0FDF8E1
:10099000B9F1000FDBD0059EE36B4E4528BF4E46F4
:1009A0001B68B3465B4203F020030693D0462B46F8
:1009B00008AA0392BBF1000F07D1A9EB060916EBB9
:1009C0000A06B24645F10005E2E7069F10AA5F4518
:1009D00028BF5F460092204642460197079318F0D1
:1009E00079FC90B93A46039810A91FF0D6F860B97F
:1009F000079B039A17EB0808ABEB070B43F10003C7
:100A00003A44D6E76FF05700A2E704484521049A1C
:100A100018F0FBFF6FF005009AE700BF0E210400FD
:100A20002DE9F04F04469FB000F1240840461DF028
:100A300025F8A06B8368DB6898470246E06348B9F5
:100A400045215B4818F0E1FF6FF0150528461FB0FF
:100A5000BDE8F08F102118F086FC20641368013B7C
:100A60001F2B02D945215348ECE71379DA0713D439
:100A7000A06B216807AA1BF0DFFC10B145214E488E
:100A8000E0E7A3692BB1089AB3FBF2F102FB113343
:100A900013B145214948D5E7226CA36902EB8202D4
:100AA000934203D24521464818F0AFFFE369012B7A
:100AB00002D845214348C5E700220023CDE902239F
:100AC000CDE904234FF0000B4FF0FF324FF0FF331E
:100AD000404611F051FDDA46D94612AE16AFE36931
:100AE00099450BD3E36953454CD1BBF1000F49D174
:100AF000404618F042FC6FF08505A7E7226CA1691B
:100B00005000884294BF4B46A9F10103A1EB420279
:100B10002046CDE90076CDE9022318F0BAFC051E87
:100B200042DB9DF85930012D84F8203027D1199BE4
:100B30000AF1010A03F47F42B2F5844F0DD1DBB212
:100B4000012B09D04521204818F05FFF404618F0DE
:100B500014FC6FF07A0579E79B46204602A918F04D
:100B6000C9FBDDE902232046CDE9007618F091FCAF
:100B7000051E19DB9DF8593084F82030B2D009F1F8
:100B80000109ACE7994559D1236C029A0EAED21AED
:100B90004FF010030193039B2046009663F100037E
:100BA00018F098FB054688B1404618F0E6FB4DE783
:100BB0005D21040084210400A6210400C321040057
:100BC000DC2104000D22040053220400304694F876
:100BD000201018F0A3FB18B9204602A918F08AFBD0
:100BE000DDE9026712AB0DF15809019332463B462D
:100BF0002046CDF8009018F028FC05460028D3D1F7
:100C0000484618F09CFB002800F0DB80199B03F499
:100C10007F42B2F5844F02D1DBB2012B92D104F1B5
:100C20002003009332463B46204618F0F0FB831C1D
:100C3000054640F0D980002384F82030204604AADD
:100C400002A918F09CFB05460028ADD1DDE902237E
:100C50001027C4E90223DDE90423C4E904230AAE12
:100C6000D4E90223D4E90401824273EB01010FD3DA
:100C70002046CDE9006718F02DFB0546002893D1EA
:100C8000304694F8201018F049FB002840F0B0805E
:100C9000226CA3695200E1689B1A61F10001CDE961
:100CA0000231204602A918F025FB12AB019316ABC6
:100CB00000932046DDE9022318F0EBFB051EFFF64A
:100CC00073AFD4E90237012D266C52D14FF0100AD0
:100CD0009DF85920F61884F8202047F100070DF1FF
:100CE0006809226CA369CDE90267A3EB42039E4227
:100CF00018D232463B462046CDE9009A18F0EAFA6F
:100D0000054600287FF450AF48469DF8691018F05A
:100D100005FB00287ED0BDF86A30002B7AD11B9BE2
:100D2000013377D14921454818F06FFED4E90223F9
:100D30002046FFF703FE054600287FF435AFD4E9CF
:100D40000223204618F0B3FC054600287FF42CAFA0
:100D5000226CA36902EB42029B1AE2681B18C4E9E9
:100D60000402A360204618F066FD054600287FF4C3
:100D70001BAF236CA269A16803EB4303D21A914213
:100D80004ED0404618F0F9FA0123002584F82130AE
:100D90004921D4E906322A4818F037FEA3684921D0
:100DA000CDE9003527482B46E26818F02EFE23696E
:100DB0004921CDE9003524482B46626918F025FE0B
:100DC00044E632463B462046FFF7B8FD054600287C
:100DD0007FF4EAAE32463B46204618F068FC0546F2
:100DE00000283FF41CAFDFE600283FF427AFDBE626
:100DF000D4E90232D4E904018A4208BF834202D115
:100E0000BDF82A10B1B9216C5B1A62F10002C4E985
:100E1000023225E7236C9B191E4647F1000760E765
:100E2000204618F081FC0546404618F0A6FA002D31
:100E3000AAD00BE66FF01C05F6E700BF7522040090
:100E4000A1220400BD220400D82204002DE9F04FA5
:100E50001E4690F8213005468946174685B04BB9A5
:100E600045214A4818F0D1FD6FF00C04204605B02A
:100E7000BDE8F08F3146C06B18F075FA2B6CAA698B
:100E800003EB8301521AB24282467CD3B6F5803F0F
:100E900079D2002E43D1002818BF9A4605F12408C4
:100EA0004FF0FF324FF0FF33404611F065FB4FF03B
:100EB000000BEB695B4563D0D5E90221002A38D0ED
:100EC000D5E904431AEB040043F10003824299413F
:100ED0002FD32B6C9A422AD01022002168461EF094
:100EE00054FE95F82030082ECDF80490ADF802603D
:100EF0008DF8013028D8731E072B04D832463946A6
:100F000002A81EF01BFE684618F0FFF96946284645
:100F100018F0B4FB002814BF0446344620E097B311
:100F20000028BBD0082E94BF9A469A44B6E7002EFC
:100F3000D2D0284618F010FC0446A8B1452102463C
:100F4000134818F062FD0BE06846029418F0DDF9D2
:100F500032463946284618F054FC04460028D5D0BD
:100F6000404618F00AFA81E7284618F064FC044667
:100F700018B1024645210748E3E70BF1010B98E75A
:100F80006FF01B04ECE76FF015046FE744210400D9
:100F9000F2220400212304002DE9F04F1546984663
:100FA000002200238BB0CDE9042390F821300446C1
:100FB0000E4643B92A48452118F027FD6FF00C0072
:100FC0000BB0BDE8F08F4FF00009D0E902230DF11E
:100FD000100A0DF1180BCDE902BAD4E90201CDE9EE
:100FE000000131462046CDE9042318F0BDFA00285F
:100FF000E6DB10D051462046059F09F1010918F0A3
:1010000071FA0028DCD1DDE9042314998945E2D97D
:10101000079A964202D06FF00100D1E7BDF81A603E
:10102000002EF8D0082E0AD83DB1B04542462846D9
:1010300028BF324608A91EF081FD3046C0E7089A55
:10104000002DFAD002443B462046464594BF019607
:10105000CDF80480009518F03DF90028EDD0AFE7F9
:10106000442104002DE9F84F80460F4616461446E9
:10107000DFF88C90BD192D1B0CB9BDE8F88F08F175
:10108000FF33032B8CBF3F2119F803101D4818F0C4
:101090001BF84FF0000BDFF870A05C4528D95046D4
:1010A00015F80B1018F010F80BF1010BBBF1080F3D
:1010B000F3D1164818F008F84FF0000ADFF850B0E6
:1010C000544519D915F80A105846A1F120025F2A93
:1010D00028BF2E2117F0F8FF0AF1010ABAF1080F14
:1010E000EED10C4817F0F0FF072CC6D9083CC1E739
:1010F000094817F0E9FFD7E7084817F0E5FFEBE7E5
:101100006A230400562304005B23040065230400C3
:1011100067230400074D04006123040063230400D7
:10112000014B0360002070478011040070B5104B24
:101130000D461C68B4B10F4B196800238B4202DBCB
:101140006FF0010070BD224612F8106B864202D08B
:1011500014460133F2E7E0681CF03EFC28B10020A1
:101160002C60EFE76FF00C00ECE76FF01200E9E79E
:10117000B8270020F811040010B5436888B0029326
:1011800083680C46CDE9033200230A68C068CDE9C4
:101190000623054901AA05931BF052F9079808B9DF
:1011A000059B236008B010BDF19A030010B5436899
:1011B0000A680C469A4207D90548452118F025FCD3
:1011C00000231846636010BD4A6801201344F9E704
:1011D0006E23040030B5436905468B420C4685B04A
:1011E00003D88269CB1A934208D34521194818F0D5
:1011F0000CFC6FF02104204605B030BDC068836848
:10120000DB6898470379DB0701D50024F3E7E8683A
:10121000214601AA1BF010F9044628B145210246D7
:101220000D4818F0F2FBE6E701992B6A8B42ECD0EF
:10123000E868029A83689B6833B19847044630B1E6
:10124000224645210548ECE76FF05704F8E7019B7B
:101250002B62DAE793230400B7230400DD230400A4
:1012600070B581680546002936D0D0E904360139C9
:101270001E443144FFF7AEFF041E07DA3346224610
:101280004521274818F0C1FB204670BD6A6AAB684B
:10129000B3FBF2F402FB14343CB12868141B224661
:1012A00095F8281018441EF070FCAB68E8682A68AE
:1012B000234481684C683146A047044620B1024669
:1012C000334645211748DDE7EB695BB92B69AA680E
:1012D00013442B610023AB600024D5E7135DDB438F
:1012E00013550134AB682A68A342F7D8E8688168CF
:1012F0000C683146A047044628B1452102460A48F9
:1013000018F083FBC0E73246EB69A9682868984764
:1013100004460028DAD0024645210448F0E700BF21
:10132000FE230400312404005A2404007524040020
:101330002DE9F3470E46DDE90AA891461F4604460B
:1013400078B171B16AB18B680846DB689847036869
:10135000B7FBF3F203FB127242B14521204818F0AB
:1013600054FB6FF00D0002B0BDE8F087BAFBF3F25A
:1013700003FB12A212B145211A48F0E7B8F1000FA1
:1013800004D0B8FBF3F503FB158515B145211648CC
:10139000E5E7C4E90097C4E905A8E6602561A56012
:1013A00003686A4663620C9B1049E3614FF0FF33A8
:1013B00023624379304684F82830CDE900751BF06C
:1013C0003FF8019A12B945210948C8E7D4E9053127
:1013D0000B449A4202D245210648C0E72846C2E79C
:1013E0008E240400CA240400E3240400AD1102008A
:1013F000FA2404001B25040002460B46014811F0A4
:10140000BBB800BF942C0020014811F06BB900BF9D
:10141000942C00202DE9F0410E4B05461C680E4629
:1014200017469CB14FF0FF304FF0FF31FFF7E4FF5C
:1014300063682046D3F8108032463B462946C047B1
:101440000446FFF7E1FF2046BDE8F0816FF001049C
:10145000F9E700BF4855002000230360044B5A6899
:1014600012B9C3E90000704710605860704700BFB0
:101470004C550020014B1860704700BF48550020B4
:10148000002330B585B0019005464FF0FF314FF095
:10149000FF30CDE90233FFF7AFFF094B1C6844B9B9
:1014A000284600F0D5F80446FFF7AEFF204605B009
:1014B00030BD636820461B6801A998472468EEE7A1
:1014C0004C5500201FB5CDE901014FF0FF304FF022
:1014D000FF310392FFF790FF074B1C6824B9FFF719
:1014E00093FF204604B010BD636820461B6801A925
:1014F00098472468F2E700BF4C5500200022024BB9
:10150000C3E90022704700BF4C5500200022024B67
:10151000C3E90022FFF7F2BF545500202DE9F7433D
:1015200007460C4609B100230B600026234DDFF867
:1015300090904D4520D9234923489C2217F0DAFD8D
:101540009C21204817F0CDFDD5F800803846414653
:1015500001AA18F0C4FB50B116B954B92E4606E0E2
:1015600000224046316818F0BAFB0028F5D1183542
:10157000DFE7019B2360F1E7E6D3144B1D68C5B19B
:1015800055F8188C3846414601AA183D18F0A7FBBB
:1015900050B116B954B92E4606E0002240463168D3
:1015A00018F09DFB0028F5D1AD69E8E7019B2360A9
:1015B000F1E7304603B0BDE8F08300BF64090400E2
:1015C000F40904005325040044200400545500206D
:1015D0002DE9F341DDF8208004460D4616461F46EE
:1015E0000190B8F1000F07D0D8F80010C1B9D8F8B1
:1015F00004E0BEF1000F1CD1204601A9FFF78EFFC9
:1016000098B13B46D0F80C80324629460198C04735
:10161000034650B1224645210C4818F0F6F904E083
:1016200001AA18F05CFB0028E1D1002002B0BDE85F
:10163000F081D8F808303246089329463B46F446F4
:10164000019802B0BDE8F041604700BF8525040065
:101650002DE9F04780464FF000470026DFF8BC90A8
:10166000DFF8BCA03D462F4C4C452CD92E492F48C5
:1016700040F2111217F03EFD40F211112A4817F006
:1016800030FD2F46EEE7B8F1000F03D122694AB9C9
:101690001834E9E700224146206818F020FB0028B2
:1016A000F4D1F5E76368BB4205DDAF4209D09D4246
:1016B000A8BF1D46ECE7EBD19047002E08BF0646B9
:1016C000E6E71D46E4E7DED3DAF8004004B3183C51
:1016D000B8F1000F03D122694AB9A469F6E70022E4
:1016E0004146206818F0FBFA0028F4D1F5E763685A
:1016F000BB4205DDBD4209D09D42A8BF1D46ECE7B7
:10170000EBD19047002E08BF0646E6E71D46E4E70A
:10171000AF42B6D13046BDE8F08700BFF4090400FF
:10172000545500206409040053250400442004009B
:1017300038B50C4D4FF0FF334FF0FF320A4810F030
:101740001BFF2B783BB9FFF7E1FE00F01DF90446C3
:1017500010B901232B700024034810F0C3FF20466A
:1017600038BD00BF01630020942C00202DE9F04F0C
:101770009BB004460E46CDE90223002900F0AD805F
:10178000B2B3039BB3FA83F56D094A2130461BF0CF
:10179000CAFD4FF0000901463046FEF789FC4FF0C4
:1017A000FF37CB4620F0404020F01F0040F00043C0
:1017B000019304F1080A019B504603EB4B08414694
:1017C0004A2307AA18F00BF9831C13D1B7F1FF3F86
:1017D00008BF5F4694F85C300BF1010B5B45EADA19
:1017E0004B4519D3002D67D000201BB0BDE8F08F0A
:1017F0000125CAE70028F8DB00F168030DEB0300C0
:10180000002307A900F84C3C3046FDF712FF0028E2
:101810004BD009F10109DDE7B9F10F0F06D93048C6
:10182000452118F0F2F86FF01B00DEE784F85C90B9
:10183000002DD9D1019B43EA49080125DDE90223A6
:10184000504608F18041FFF701FB0028CDDB002D59
:10185000CAD000230693636D002B34DA636D48F021
:101860000105059329460823504605AAFFF7EEFA1D
:101870000028BADBA36D50460593616D082305AAC5
:101880000695FFF7E3FA0028AFDB636D4A21C4E950
:10189000155330461BF047FD32460346414650463D
:1018A000FFF7D4FA00EAE0709FE7002DC6D041466A
:1018B000204618F0A8FA98E7019B7F0007F01E0762
:1018C00047EA0308B9E75721064818F09EF8204672
:1018D00018F043FA0028C1DA87E76FF0150084E7B3
:1018E000AF250400D42504002DE9F04F00F10805D0
:1018F0009BB00746894608234FF00041284607AAB7
:1019000018F06DF8002826DB0020089E1EB326F094
:10191000010A492307AA5146284618F060F80AF13F
:10192000804B59460446284618F066F8082380463E
:101930003146284605AA18F052F800280BDB002C87
:10194000069E02DDB8F1000F08DC5146384618F05B
:101950005AFA0028DADA1BB0BDE8F08F04F1680308
:101960000DEB03040023414604F84C3C054ACDF836
:10197000009003AB07A8CDE9035BFFF729FE002821
:10198000C4D0E8E74F9D03007FB5012369460820D6
:101990000193FFF7CBFB044668BB082002AA01A90C
:1019A00018F0C8F8044610B110F10C0F23D1009BB9
:1019B00003999A68134DB2FBF1F2C5E908125A680F
:1019C000DB68AA602B652B64C3B105F10800FFF743
:1019D00027F8044678B985F85C00284618F0BDF968
:1019E000044640B9084E28466E60FFF735FD28468C
:1019F0006E60FFF73FFD204604B070BD6FF012042B
:101A0000F9E700BF78400020742700202DE9F04757
:101A1000D0F808901D4688B0D9F80C30164680469C
:101A20000F4698470268202A08D94521184817F020
:101A3000ECFF6FF0150008B0BDE8F087002E02DA69
:101A400045211448F3E746EA0504531E1C4004D020
:101A50004521114817F0D9FFEBE7202239466846A7
:101A60001EF093F82046A542E5D9A5EB040ABAF189
:101A7000200F28BF4FF0200A6A4653464046D9F847
:101A800004703119B8470028D5DB5444EBE700BF98
:101A90000D260400382604005A26040008B505481F
:101AA00017F012FB044817F00FFBBDE8084003488D
:101AB00017F00ABB97260400CF2604000227040073
:101AC0004B1E59425941014B197070470363002066
:101AD00008B5012BBDF808100CD171B90A4B1B6871
:101AE0000BB9012008BD1078012809D800F00100C9
:101AF0009847F6E76FF00C00F4E76FF00600F1E7A7
:101B00006FF01200EEE700BF5C5500202DE9FF41A9
:101B10001F460D4B054658680C46164680B1D1F855
:101B20000C808047094B324618700123CDE90183B0
:101B3000BDF828302146009328463B4608F018FEA1
:101B400004B0BDE8F08100BF5C55002002630020B6
:101B500020B1034B02681A6042685A600020704747
:101B60005C55002000B50E4B89B01B788DF807003E
:101B70009BB10021182202A81EF007F8094B002093
:101B800003930DF107030493012302A9ADF8143068
:101B900009F008FB09B05DF804FB6FF00C00F9E7F1
:101BA00003630020A811040037B505460C46C9B1EF
:101BB0008B6814480093D1E90023452117F025FFD5
:101BC000636945210093D4E903230F4817F01DFFF3
:101BD0004521E2690D4817F018FF4521A2690C481C
:101BE00017F013FF012D06D1EFF3058245210948B7
:101BF000103A17F00AFF2146284603B0BDE83040EE
:101C000010F0F4B88C270400C0270400F427040067
:101C1000082804003B28040030BFFFF7FDBF00BFC9
:101C20002DE9F04105460B4EDFF82C80324606EBDD
:101C30000807CC1B204609491DF080FFA019424629
:101C40000021083C1DF0A1FFC5F8844007F1080001
:101C5000BDE8F0810000000008000000040A040054
:101C6000074A936893F90E10002907DB52699342E3
:101C70001FBF044A536843F080535360704700BF4E
:101C8000E05B002000ED00E010B5244C4521244825
:101C900017F0BBFEA36A99013ED52248452117F0F3
:101CA000B4FE1E20A36ADA0104D51F48452117F0AF
:101CB000ACFE1F20194CA36ADB0204D51B4845214A
:101CC00017F0A3FE0220A36A1C0304D5184845217F
:101CD00017F09BFE2120114CA36A590304D5154827
:101CE000452117F092FE2220A36A9A0304D51248D8
:101CF000452117F08AFE2320084CA36ADB0304D594
:101D00000E48452117F081FE2420A36A6FEA0343A1
:101D10006FEA1343A36210BD1D20C3E700ED00E08E
:101D2000532804007028040088280400A728040011
:101D3000D6280400F92804002329040042290400BD
:101D400070B5284C06460D462748452117F05DFE24
:101D5000A36AD9043BD52548452117F056FE172024
:101D6000A36A1A0504D52248452117F04EFE182013
:101D70001C4CA36A9B0511D51E48452117F045FE52
:101D8000A26BA36A180408D545211B4817F03DFE35
:101D90001EB1A36A23F40043A3621920114CA36A65
:101DA000590504D51548452117F02FFE1A20A36ABE
:101DB000DA050ED51248452117F027FE1B20094AE7
:101DC000936A43F47F43936200232B7070BD162007
:101DD000C6E7A36A9B04F2D50A48452117F015FE11
:101DE0001C20ECE700ED00E0722904008D290400BE
:101DF000A3290400BB290400D9290400F329040005
:101E0000132A0400302A040070B5324C06460D46F1
:101E10003148452117F0F9FDA36AD90648D52F4866
:101E2000452117F0F2FD1120A36A1A0704D52C48AA
:101E3000452117F0EAFD1220264CA36A9B0711D515
:101E40004521284817F0E1FD626BA36A190608D501
:101E50004521254817F0D9FD1EB1A36A23F0800360
:101E6000A36213201B4CA36ADA0704D51F4845213F
:101E700017F0CBFD1420A36A9B0604D51C4845210E
:101E800017F0C3FD1520134B9A6AD60602D49A6A3E
:101E900094070FD59B6AD9060CD51649164840F20F
:101EA000331217F027F940F23311124817F019F9DD
:101EB0001020B9E7074B9A6A920642BF5A6A22F489
:101EC00000525A629A6A42F0FF029A6200232B7013
:101ED00070BD00BF00ED00E0642A04007F2A04000A
:101EE000A3290400B72A0400D42A0400EF2A04001E
:101EF000302A0400132B040044200400F0B56C4B7E
:101F00000446586800258BB0C0F3080385F3118898
:101F1000BFF36F8F02F07F46B6F17F4F07D102F01B
:101F20000C06082E0ED14521624817F06EFD62495D
:101F30004FF48562614817F0DDF84FF485615E4823
:101F400017F0CFF816074CBF0C460125002CEED039
:101F50000026DA1E8DF80760092A00F29880DFE873
:101F600002F0058B8F769696969696934521544867
:101F700017F04BFD8DF807604D4EF36A9A0705D5B3
:101F80004521504817F041FD002329E0F36A002B5A
:101F900002DA45214C48F5E7F36A5B0063D5452139
:101FA0004A4817F032FD7369A26943F48073736184
:101FB000BFF34F8FBFF36F8F736932F8022C23F496
:101FC00080737361BFF34F8FBFF36F8F4DF6027352
:101FD0009A4224D1452122683D4817F016FD236816
:101FE0009DF80720CAB902AE04F1200732462068E6
:101FF0006168083403C2BC421646F7D1099A002D25
:1020000051D0C2F3080121B96FEA52226FEA42228D
:102010000992184602A9FFF7C7FD0BB0F0BDB36ADD
:10202000DBB233B101200DF10701FFF7EDFE0346EE
:10203000D6E7B36A13F47F4F05D001200DF10701F5
:10204000FFF77EFEF3E7B36AB3F5803F02D3FFF7F5
:102050001BFEECE7184940F2FA22184817F04AF83C
:1020600040F2FA216BE7144940F2FE22134817F0C0
:1020700041F840F2FE2162E700200DF10701D4E7AC
:1020800000200DF10701DBE7452112487AE71249EC
:1020900010F4F87F114A124808BF0A46103B452148
:1020A00017F0B3FC70E722F4FF7222F00102AFE7F1
:1020B00000ED00E0732B0400132B04004420040007
:1020C000A32B0400BF2B0400E52B0400F82B040015
:1020D0001C2C04003D2C0400452B04005A2B04004A
:1020E000662C0400064B5A6942F010025A615A6984
:1020F00042F480625A615A6922F008025A617047BC
:1021000000ED00E0EFF30880EFF3098101B57246BE
:10211000FFF7F4FE01BD00BF002080F31488BFF379
:102120006F8F002080F30A8880F30B880F4880F3BC
:1021300008880EF07BF800200D490860BFF34F8F30
:1021400000F02CF8402080F311880A484FF4006119
:10215000401880F30988EFF314800221084380F3CC
:102160001488BFF36F8F00F0E7F80000709D002027
:1021700094ED00E030860020002318460649D1F88F
:102180009020C2F30722934200DB7047C1F89830D9
:10219000C1F8A0000133F6E700ED00E010B572B61B
:1021A000002484F31388FFF7E7FF23464FF0FF3046
:1021B0000C4A03F120010133102B42F82100F8D121
:1021C00000234FF0FF30074A03F160010133102B69
:1021D00042F82100F8D162B6BFF34F8FBFF36F8F83
:1021E00010BD00BF00E100E0084B9B6883420BD1AB
:1021F000EFF3058343B1064B5A6842F080525A60B0
:102200005A6A22F400425A6212F0BAB9E05B002026
:1022100000ED00E017498A684FF030001044EFF3FA
:10222000098C80E8F01F402080F31288BFF36F8F85
:10223000114F4FF000664A698A603E604FF0840497
:10224000141920680D4C2060D2F888000023C2F8D1
:10225000883080F3118802F1300090E8F01F8CF391
:10226000098802F1000004B517F0BCFEBDE8044087
:1022700070470000E05B002004ED00E064550020A2
:102280001EF0040F0CBFEFF30880EFF309808169A3
:1022900011F8021C0229FFD001B5724617F093FE17
:1022A00001BD00BF00B2002807DB01234109034A3A
:1022B00000F01F00834042F82130704700E100E049
:1022C00000B200280CDB01220649430900F01F0080
:1022D0008240203341F82320BFF34F8FBFF36F8F2D
:1022E000704700BF00E100E008B5D3070BD402310E
:1022F000072909D90D490E48582216F0FBFE58212E
:102300000A4816F0EEFE002100B20028ACBF00F132
:102310006040084B4FEA4111C9B2ABBF00F56140C4
:1023200000F00F0080F80013195408BD7E2C040043
:102330004420040014ED00E00B4A08B50B4B22F0DA
:102340007F029A60BFF34F8FBFF36F8FD3F888205F
:1023500022F47002C3F888200FF034FE12F078FBEC
:1023600000F048F80FF06EFE00E8000000ED00E01D
:1023700042F8203C009B0B4942F81C3C019B21F099
:10238000010142F8183C029B42F8081C42F8143C38
:102390004FF0807342F8043C0023203A0265C0F8F5
:1023A000883070470104020000B50B4B1546986059
:1023B000D0F88420094B0E461A60436F83F30B88D4
:1023C0002C4686F309880020054B984720460021BB
:1023D00000220023034C2047E05B002064550020CE
:1023E000ED9F0300010402001022014B1A617047A7
:1023F00000ED00E00023402040F20F1210B5044C25
:10240000E1180133934281F80003F9D110BD00BFF8
:1024100000E100E008B5EFF30583064A103B02EB4C
:10242000C30152F8330049688847BDE80840FFF708
:1024300017BC00BF6CFE03001FB5094C094A2346B8
:102440000121094800F00EF900230393074B0121F5
:10245000E41A01A80193029400F01EF904B010BD23
:1024600000F00220000000208C120400A02E0020AA
:1024700010B50C7A0B6804F01F0223F01F031A43F7
:10248000CB68640923F01F03054943EA440343F082
:102490000103C1F89800C1F89C20C1F8A03010BD1C
:1024A00000ED00E010B50A4B0446D3F89030C3F3BA
:1024B0000723013B984208D902464521054817F0F9
:1024C000A4FA6FF01504204610BDFFF7D1FFFAE71C
:1024D00000ED00E0B92C04002DE9F04F89461446C8
:1024E00006464FF00008514D85B0C84527DAD6F8AA
:1024F00004A0BAF1000F44D0BAF11F0F18D91AF096
:102500001F0F15D1D6F800B01BF01F0F10D1584681
:1025100017F08FFD07460AEB0B00013817F089FD15
:10252000874210D06FF015073A464521404802E037
:10253000424645213F4817F068FA6FF015042046DF
:1025400005B0BDE8F08F17F1160FEDD0BC42EBDD02
:10255000C5F89870D5F89C10C5F89870D5F8A030DB
:1025600021F01F0143F01F0BD6E900321A449942B3
:1025700002F1FF3A1DD1D34507D13146F8B217F029
:1025800061FD08F101080C36AFE73146C5F89870D7
:10259000D5F89C3022F01F0203F01F031343C5F847
:1025A0009C30E0B217F04EFD10F1160FC5D0441C60
:1025B000E7E7C5F89870D5F8A020013B23F01F038A
:1025C00002F01F021343D3453146E0B2C5F8A030F4
:1025D000E8D017F037FD10F1160FAED0C5F898709F
:1025E000D5F89C209DF808300BF1FF3B62F3040303
:1025F0008DF80830D5F8A0309DF808205B0863F30B
:1026000047128DF80820D6E900321344009323F0D6
:102610001F035B44A3EB0A03013023F01F03694649
:10262000C0B20393FFF73EFFBEE700BF00ED00E03E
:102630000C2D0400E42C04000522044BC3F8942064
:10264000BFF34F8FBFF36F8F704700BF00ED00E007
:10265000BFF35F8F0022024BC3F89420704700BF86
:1026600000ED00E010B5094C2278FFF735FF20702F
:1026700016300AD10649074840F26F1216F03AFDAB
:1026800040F26F11024816F02CFD10BD04630020CB
:10269000342D0400442004002DE9F74F2E4D8A46C6
:1026A00006464FF00008AB462C4FD04502DB03B086
:1026B000BDE8F08FD6F80490B9F1000F47D031682B
:1026C0000846019117F0B5FC0199044609EB010099
:1026D000013817F0AEFC84424FF01402204B10D0AA
:1026E00002FB08F36FF015024BF803201D491E484A
:1026F00040F27F1216F0FEFC40F27F11194816F0EE
:10270000F0FC14F1160F2C60F0D01978A142EDDD29
:1027100002FB08B0C7F89840C7F89840D7F89C402B
:1027200000F10801007B64F304000871D7F8A000F1
:102730000C79400860F347140C71D7F89C1021F015
:102740001F016960D7F8A01021F01F01296108F16D
:10275000010814350C36A8E76855002000ED00E0AC
:1027600004630020342D0400442004002DE9F041CE
:102770004E494F4CD1F890302568C3F307239D4252
:1027800086B00AD94B494FF4D3724B4816F0B2FCCD
:102790004FF4D371474816F0A4FC0020FFF758FF10
:1027A000464BC1F8C03085421AD1454C01A825706E
:1027B000FEF7B6FC002506464FF04108414FAE42F9
:1027C00015D1002023783949D1F89020C2F307228F
:1027D000934265DB0020FFF72FFF06B0BDE8F081D4
:1027E000616801EB0011FFF743FE0130DBE7019A5E
:1027F000290102EB0513D3F80CC00CEA0700B0F571
:10280000001F23D0B0F5800F38D0B0F5801F45D120
:10281000586852589B68CDE902022122013B20F002
:102820001F010B4423F01F038DF81020059320781F
:1028300002A9FFF737FE00282DDA1E494FF4E8728F
:102840001D4816F057FC4FF4E871A3E758689B68E1
:102850005258013B20F01F010B4423F01F031CF0D2
:10286000010FCDE902028DF810800593DFD01149E8
:102870007422114816F03EFC74218BE758689B685F
:102880005258013B20F01F010B44CDE9020223F016
:102890001F030222C8E723780133237001358EE736
:1028A000C1F89830C1F8A00001338DE700ED00E0D9
:1028B00098120400342D040044200400AAFF4400B0
:1028C000046300200000F0FF054C06482146182252
:1028D00008B516F00FFC1821204616F002FC00BFC8
:1028E000722D04004420040008B5024815F0F2FEE1
:1028F000FEE700BFA02D040008B5024B1B689847F7
:10290000002008BD7C550020034B044A18609378D2
:1029100043F00203937070477C550020BC270020D1
:1029200008B50649064821F00701C1F1005202F539
:102930003C32FDF7BBFC002008BD00BF03F20020C5
:102940008055002070B541690446867A0A4D59B118
:10295000437ADB0706D4342303FB0653DB6A1B6888
:102960009B689847002363613420214606FB005092
:10297000BDE870401BF0ADB8FC2C00203422024BA7
:1029800002FB0030704700BFFC2C00203421827A0B
:10299000064B01FB02331A6B93F82430801A1B3369
:1029A00023F00303B0FBF3F0704700BFFC2C0020C2
:1029B00038B53424827A064B04FB0233DB6AD3E950
:1029C00001240C601568FFF7E1FF04FB005038BDDF
:1029D000FC2C002008B5437A43B10B495A220B481E
:1029E00016F088FB5A21084816F07BFB436833B188
:1029F00005495B22054816F07DFB5B21F3E7038266
:102A00004369C36008BD00BFA52D04004420040035
:102A10002DE9FF470546684691461C4603911BF089
:102A200056F9DDE900673DB95649EE22564816F0E1
:102A300061FBEE21534813E005F11C08EFF3118A06
:102A4000402383F31288BFF36F8F404611F0D4FF09
:102A500040B94E4988224C4816F04CFB88214B481F
:102A600016F03FFB404611F0EBFF6B8C002B56D06D
:102A70002A8C9A4233D90022002328460FF09EFF69
:102A8000044660B3404611F0C5FF40B93F4940F2EB
:102A900031123D4816F02EFB40F23111DFE78AF388
:102AA0001188BFF36F8F039D002D5AD032463B46ED
:102AB00068461BF030F93421A27A354B204601FBE1
:102AC0000233DB6A03A91B681E68DDE90023B047F7
:102AD0006061002839D12046FFF734FF30E06C8C6C
:102AE0004046631E6B8411F095FF0028CED08AF318
:102AF0001188BFF36F8F95F824302A8C1B33121B7B
:102B00002C6B23F0030302FB0344214B214AEB1AF5
:102B10009B105343A37295F82430E372C3E74046F9
:102B200011F078FF0028B1D08AF31188BFF36F8FBE
:102B300023464A4628460FF041FF04460028B2D1FA
:102B40000024204604B0BDE8F087039B9D4209D9CC
:102B50000C4940F245120C4816F0CCFA40F24511EF
:102B600068E76561012300212381039BE27A6160AC
:102B7000638204F118001DF008F82046FFF72AFFD1
:102B8000DFE700BFA52D040044200400BB200400A3
:102B9000FC2C0020C54EECC470B50C46054650B95F
:102BA00022494FF4D072224816F0A4FA4FF4D071A3
:102BB0001E4816F096FA41B91C4940F2A1121C4871
:102BC00016F098FA40F2A111F2E7EFF311864023D4
:102BD00083F31288BFF36F8F164811F00DFF38B9D9
:102BE00015498822124816F085FA88211248E0E734
:102BF000104811F025FF002323606B6873B9C5E905
:102C000000440C4811F006FF58B90B4940F231124C
:102C1000074816F06FFA40F23111E7E71C606C606C
:102C2000EFE786F31188BFF36F8F70BDA52D040009
:102C3000442004008C550020BB20040070B50446DD
:102C400050B91E491E4840F2AD1216F053FA40F238
:102C5000AD111A4816F045FAEFF31186402383F3BD
:102C60001288BFF36F8F174811F0C6FE38B91649A6
:102C70008822134816F03EFA88211348EAE71148E3
:102C800011F0DEFE25682DB162682B689542236045
:102C900008BF63600B4811F0BDFE40B90A4940F21D
:102CA0003112074816F026FA40F23111E5E786F3B3
:102CB0001188BFF36F8F284670BD00BFA52D04009B
:102CC000442004008C550020BB20040070B504464D
:102CD00098B13426104D2046037A6468013BDBB27C
:102CE00003724BB9C3604360837A06FB03539B6A4C
:102CF00073B19847002CEED170BD084908484FF4D5
:102D0000E37216F0F7F94FF4E371044816F0E9F9AD
:102D1000FFF718FEEEE700BFFC2C0020A52D0400F5
:102D20004420040008B550B9074908484FF4F87228
:102D300016F0E0F94FF4F871034816F0D2F9027A70
:102D40000132027208BD00BFA52D0400442004001A
:102D500008B5034650B90849084840F23B2216F02E
:102D6000C9F940F23B21044816F0BBF918465B68EC
:102D7000002BFBD108BD00BFA52D0400442004009A
:102D800070B50D46044650B90E4940F246220E4831
:102D900016F0B0F940F246210A4816F0A2F941B9FE
:102DA000084940F24722084816F0A4F940F24721AA
:102DB000F2E746681EB10846FFF7CAFF4660656045
:102DC00070BD00BFA52D04004420040038B50546A1
:102DD0000C4651B90B490C4840F2522216F08AF9C0
:102DE00040F25221074816F07CF920B9BDE838407E
:102DF0000846FFF797BFFFF7ABFF2146FFF7C0FF7D
:102E0000284638BDA52D04004420040008B540B96B
:102E10000A492B220A4816F06DF92B21074816F0B3
:102E200060F9838833B105492C22054816F062F910
:102E30002C21F3E783680B44036008BDD22D040006
:102E40004420040008B5034600689A68821A91423B
:102E50000AD90849084840F2551216F04BF940F2D9
:102E60005511044816F03DF99A88401A114418602B
:102E7000998008BDD22D04004420040008B5828842
:102E800003468A420AD20849084840F2C31216F0A3
:102E900031F940F2C311044816F023F9521A828026
:102EA00000680844186008BDD22D040044200400C6
:102EB00008B503469A8800688A420AD2074908483A
:102EC00040F2CF1216F016F940F2CF11034816F077
:102ED00008F9521A01449A80196008BDD22D0400E5
:102EE00044200400F8B5858803680E4604465F193F
:102EF00017F0DEF8B04208D2064907483E2216F025
:102F0000F9F83E21034816F0ECF83544A580384620
:102F1000F8BD00BFD22D04004420040008B5284AA3
:102F2000284B1A600AF056F841F6F8732648D0F894
:102F30002416C1F3080203EA5133132182F480728C
:102F4000883201FB0233214A590ADB0548BF0131AF
:102F5000C2F80419D0F820364FF47A60C3F30801A0
:102F6000C3F30943434342F21C5081F4807101F2E0
:102F7000172100FB01334FF47A701B0AB3FBF0F109
:102F800000FB1133B3F5FA7F28BF01310E4BC2F8B5
:102F90001C17D3F840131C290CD1D3F84433012B50
:102FA00008D13423C2F82436D2F83C3623F4002367
:102FB000C2F83C360122054B0020C3F8002608BDAC
:102FC0000020A107E429002000C0FF0000001250EB
:102FD00048B1054B054A1B68B3FBF2F35843044B59
:102FE00043F0010318477047E429002040420F00D6
:102FF00050110400BFF34F8F0549064BCA6802F415
:10300000E0621343CB60BFF34F8F00BFFDE700BF0B
:1030100000ED00E00400FA0538B50B4C0B4DAC4256
:103020000ED90B490B48F92216F064F8F92108482B
:1030300016F057F854F8043B002BF0D09847EEE711
:10304000F8D3002038BD00BFF4090400040A0400CE
:10305000112E040044200400084B0246186808B1F1
:10306000036800B9704741899142FBD01BB11968D0
:1030700018460B46F5E71946FAE700BF90550020C1
:103080000A4B1B681BB11A681BB9184670471A46D1
:10309000FAE75989814206D01AB1116813460A46E7
:1030A000F2E71146FAE7D868704700BF9055002054
:1030B00000230360044B5A6812B9C3E9000070474B
:1030C00010605860704700BF9055002000232DE924
:1030D000F04F04460D468BB0CDE9063301F10C0AE2
:1030E0002B8A3BB999462846216817F092F90020AF
:1030F000216880E0072B40F20381EA6806AB106884
:10310000516803C3BDF81A3008215BBA1FFA83FB6C
:10311000ADF81A30BDF81C3050465BBA9AB2ADF823
:103120001C300592FFF7AAFE2B8A5B45C0F0EE80AB
:103130009DF8188018F0050940F0ED8028462168B8
:1031400017F053F90646002800F0E8800122606875
:10315000042140F8045B2B8ACDE901990092EA68CA
:103160001AF036FB3146A06816F0ECFF9DF81830D7
:10317000A768C3F3C103012BC7F84C9000F2C380CA
:103180000598FFF769FF002800F093809DF81F1055
:1031900016F0A9FF002800F08C809DF8183013F07D
:1031A00007032ED0022B47D04FF003093146A06809
:1031B00016F0C8FFD4F80880022108F10407384649
:1031C0001AF0D5FB00287AD00222384655491AF069
:1031D000B3FB002873D0494638461AF091FB022110
:1031E00000286ED138461AF0CAFB2846216817F02D
:1031F00010F93046216817F00CF948460BB0BDE8CD
:10320000F08FD0F80090A068B9F1000F51D00F21D5
:1032100004301AF0ACFB00284ED02046C847814647
:10322000A0680F2104301AF0AAFB40B9B9F1000FD1
:1032300008BF4FF00709B9E7D0F80490E3E7B9F108
:10324000000FB3D1B7F84E90B9F1000F12D018F0BB
:10325000180F0FD1B7F84C00FFF712FF034610B953
:103260004FF00109A2E7484698478146B0B1002EC9
:103270004ED09BE7D7E90087D8F80C3008A9FF1A91
:10328000A7F1080206A816F03EFFA8F81070A36880
:103290001B68DA680B4603CB106051602368304628
:1032A000DB6A9847814698BB59465046FFF7E6FDD2
:1032B00016E74FF0080979E74FF0070976E7022192
:1032C00090E738461AF05BFB00288ED0D8E900A7BB
:1032D000DAF80C3008A9FF1AA7F1080206A816F0C0
:1032E00012FFAAF81070A3681B68DA680B4603CBBC
:1032F0001060516023683046DB6A9847002674E707
:103300004FF00909EFE64FF00D094FE74FF00909BB
:103310002E4600254AE74FF00809F9E74FF0020969
:10332000F6E700BF472E040070B504460E4615466A
:103330008AB3A0F84810A0F84A20184903221AF0CE
:10334000FBFA18B9002000F0010070BD02212046F0
:103350001AF00DFB0028F5D00522204610491AF07E
:10336000EBFA0028EED0314620461AF0D3FA0028B6
:10337000E8D0022220460B491AF0DEFA0028E1D0FC
:10338000294620461AF0C6FA0028DBD00221204642
:103390001AF0F5FAD7E70120D7E700BF4A2E04005C
:1033A0004E2E0400472E04002DE9F04192B016F095
:1033B0005FFF041E57DB01A9E0B2FDF7B7FE031E55
:1033C00009DA22464521294816F01FFB0A24204627
:1033D00012B0BDE8F081019EB46814F0030401D07E
:1033E000FFF772FA304616F07CFB4FF0013303FB17
:1033F00000F7D6F80880A04504DC0121019831B31C
:10340000002418E0A8EB0405402DA8BF402502AA1F
:103410002B462146304616F006FB021E06DB002333
:10342000AD1002AAAB420AD14034E4E7452110486E
:1034300016F0EBFA0B24019816F0F4FAC7E752F8ED
:10344000041BB94201D10133ECE70021D6E78268C1
:1034500016F02BFB02460028D2D04521054816F075
:10346000D4FA0D24E7E70E24B1E700BF542E040080
:103470007D2E0400AA2E0400F7B516F0F9FE041EF6
:103480000D4616461F4621DB01A9E0B2FDF74EFEB0
:10349000034640B1224645210D4816F0B6FA0A24EB
:1034A000204603B0F0BD3B4632462946019816F04F
:1034B000BAFA0446019816F0B5FA002CF0D022466C
:1034C0004521044816F0A1FA0B24E9E70E24E7E7AA
:1034D000542E0400CE2E040070B50C4615461E4630
:1034E00048B133462A462146074816F082FB002899
:1034F00018BF0C2070BD054B0348197816F0C7FBA8
:103500000028EED00A20F5E798550020C857002083
:103510007FB50D4604461822002128461CF035FBD5
:103520006368581C00F08480002B6CD122691F2A2C
:103530005FD9A268511C5ED0C5E90023E6683E4B06
:1035400032689A4259D1A269202A58D85AB13B48C8
:103550000368013307D0037B9A4204D161690D30BF
:103560001CF01BFBA0B1002016F0C4FE18B916F029
:103570007FFE00280EDA012016F0BCFE20B90120E3
:1035800016F076FE002805DA4FF0FF330920EB60D5
:1035900004B070BDE86001A9C0B2FDF7C7FD0346E5
:1035A00030B127484521EA6816F02FFA0A20EFE7E4
:1035B0000198A26883689A420AD916F033FA019BEF
:1035C000204845219B68A26816F01FFA1E20DFE7FD
:1035D00016F028FA237F2BB302A816F0C9FE80B993
:1035E00006F1140102A816F04BFE00281ADB1B207E
:1035F000CEE71620CCE71520CAE71720C8E7182029
:10360000C6E71A20C4E70D4A13689168EB600023EF
:1036100029606B6063685268934207D12269134442
:10362000994207D32369AB6001232B740020AFE7D5
:103630001420ADE71F20ABE73DB8F396C857002034
:10364000542E0400F62E040073B516F011FE051E6C
:103650000E4617DB01A9E8B2FDF768FD044648B144
:1036600003462A464521084816F0CFF90A24204689
:1036700002B070BD019816F034FA3070019816F05F
:10368000D1F9F4E70E24F2E7542E0400054C064865
:103690002146792208B515F02DFD7921204615F037
:1036A00020FD00BF1E2F040044200400054C0648E6
:1036B00021466A2208B515F01DFD6A21204615F045
:1036C00010FD00BF1E2F040044200400F0B540236D
:1036D0000F469DB00293044615466B460CAA384629
:1036E00003A9019200F060FA0646002840F08E809F
:1036F00004340F2120461AF03AF910B900201DB009
:10370000F0BD0422204642491AF016F90028F5D0EF
:10371000204607F001011AF0FDF80028EED007223C
:1037200020463C491AF008F90028E7D005A903A86B
:1037300000F0E0F9002861DA0522204636491AF047
:10374000FBF80028DAD00422204634491AF0F4F8B5
:103750000028D3D0204601A91AF0E8F80028CDD0DF
:10376000082220462E491AF0E7F80028C6D0009912
:10377000204681F01001C1F300111AF014F900285D
:10378000BCD00722204627491AF0D6F80028B5D029
:103790002046C5F340011AF006F90028AED00922F0
:1037A000204621491AF0C8F80028A7D02046C5F3C2
:1037B00080011AF0F8F80028A0D0062220461B4904
:1037C0001AF0BAF8002899D0204605F001011AF045
:1037D000EAF8002892D00922204615491AF0ACF8E0
:1037E00000288BD02046C5F3C0011AF0DCF8002871
:1037F00084D00F2120461AF0C2F880E71922204613
:1038000005A98DF82C601AF0A0F89AE7012076E758
:10381000822F0400872F04008F2F0400E45004003F
:10382000952F04009E2F0400A62F0400B02F040043
:10383000B72F04002DE9F3418668074604360622B7
:10384000304634491AF078F838B916F071FD16F0A0
:1038500070FD072002B0BDE8F081022130461AF069
:1038600082F8044616F064FD002CF0D000240DF11F
:10387000070120468DF8074016F019FD80462046C6
:1038800016F058FD0128054601D9FFF7FFFE9DF807
:10389000073080F00101022B2AD180454FF001084A
:1038A0002CD18D42B8682CDA42460021FFF70EFF7A
:1038B0000028CCD022460121B868FFF707FF002876
:1038C000C5D0022130461AF056F80028BFD00B228E
:1038D000304611491AF030F80028B8D0002130469F
:1038E0001AF00EF80028B2D016F023FD0020B1E740
:1038F00080454FF00508D4D0022BD2D8074AD456C1
:10390000CFE72246FFF7E2FE0028A0D04246294634
:10391000D2E700BFC12F0400C82F040033300400D9
:10392000F0B5012805460F4685B001D9FFF7BEFE68
:10393000002016F0FFFC064600200DF10B018DF86B
:103940000B0016F0B4FC0446E7B116F0F5FC28B9FC
:103950009DF80B30012B25D11C2420E0AE424AD02B
:103960009DF80B30012BF7D0002B48D0022B46D00E
:10397000284616F07DFC03A9C0B2FDF7D7FBC8B1FD
:103980000A240CE0AE4238D09DF80B30012B03D056
:1039900073B1022BE0D0EBE7A842DDD10024204632
:1039A00005B0F0BD002BE1D1AC42F7D0AE42F1E75B
:1039B000A842EFE7731B59423A460398594119F060
:1039C000F8F9044678B102462B464521CDE9006757
:1039D0000C4816F01AF8012C09D0042C09D0032C3D
:1039E00014BF01241724039816F01CF8D7E70C2401
:1039F000F9E71D24F7E72024D1E72124CFE7AC42E3
:103A0000B6D1CBE7D42F0400F0B536499FB004916E
:103A100004210591344902AACDE90612334A002354
:103A2000099207220A92324A0546D0E901040B9214
:103A30000DF10302CDE902338DF8033001938DF8C7
:103A400020300C928DF83430022201AB04A90430EE
:103A500016F092FB002841D116F06AFC039B043457
:103A60006BB99DF8033063B116F066FC16F062FC8A
:103A70009DF80310FFF754FF18B382B202E0402B09
:103A80000AD0182220460121FFF74EFC044616F00A
:103A900050FC2CB300241BE00EAA1746029B03F136
:103AA000400C164618685968083303C66345324609
:103AB000F7D10021384616F041FC0028D8DA082258
:103AC000E0E72846FFF7B6FE044620B116F031FCC9
:103AD00020461FB0F0BD16F02CFCDBE70324F7E70F
:103AE0000724F5E7E4500400A3D503002B300400BD
:103AF0004FD6030073B50E464388054601934378BD
:103B00001921009303780B4A304614F003FE041E7B
:103B100003DA4FF0FF3002B070BD6B683BB1064A6C
:103B2000C4F11901301914F0F5FD031EF1DBE018A2
:103B3000F1E700BF3630040042300400033880B2A1
:103B400019289ABF014B185601207047B030040065
:103B500008B5054B2C22002118461CF016F84FF032
:103B6000FF3240F8042C08BDCC5700200148FFF775
:103B70009FBA00BFCC27002010B5041D03222046A9
:103B8000074919F0D9FE08B9072010BD054B20469A
:103B9000596819F0C9FE0028F6D00020F5E700BFEB
:103BA00046300400C85700202DE9F0438BB00C4686
:103BB0000DF10301054616461F46FFF745FD014678
:103BC000002840F08D802023284602AAFFF754FCED
:103BD000002850D19DF80380DFF81091B4BB029803
:103BE000484540D10FB1069B3B60059BBDF8104096
:103BF00028461C44042321460DEB0302FFF73CFC3E
:103C000040B946F60813BDF804209A4204BFBDF837
:103C10000630E4180423214628460DEB0302FFF783
:103C20002BFC58BB46F60713BDF804209A4225D159
:103C30008146BDF806700434274404F10408B845F1
:103C40001ED989F001094FEAC90014E00822414653
:103C500020461BF09AFF0298484504D107AB03CBDE
:103C600020606160BEE74FF0013303FB08F8404578
:103C700014BF172003200BB0BDE8F0830420FAE73F
:103C80000423214628460DEB0302FFF7F5FB00282D
:103C9000F1D1BDF80420BDF80630FF2A05D14FF65A
:103CA000FF72934205D10520E5E7122A01D1402B8E
:103CB00004D0043303EB04084446BEE7B9F1000F17
:103CC00010D116B94FF00109F6E74434BC420BD8C5
:103CD000324641462846FFF7CFFB0028F2D0CAE71C
:103CE0000220C8E70620C6E70720C4E73DB8F396E0
:103CF00070B51C4A8AB005920422D0E90105002360
:103D000001260692184ACDE90163079201AA08929A
:103D10008DF82430324602AB05A9043016F02CFA97
:103D20000446E8B90346024603A901980435FFF7A3
:103D30003BFF58B9019816F0DDFA38B1092201218C
:103D40002846FFF7F1FA20460AB070BD0198FFF748
:103D50002BFB0646FFF7FCFE002EF4D0B2B2EEE7D6
:103D60000324F0E7822F040099D503002DE9F043E6
:103D70000024D0E90158BFB00DF1200920222146CE
:103D80000646484601941BF000FF4FF0FF33CDE993
:103D900009335E4B03272093052321935C4B0BAA29
:103DA000CDE922395B4B28922593042326935A4B65
:103DB0005A4A279336930DAB3793594B2A9239932E
:103DC0000723584A0AA92C9231923A9309AA564BD2
:103DD0002D9132925549564A04353B930FAB2846F4
:103DE000CDE92F17CDE934273C93062201AB20A95A
:103DF0008DF890408DF8A4402B978DF8B8408DF841
:103E0000CC408DF8E0408DF8F44016F0B5F9054649
:103E1000002878D1484602A9FFF77AFB08F1040888
:103E20000446B0B102464521424815F0EEFDA2B26B
:103E300001214046FFF778FA00230446194610AAEC
:103E40000120FFF7B1FEFFF783FE002C08BF072516
:103E500006E09DF818303BB9B068FFF78DFE0546C7
:103E600028463FB0BDE8F083334C059B099F236093
:103E7000029BA36097B9DDF838900D994A4604F18A
:103E80000D00676084F80C901BF058FE09F10D00DE
:103E90003946C9F1200220441BF077FED4E9011213
:103EA0000C9B2BB98A4228D0B068FFF765FED7E794
:103EB0000B449A1A5342384653410B99049AFFF720
:103EC0000BFB074690B96368049A1344A2686360C9
:103ED0009342E9D10346014610AA0120FFF764FE90
:103EE000B068FFF749FEFFF733FEB9E70246452108
:103EF000124815F08AFDBAB29AE7194610AA0120B5
:103F0000FFF752FED0E73D46AAE700BF653D04003B
:103F100099D5030076340400A3D503004A30040089
:103F2000523004009FD503004FD6030046300400F2
:103F30004E3004005A300400C85700207F3004007F
:103F40000148FFF7B5B800BFDC270020052100239A
:103F500070B588B0846804914068254901AA254E4F
:103F6000CDE90512CDE901338DF81C3001226B46F5
:103F700003A90430039616F0FFF804340546002820
:103F800034D1009B8BB90A2220461B4919F0D4FC7E
:103F900018B90725284608B070BD072220461749E2
:103FA00019F0CAFC0028F5D1F3E73246012103A835
:103FB00016F039F9A0B1029E042E11D132460199B2
:103FC0000F481BF0EAFD58B9324620460C4919F05B
:103FD000B3FC0028DDD00321204619F091FCE1E775
:103FE000032200212046FFF79FF9DBE70325D1E7F5
:103FF000A9D50300D9300400DF300400EA30040002
:10400000F230040010B584680822043420460D49BB
:1040100019F092FC28B140F6AB11204619F07AFC59
:1040200008B9072010BD09222046074919F084FC71
:104030000028F6D00421204619F06CFC0028F0D0AE
:104040000020EFE7F73004000031040008B541F626
:104050008562002302480FF0D3FA002008BD00BF9C
:1040600068250020F0B50023D0E901450127134A57
:1040700089B00392124A01AECDE90133CDE905269C
:104080008DF81C30201D6B463A4603A9049716F0A4
:1040900073F8044678B904353A462846094919F0B8
:1040A0004BFC20B13146284619F043FC00B90724E7
:1040B000204609B0F0BD0324FAE700BFAE2F04008C
:1040C000A9D503005C3D04000148FEF7F1BF00BF25
:1040D000EC27002037B5856801A90820FDF726F8F0
:1040E00000280CDA4521184815F08FFC02243F21E6
:1040F000A2B2281DFFF718F918BB072022E001988B
:1041000015F0EDFC40B94521104815F07EFC0198F2
:1041100015F088FC0324EAE701980021826815F075
:10412000C4FC041E08DA4521094815F06EFC01980C
:1041300015F078FC0424DAE7019815F073FC002CE4
:10414000D5D1002003B030BD183104003731040050
:104150005C31040013B5084C20460FF043F9074BBF
:10416000204600934FF40062032305490FF050F9F5
:10417000002002B010BD00BFD84000206013040032
:10418000A868002000220023014815F07ABF00BF74
:10419000342E002010B5C36A044643B90A490B48BF
:1041A000922214F0A7FF9221074814F09AFF16F00C
:1041B0003DF9204606490EF05BFF04F1100019F0AE
:1041C00070FC002010BD00BF8E31040044200400AC
:1041D000B9A3030010B50446103019F06FFC214656
:1041E000BDE81040014819F0E7BC00BFD8400020EE
:1041F000F0B5C36B04460E4689B003B30EF0A4FFBE
:1042000010F0050F02D020460FF09CF801A819F01D
:1042100048FC04F110070022002338460EF0CEFBC4
:10422000054670B90022002301A80EF0C7FB014625
:10423000A8B923691BB121460B4819F0BDFC09B090
:10424000F0BD3146E36B984720B92146284616F069
:10425000E0F8E0E7294601A819F030FCDBE7384632
:1042600019F02CFCDEE700BFD8400020034B1A6891
:1042700082420CBF18460020704700BF88410020D2
:104280002DE9F743074616461D46FFF7EFFF814627
:1042900048B93A4645212A4815F0B7FB6FF010009F
:1042A00003B0BDE8F083274816F0C5F83146044650
:1042B0002A46244816F0C7F810F10C0F0646EDD038
:1042C00000280CDA1F4816F01CF910B10023036017
:1042D00003711C4816F007F96FF01200E0E7002C9C
:1042E00027DA184816F00DF980463846FFF7BEFF6A
:1042F0000446C0B190F86830D9070ED44FF42813A3
:10430000114A69463846CDE9002316F01EF994F8A3
:10431000683043F0010384F8683000230B4A04F14D
:1043200008000FF0DDF9C8F8007099F8693088F8D6
:1043300004301EB93146034816F0BDF82846AFE7F1
:10434000DE310400F8570020060009005A6202001E
:104350001FB590F83020034612F0010F09490BD029
:104360006A460868496803C2694653F8380C16F073
:10437000ECF805B05DF804FB8868C96802AA03C2BE
:1043800002A9F2E7F810040013B504466B46084A88
:104390009068D16803C3694654F8080C16F0D5F844
:1043A00094F8603023F0010384F8603002B010BD4F
:1043B000F810040038B50546FFF758FF04462946B3
:1043C0000F48FFF715FF9CB10025204684F869507F
:1043D00040F8085B0FF08AF904F138000FF086F915
:1043E00084F8685004F16C00BDE838400EF05EBB04
:1043F0002A46BDE838404521024815F006BB00BFFB
:10440000F8570020DE31040010B509480C4616F0BC
:1044100012F800280ADB4CB9054816F072F804605F
:104420000471BDE81040024816F05DB810BD00BF31
:10443000F857002010B50124124B134913481C7083
:104440000FF04CF8124913480FF048F800212246AB
:10445000114819F04CFB1148114BC362114B036317
:10446000114B4363114B8363114BC363FFF792FE00
:10447000024628B1BDE8104045210E4815F0C5BAE6
:1044800010BD00BF05630020894302009041002059
:1044900051430200C0410020F4410020F8570020A1
:1044A000B944020081A5030017A503000BA5030072
:1044B00025A50300053204002DE9F04F04468FB016
:1044C0001822002168461BF060FB3B4BD4F8189083
:1044D0000193E3680293394B0493B9F1000F0BD1B8
:1044E000052604F1180016F010F8204615F07BFFA1
:1044F00030460FB0BDE8F08F484606A903F0D8FE5D
:1045000006460028ECD19DF83430022BE8D1204635
:1045100016F036F8054608B90126E2E74846FFF7E7
:10452000A5FE07460028DBD090F86930002BD7D0D5
:10453000227F9A42D4D100F16C0A50460EF06EFBF5
:10454000B346B046238A4345CBD997F86920002A61
:10455000C6D0217F9142C3D108EB05029A42C4BF65
:10456000A3EB08039DB269464846ADF80C5006F02F
:1045700019FE10F10C0F09D1BBF1000F03D1132D5F
:1045800018D9C5F34F050FF097FEDBE70028C3D11C
:10459000E26808EB05031FFA83F812FA83F302932B
:1045A0004FF0FF324FF0FF3350460EF0D7FA4FF086
:1045B000010BC7E7022694E79013040091A50300BE
:1045C00008B5E1B90E4A136843B10E490E48A1225D
:1045D00014F090FDA1210B4814F083FD0B491060ED
:1045E0000B7882F869300133DBB2012B38BF01232D
:1045F0000B7002F16C00BDE808400EF00FBB08BD67
:10460000884100203B320400442004000563002060
:1046100008B5044819F0E0F900280CBF6FF012004B
:10462000002008BDF4FD03000E4B402928BF4021A7
:1046300070B51D460C4C4618B04203F1020304D17C
:10464000002305F81130074870BD02781209A25CFA
:1046500003F8022C10F8012B02F00F02A25C03F801
:10466000012CE9E724630020C532040030B503784B
:104670008BB0044607AD032B21D8DFE803F0021A04
:104680001C1E12492846FAF7DEFF059563781E21A5
:104690000493A3780E4A0393E3780E480293237998
:1046A000019363790093A37914F034F809480BB0AF
:1046B00030BD0949E6E70949E4E70949E2E70A218B
:1046C0002846084A14F026F8DFE700BF791D0400E9
:1046D000A21D040006630020801D0400871D040045
:1046E000911D04009B1D04002DE9F341044617466B
:1046F00098461E4DD5E8AF3FDA071BD530B94521A6
:104700001B4815F082F96FF0010014E001A915F0C3
:104710000AFB1849024620461BF04FFA0028F2D146
:10472000D5E8AF3FC3F3C0061B0707D55721124892
:1047300015F06BF9002002B0BDE8F081A5F1D404BA
:10474000072221464046B847062809D845210B488C
:1047500015F05BF945F8D46CE671C4F80360E9E73D
:104760000723B0FBF3F0E071E4E700BF6C26002004
:10477000DD3204008E1D0400033304002C330400DA
:104780002DE9F04188B0DDF838809C795D791E799B
:10479000DF7893F802C093F801E01B78B8F1000FBE
:1047A0000ED0CDE90638CDE904CE1346CDE9026737
:1047B000CDE90045084A13F0ADFF08B0BDE8F0812F
:1047C000CDE905E3CDE9037C1346CDE90156034A63
:1047D000009413F09FFFF0E7563304007A3304008F
:1047E00010B5FCF7A5FF044620B10246452102485A
:1047F00015F00BF9204610BD9B33040070B504463C
:104800001E4615468CB0A2B129B10A4602A8042161
:1048100014F07DFC02A900912B462246242103A816
:10482000FFF7AEFF3146109A03A8FCF7F3FD0CB07A
:1048300070BD03462421044A03A813F06BFF00282F
:10484000F0DA6FF01500F2E7C533040007B50B4B43
:104850000B48DA79C2EBC202009200221146FFF740
:10486000CDFF024630B14521064803B05DF804EBA8
:1048700015F0CBB803B05DF804FB00BF982500200D
:104880008E1D0400CB33040030B5044615468DB0B0
:1048900092B129B10A4602A8042114F038FC02A9F9
:1048A00000912B462246242103A8FFF769FF03A8A5
:1048B00015F011FA0DB030BD03462421044A03A8B7
:1048C00013F028FF0028F2DA6FF01500F2E700BFBE
:1048D000C533040007B5009313460A460146034852
:1048E000FFF78CFF03B05DF804FB00BFF25004003B
:1048F0000A4601460148FFF7C7BF00BFF250040057
:1049000007B5009313460A4601460348FFF776FFB2
:1049100003B05DF804FB00BFEC50040007B5009342
:1049200013460A4601460348FFF768FF03B05DF8E7
:1049300004FB00BF364F040007B500220346009178
:1049400003481146FFF75AFF03B05DF804FB00BFB0
:10495000E450040008B502480EF07EFC002008BDBB
:104960001C280020F8B5184DD5E8AF3F13F0010F13
:104970002E4627D015F8CD3CA5F1D40783B901F018
:1049800049FE044628B14521104815F03EF820465E
:10499000F8BDFB7923B901F04DFE04460028F2D1A1
:1049A000D5E8AF3F5A0701D400F0ACFED6E8EF3FA0
:1049B00023F40062C6E8E12F0029F7D11B0501D5D9
:1049C000FFF7C8FF0024E2E76C260020EB33040069
:1049D00007B5009313460A4601460348FFF70EFF4A
:1049E00003B05DF804FB00BF5F5604000A460146B1
:1049F0000148FFF749BF00BF5F56040030B50024EF
:104A0000094D0A4B85B02846029303940EF0EAFC48
:104A100002AB2846009340F638020A2304490EF000
:104A2000F7FC204605B030BD1042002023340400BE
:104A3000A8700020014601480EF076BD104200200B
:104A40000146014819F0B8B810420020037830B58B
:104A5000012B13D0022B27D07BB90A46184B03F148
:104A6000100453F8045BA34242F8045BF9D11B78AD
:104A7000137043884B731B0A8B7330BD0A46104B6F
:104A800003F1100453F8045BA34242F8045BF9D12C
:104A90001B7813704368C3F307224B731B0CCB7353
:104AA0001B0A8A730B74E8E700F1100350F8042B1B
:104AB000984241F8042BF9D103780B70DDE700BF71
:104AC0002C34040008B515F02FFE0FF02FFB044B1B
:104AD0001B680BB10A209847BDE808400FF074BB73
:104AE00040580020811EC9B21E2938B5054604D899
:104AF0000C4820FA01F1C90708D40B490B4864227D
:104B000014F0F8FA6421084814F0EBFA084815F09C
:104B1000B8FA044620B101210C30FEF777F925766A
:104B2000204638BD410000403D34040044200400CC
:104B3000002E002010B504460FF0F8FA024B1C605E
:104B4000BDE810400FF040BB405800200F2810B5C2
:104B50000ED80D280ED90B4815F093FA044628B14B
:104B600001210C30FEF752F902232376204610BDB6
:104B70001328F0D009B10448EEE70220BDE8104048
:104B8000FFF7B0BF682E0020642D002038B50B68F9
:104B900005460C4643B90D490D48F12214F0AAFA16
:104BA000F1210A4814F09DFA4A68DA600B684A89D4
:104BB0005A820868FEF78AF82046102200211AF06F
:104BC000E4FF2846BDE8384015F0AEBD3D34040092
:104BD000442004002DE9F84305460C461F461646BE
:104BE00042B92449CD22244814F084FACD21214829
:104BF00014F077FA30B91F49CE221F4814F07AFA20
:104C0000CE21F4E701F10C09484615F04DFA30B910
:104C10001849D222184814F06DFAD221E7E720464D
:104C200015F09AFD804630B11249D422124814F092
:104C300061FAD421DBE705F10C01484615F025FAAD
:104C4000484615F031FA012310FA86F068826B723B
:104C5000314648462E82FEF711F9E36828467B600C
:104C6000638AC4F80C807B81A4F812803C60BDE8A4
:104C7000F88300BF3D34040044200400C36857217A
:104C80001A78014814F0C1BE7B34040038B50546DB
:104C90001446084602EBC3039C4202D16FF05E004B
:104CA0000FE0224612F8081BA9420FD1028A63784E
:104CB000934207D906482B46452114F0A6FE6FF013
:104CC000150038BD636898470020FAE71446E3E70B
:104CD000A834040070B5C6683378B6F8014083B9CB
:104CE0000F21204602F012FFF378054650B90A4A18
:104CF000118831B96FEA04506FEA10501080074AEA
:104D0000137070BD0373012102F04AFE2846BDE80E
:104D1000704002F005BE00BFE0620020A5630020E5
:104D200070B5C3681D78B5B9B3F801600F2130467E
:104D300002F0ECFE044630B93246BDE87040452131
:104D4000054814F062BE294602F02AFE2046BDE85E
:104D5000704002F0E5BD70BDCF34040010B5C368EB
:104D60000121B3F80140204602F0D0FE30B92246BE
:104D7000BDE810404521034814F047BEBDE810408F
:104D800002F0CEBDFA34040010B5C36801211C88BE
:104D9000204602F0BBFE30B92246BDE81040452156
:104DA000034814F032BEBDE8104002F0B9BD00BFA8
:104DB000FA340400012108B50C30FEF779F8BDE89B
:104DC000084002784521014814F01FBE2335040035
:104DD000014608B50748FDF7DFFE0749074818F008
:104DE000EBFE021E05DABDE808404521044814F038
:104DF0000CBE08BDE42600203C280020C042002054
:104E00004A35040010B5084C0146062294F86F009C
:104E100003F02CFA38B994F86F000522BDE8104071
:104E2000024903F023BA10BD98250020AB320400DC
:104E300073B505460C46FFF729FF5F300BD1268A74
:104E4000E0683146FFF7F0FB334600902A465721D1
:104E5000024814F0DAFD02B070BD00BF6C350400EA
:104E600070B53B48FDF7EAFE044600286FD0017E8E
:104E7000022944D0082966D1028A032A04D8452190
:104E8000344814F0C2FD11E004210C30FEF710F894
:104E9000FF22438806886276228AC6F30B0093427B
:104EA000A08307D045212C4814F0AFFD2046FDF724
:104EB0000DFF13E00F2102F029FE054618B9452128
:104EC000A28B2648DDE702F05FFE21466076320BBA
:104ED000284602F0B5FB284602F022FD204BD3F80D
:104EE0004C31002B33D01F491F4818F065FE021EBD
:104EF0002DDABDE8704045211C4814F086BD028AB9
:104F0000012A02D845211A48BBE70C30FDF7D0FF33
:104F10000546007815F041FC10F002060CD140F671
:104F2000CE321449144814F0E5F886F31188BFF323
:104F30006F8F0323184602DF062321460F4A287885
:104F4000FFF776FFB2E70A460D48452199E770BDA5
:104F5000E426002093350400B9350400E23504004E
:104F6000982500203C280020C04200204A3504003B
:104F7000093604002A3604004420040048140400C2
:104F80005E36040010B5012104460C30FDF790FF99
:104F90002146BDE810400823014A0078FFF748BFCA
:104FA0007814040073B5044601210C30FDF780FF2E
:104FB0000578002321462846094AFFF767FE5F303F
:104FC0000BD1268AE0683146FFF72EFB334600906E
:104FD0002A465721034814F018FD02B070BD00BFE7
:104FE000B81404007736040070B5C5680121B5F81F
:104FF0000160304602F08AFD044630B93246BDE811
:10500000704045210B4814F000BD2B783BB9D5F812
:105010000330C0F89530D5F80730C0F89930201D1E
:105020004FF4803115F0CBFB2046BDE8704002F014
:1050300077BC00BFFA3404003C2870B504461AD18E
:1050400001F0BAFC6FF08001103015F0C3FB0020B6
:10505000FFF7D8FE054628B9BDE8704045210A484B
:1050600014F0D3BC0473002102F09AFC2846BDE87A
:10507000704002F055BC0246BDE870405721034B1A
:10508000034814F0C2BC00BFAE360400084D040053
:10509000D43604002DE9F047884617460646002816
:1050A00000F08B800023DFF81891D9E8EF4FC9E8B2
:1050B000E23F002AF9D134B93246BDE8F047452134
:1050C000404814F0A2BC2046FDF760FC4FF00C0AEB
:1050D0003D4D0AFB00504388B3421DD02046FDF7EA
:1050E00055FC0AFB0050324643884521374814F0EE
:1050F0008CFCD9E8EF3FC9E8E24F002AF9D1002B38
:105100005BD03349334840F6841213F0F3FF40F686
:1051100084112F4813F0E5FFA7420FD02046FDF77A
:1051200059FC022304F10C06012130462376FDF7D9
:105130006DFE30463A8AF96814F0C2FF2046FDF74A
:1051400025FC0C2606FB00504368ABB1B8F1000FFC
:1051500012D12046FDF71AFC012106FB00504268DF
:10516000D2E90003127A03F01F06B1405B09F2B1E5
:1051700000EB830015F023FB2046FDF707FC0C260F
:1051800006FB005083686BB12046FDF7FFFB7043C0
:1051900005F800802046FDF7F9FB06FB0055A868DE
:1051A0000DF084FC2046BDE8F047FDF78FBDC943F4
:1051B00000EB830015F00EFBDEE7BDE8F08700BFD3
:1051C000E0260020F5360400445800202237040071
:1051D0002A3604004420040073B5C5680121B5F8DF
:1051E0000160304602F092FC044638B9324645214F
:1051F000384802B0BDE8704014F007BC2B78061D9B
:105200001A2B19D1C378012B4BD14FF48041304672
:1052100015F0D5FA42040FD4D4F8883069460093CB
:10522000D4F890302046019303F0B0FB204602B042
:10523000BDE8704002F074BB2B7893BB40F67A4116
:10524000B5F80330A4F886309AB2B5F80530A4F862
:105250008C30B5F80730A4F88E30931F9BB28B4288
:1052600003D957211C4814F0D0FBB4F88C20B2F5B8
:10527000FA7F03D35721194814F0C7FB40F6764153
:10528000B4F88E20A2F10A039BB28B4203D95721B6
:10529000134814F0BAFB6FF48051304615F09AFAB7
:1052A00013E0D6E8AF3FDB04F5D52B78202BF2D105
:1052B00094F89430002BEED0013B84F89430094AE6
:1052C000002304F140000EF09BF9204602F036FE68
:1052D000ACE700BFFA3404005A37040087370400F3
:1052E000B33704005A62020001232DE9F347C7686F
:1052F000018A3A7803EB82038B4262D900913348EA
:10530000452114F082FB02B0BDE8F08742464521FA
:10531000504614F07AFB01353B789D42F3DA07EBF7
:105320008503B3F801800F214046B3F8036002F013
:10533000EDFB04460028E9D000F1C008204616B96C
:1053400002F0EEFAE7E702F00FF90DF0AFFB636948
:1053500073B945211E4814F058FB1E4940F25D22E6
:105360001D4813F0C7FE40F25D211A4813F0B9FE44
:10537000A1691A688B42626108BFA261C3F80090FC
:10538000226A7AB9C4E90733D8E8AF3F013EB6B222
:105390005BB910494FF419720F4813F0ABFE4FF48C
:1053A0001971E2E713602362EEE7D8E8EF3F013BB3
:1053B000C8E8E23F002AF8D10021204602F0E0F8D8
:1053C000BCE70025DFF814A0A946A5E7E4370400F0
:1053D000343804002A360400442004001338040042
:1053E000054BD3E8AF2F02F00902D3E8EF1FC3E863
:1053F000E02F0028F9D170476C26002010B5C1E9D4
:1054000000239DF808300C460B72FDF7BFFA0C2202
:10541000024B02FB00335C6010BD00BF445800200B
:105420002DE9F0474FF0FF3206464FF0FF331848A2
:10543000884614F026FE044638B300F10C0701211B
:105440003846FDF7E3FC012320462376FDF79EFA5C
:105450004FF00C090F4D4FF0000A09FB0050468039
:105460002046FDF793FA09FB0050C0F808A020463B
:10547000FDF78CFA09FB005503213846C5F804A056
:10548000FDF730FD068080F802802046BDE8F087F9
:10549000CC2D00204458002029289ABF014B185CCD
:1054A00009207047AE3C040070B5C3680F21B3F803
:1054B00001601D78304602F029FB044630B93246BF
:1054C000BDE870404521164814F09FBA65B12846E2
:1054D000FFF7E2FF29460246204602F011FE204671
:1054E000BDE8704002F01CBA8378012BEFD107F0C1
:1054F000BDF9204615F039F90028E8D10520FFF75D
:10550000CBFF05210246204602F0FAFD4521054861
:1055100014F07BFA0521204602F0B0FBDFE700BF64
:10552000CF34040050380400F8B5C6680F21B6F82F
:1055300001703578384602F0E9FA044630B93A4647
:10554000BDE8F84045211E4814F05FBA45B1284631
:10555000FFF7A2FF29460246204602F0D1FD07E0F0
:10556000F378C27A9A4208D15721164814F04DFABE
:105570002046BDE8F84002F0D3B98278C372012A10
:1055800005D00020FFF788FF00210246E4E70BB1B9
:1055900007F06CF9204615F0E8F80028F1D1052055
:1055A000FFF77AFF05210246204602F0A9FD4521BA
:1055B000054814F02AFA0521204602F05FFBD7E7E0
:1055C000CF3404007B3804005038040070B5064620
:1055D00090B00B4D01AC0FCD0FC40FCD0FC40FCD4C
:1055E0000FC495E8070084E807000E2E9DBF10AB9E
:1055F00003EB860656F83C0C024810B070BD00BFA5
:10560000240A0400AF380400034B0146D3F87001AC
:1056100082689268104700BF982500202DE9F84362
:10562000044600F10C06304614F03EFDB4F810803C
:105630000546B8F1010F09D842464521184814F033
:10564000E4F92046BDE8F843FDF740BB30460221AF
:10565000FDF72EFC0746007815F09FF810F00109C1
:1056600006460CD140F6EE720E490F4813F042FD8B
:1056700089F31188BFF36F8F0323184602DF0523D8
:1056800021460A4A3878FFF7D3FBB307D9D56369B7
:10569000A4F8108013FA85F5E560BDE8F88300BF33
:1056A000093604002A3604004420040020140400B3
:1056B00038B50C460EF03AFD227E022A05D0082AA3
:1056C00014D12046FFF784FB0BE0E368187815F04F
:1056D00064F8C207054602D52046FFF79FFFAB07D7
:1056E000EFD400240EF070FD204638BD452104485B
:1056F00014F08BF92046FDF7E9FA6FF01504F1E795
:10570000B7380400F7B5234C0421234815F057F8A7
:10571000224DE279224B2046012A88BF1D46FEF722
:10572000A5FF2A46034649211E4814F06EF9264675
:1057300001251D4FE37907369D4220DB94F8705018
:105740002846FFF743FFB4F8763002460193B4F8D9
:1057500072304921009315482B4614F056F994F8FD
:1057600071502846FFF732FFB4F8743002460093B8
:1057700049212B460E4814F048F903B0F0BD3046DD
:10578000FEF774FF2A4603464921384614F03DF9D6
:105790000135CFE7982500206C260020084D040035
:1057A000D0380400D4380400E8380400FE3804007F
:1057B00041390400004870470020040001480DF002
:1057C0004BBD00BF2C28002038B505460C4619B942
:1057D000FFF726FE0446D0B140F635439D420ED178
:1057E0002046FFF711FF054678B1024645210948DA
:1057F00014F00BF92046FDF769FA284638BD21461A
:10580000054818F05BF9FFF7D9FF0025F5E76FF0C1
:105810006805F2E76D390400EC260020F0B5C56894
:1058200001212F8887B0BCB2204602F06FF90646EE
:1058300038B922464521254807B0BDE8F04014F0AC
:10584000E4B802ACD5F80220D5F806300194698995
:10585000009116F0ECFB38B3122142F21A00FFF768
:10586000DFFD054640B94521194814F0CEF8304611
:1058700002F056F807B0F0BD12210C30FDF732FBF4
:105880000346224623F8027B06AF144603CCBC42F3
:1058900018605960224603F10803F6D1294642F206
:1058A0001A00FFF791FFE2E7022142F21B00FFF727
:1058B000B7FD04460028D6D002210C30FDF712FBBC
:1058C0002146078042F21B00EBE700BFFA340400D8
:1058D0009439040070B506460D4642F221000321BA
:1058E000FFF79EFD044628B9BDE8704045210848F1
:1058F00014F08BB803210C30FDF7F4FA06808570A4
:105900002146BDE8704042F22100FFF75DBF00BFB5
:10591000B039040073B5C368D9789A781E8842EA12
:105920000122ADF8002059791A79B4B242EA012275
:10593000ADF80220D9799A79204642EA0122ADF8E1
:1059400004201A7A5B7A012142EA0323ADF806307B
:1059500002F0DCF8054650B945211C48224614F0F7
:1059600054F802212046FFF7B5FF02B070BD69462A
:1059700002F03AFB38B91E212046FFF7ABFF28465C
:1059800001F0CEFFF1E70E2142F22000FFF748FDC3
:1059900004460028F3D00E210C30FDF7A3FA0023B3
:1059A0000680C0F80A30BDF8003021464380BDF8BB
:1059B00002308380BDF80430C380BDF80630038117
:1059C00042F22000FFF700FFD9E700BFFA340400DD
:1059D00038B502460B46294DD5F8541109B90020B7
:1059E00038BD05F598700DF0B9F80028F7D1002200
:1059F000002305F5AA700CF0E1FF044660B940F6FB
:105A0000DD321F491F4813F075FB84F31188BFF383
:105A10006F8F0323184602DFD5F8483153B1452173
:105A2000194813F0F2FFD5F84801FDF74FF90023AC
:105A3000C5F848312046FDF775F9C5F848012046FC
:105A4000FFF7E2FD0246B8B14521104813F0DDFF33
:105A50000F480DF02BF82046FCF798FF0C220D4B59
:105A60001F2102FB003022464088FFF713FB20462F
:105A7000FDF72CF9FFF7A2FE0120B1E798250020E1
:105A80002A36040044200400CF3904006D39040094
:105A9000C8260020445800202DE9F04F8BB0154651
:105AA0000C46039031B9FFF7BBFC044698B96FF080
:105AB000680079E0887AFCF761FF424B83420AD0A4
:105AC000414942484FF4C37213F014FB4FF4C371C1
:105AD0003D4813F006FB04AF01220021384618F0C0
:105AE00006F82046FCF752FF0C23DFF8E49003FB96
:105AF000009087602046FDF715F90146354817F0FC
:105B0000DDFFFFF75BFE1AF0C9F8334B1A58334B31
:105B10009A421CD1DFF8BCA0DFF8ACB0504617F0B9
:105B2000E2FF002180462E48FFF752FF064660B98B
:105B30004FF4D8725946254813F0DCFA86F31188E1
:105B4000BFF36F8F0323184602DF4445E6D10023DD
:105B50003846234A0DF002F868B14FF4DB721A4957
:105B60001A4813F0C7FA002383F31188BFF36F8F2D
:105B70000323184602DF2046FCF708FF0C23584396
:105B800019F800709FB1174B5721039A16480093DC
:105B90003B46093F13F039FFFFB22046FDF796F868
:105BA000092F0CD8114BD8570BB0BDE8F08F15B1A9
:105BB0002C600020F8E72046FDF788F8F9E76FF041
:105BC0000400F1E7CC2D00202A3604004420040014
:105BD00044580020EC2600200800000098530020C4
:105BE000B4C40400084D0400EF390400A43C0400D0
:105BF000F7B5144B054693F99B300C46002B1DDA84
:105C000014B9204603B0F0BD082C4FF0000142F259
:105C1000180001AA264628BF0826FFF73DFF0028E6
:105C2000F0D1019F3246F9682846013119F086FF0C
:105C30003846FDF74BF83544A41BE1E76FF08500CB
:105C4000E0E700BF9825002073B506460D4642F2F6
:105C50002F00002101AAFFF71FFF044630B14521A4
:105C6000124813F0D2FE204602B070BD0198C368FE
:105C7000B3F801203280B3F803302B80FDF726F80B
:105C80003288A2F11B03E02B03D95721084813F0F7
:105C9000BCFE44F248112A88A2F5A4739BB28B4241
:105CA000E1D95721034813F0B0FEDCE7133A0400B2
:105CB000383A0400623A040010B5F9F725FE034BA8
:105CC0001B6813B1BDE81040184710BD5C58002098
:105CD00073B52C4D0646D5F8700117F07DFE40B91E
:105CE0004521294813F091FE6FF01204204602B0BE
:105CF00070BD6FF0020105F1D40014F06BFD0121BD
:105D000014F05DFDC30739D4FEF76AFD0446002890
:105D1000ECD11E4B1E60012205F59870114617F05C
:105D2000E6FE05F5AA7017F0BCFE19480DF05AFB07
:105D30006FF0070340F698021649154800940DF0DD
:105D400067FB1549124817F04DFFD5F8700113494C
:105D500083681B689847044628B1024645211048CD
:105D600013F053FEC2E726B902B0BDE87040F9F760
:105D7000CBBD05F1C4000DF06FFAB7E76FF0770403
:105D8000B4E700BF98250020FF3B04005C580020CA
:105D9000C0420020E07800201C3C0400B156020004
:105DA000253C04002DE9FF470478054654B16249BB
:105DB000624840F23F5213F09DF940F23F515E4875
:105DC00013F08FF95E4BB0F80180198848F47042E7
:105DD000914205BF1C805B4B27461F7800F01CFAE0
:105DE000EB782E1D012B08BF574B304608BF93F8A8
:105DF0006F4014F095FC3146F0B14FF0010A02A853
:105E000014F083FCD5F81130CDF80130B5F8153019
:105E1000ADF80530EB78012B25D03046FEF726FC97
:105E200045210246494813F0F0FD1321404614F085
:105E30001AFD04B0BDE8F087204614F036FE034694
:105E4000006895F804A002909A889B796868ADF87C
:105E50000C208DF80E30B288B3790090ADF8042094
:105E60008DF80630D6E702A8FEF7CCFFEB780446A3
:105E7000012B0AD100F0A0FD81466FF080011030A7
:105E800014F0A8FC484614F02AFF002CC5D0234685
:105E9000B5F8012023F8702B9DF80E200298BDF86C
:105EA0000C1020679A7100229980B5F81730A4F879
:105EB0008630B5F81930A4F88C30B5F81B30A4F84A
:105EC0008E30EB782273012BE37024D18DF800A083
:105ED000BDF804209DF806300098A4F87B2084F8D3
:105EE0007D30C4F8770000F067FD237A164AC3EBD3
:105EF000C3039918D358C4F87E308B88A4F8823035
:105F00008B7984F88430D2E9381303F03F031943C6
:105F100001D000F00DFF0721204601F041FD27B11F
:105F200001212046277301F03BFD204601F096FE3B
:105F3000204601F0F5FC7CE72A36040044200400EA
:105F4000E0620020A563002098250020463C040064
:105F500000B5C36889B0187820B109B05DF804EBCA
:105F6000FFF76AB8B3F801208DF80000ADF8012002
:105F7000DA788DF80320B3F80B20ADF81720B3F8CA
:105F80000D20ADF81920B3F80F20ADF81B205A7C76
:105F90008DF81D20586801901A899B7AADF8082069
:105FA0008DF80A30084B68461A689B88CDF80B209C
:105FB000ADF80F30CDF81120ADF81530FFF7F2FE37
:105FC00009B05DF804FB00BFBF32040070B50446A1
:105FD00003210C30FCF76CFFE3680578197840F674
:105FE0003543B0F80100984207D1BDE870400A4639
:105FF000084B5721084813F008BD2246FFF74AF81E
:1060000035B106480CF052FDBDE87040FFF7D6BB35
:1060100070BD00BF084D0400673C0400C826002086
:1060200038B5042104460C30FCF742FF457801786E
:1060300022464088FFF72EF835B104480CF036FDB3
:10604000BDE83840FFF7BABB38BD00BFC826002006
:10605000F8B506460024094DEF79E3B29F4202D815
:106060006FF0010007E02946304614F08DFC07353B
:10607000631C08B12046F8BD1C46EEE798250020B9
:1060800037B504460D46B9B12846164914F07CFCD4
:1060900090B929461448C4EBC404204414F07CFC95
:1060A000124814F080FC430703D5FEF753FC14F0AC
:1060B000CEFA002003B030BD684614F018FB00286B
:1060C000F8D16846FFF7C4FF0028F5DA064BC4EBA9
:1060D000C4006946184414F05FFC002DE0D001466E
:1060E0002846DBE7B2320400982500206C26002009
:1060F00070B5194E06223146054619F04EFD28B3FB
:10610000062142F20500FFF78BF9044600B3062290
:1061100029460C3013F0D4FF2146002242F205003C
:10612000FFF7BAFC044640B110F10D0F03D157211F
:106130000A4813F06AFC204670BD33462A6843F8CB
:106140006929AA88B280012283F868200024F2E736
:106150006FF06804EFE700BF01260020DF3D040078
:106160002DE9F04104460E4686B051B9284940F267
:10617000BA32284812F0BEFF40F2BA31244812F079
:10618000B0FF0D6845B9224940F2BB32214812F0F8
:10619000B1FF40F2BB31F1E740B91D494FF46F72D6
:1061A0001C4812F0A7FF4FF46F71E7E72B7A5A07EC
:1061B00008D5174940F2BE32164812F09BFF40F254
:1061C000BE31DBE7D1F80480B8F1000F1CD1037AAF
:1061D0005B0719D5411C681C14F0D6FB2A35162222
:1061E00041460746684619F0D0FC10226946284609
:1061F00019F0D3FC30B11022284604F12A0119F01D
:10620000CCFC00B107B1746006B0BDE8F08100BFFE
:10621000F33D040044200400084BD3E8EF2F22F4A0
:106220008061C3E8E01F0028F7D1530504D50022A0
:106230000220034906F00CBC704700BF6C2600200A
:1062400009AB0300002307B50549CDE900036A4601
:10625000022006F0FDFB019803B05DF804FB00BFCF
:1062600061610200F7B5054670B14D4C94F82221EA
:1062700094F823310AB19A4208D2013384F82331C9
:106280002B7A43F004032B7203B0F0BD00210222ED
:10629000084601F0EBFF064688B1D434D4E8EF3F5E
:1062A00043F48063C4E8E23F002AF7D12B7A43F03D
:1062B00001032B7203B0BDE8F04001F031BB014691
:1062C000384800F073FB94F8233143B1304614F0A2
:1062D000A9FB20B15721344813F097FB1CE094F838
:1062E000232194F822319A4220D157212F4813F0CC
:1062F0008CFB002242F229001146FFF7CDFB10B1C2
:1063000045212B48E8E794F82331013384F8233101
:106310002B7A43F004032B72012014F083FB00213D
:10632000244803B0BDE8F04000F040BB2A466F1C93
:10633000394612F82A0B14F039FB064610B14521F4
:106340001D48C9E794F82331013384F823312B7AAF
:1063500043F004032B7294F8A7305B0702D4572153
:106360001648B9E73946684614F016FB01230821A0
:1063700042F24E008DF80730FFF752F8044660B144
:10638000082269460C3013F09BFE3246214642F249
:106390004E00FFF781FB0028BED0452108489BE74F
:1063A000982500207BAA0300213E04004B3E0400F8
:1063B000813E040055AA0300A63E0400CB3E040023
:1063C000FA3E04002DE9F041054698B3444C94F898
:1063D000222194F82331D2B10132934223DC0021EF
:1063E0000222084601F042FF064628B3D434D4E81E
:1063F000EF3F43F48063C4E8E23F002AF7D12B7AF1
:1064000043F002032B72BDE8F04101F089BA53B9A1
:106410003449354840F2864212F06CFE40F2864123
:10642000304812F05EFE013B84F823312B7A23F0D2
:1064300004032B72BDE8F08101462C4800F0B6FA47
:10644000304614F0EFFA064680B10246452128484E
:1064500013F0DBFA94F8233113B1012014F0E2FABF
:10646000BDE8F0410021234800F0A0BA94F82331A0
:1064700094F822219A420CD2013B84F823312B7AE2
:10648000024623F0040302201B492B7206F0E0FAB7
:10649000E0E7072142F22800FEF7C2FF05F10108FC
:1064A000074620B94521154813F0AFFAD2E7072176
:1064B0000C30FCF717FD414614F06EFA32463946AF
:1064C00042F22800FFF7E8FA0028EBD194F82331D4
:1064D000013B84F823312B7A23F004032B72B9E7B4
:1064E00098250020F33D0400442004007BAA03000B
:1064F0001A3F040055AA03000FAA03004C3F0400F2
:1065000070B50446A9B9B8B11E4914F03DFA98B95E
:106510002046FFF79DFD00282EDA2378012B04D1B9
:10652000A37903F0C003C02B06D04521164813F011
:106530006CFA6FF0150070BD144DEB79012B1ED075
:1065400005F1D40014F02FFAC30707D4002CF0D0C3
:1065500020460C4914F018FA0028EAD1EE792146B9
:10656000731C3046EB71FFF78BFD08B93046E2E74C
:10657000EB79013BEB71DEE76FF07700DBE76FF063
:106580000B00D8E7B2320400763F040098250020C3
:106590002DE9F341044638B957211A4813F035FA6A
:1065A000002002B0BDE8F081002141F2090001AAFB
:1065B000FFF772FA054610B157211348EEE7019E26
:1065C0000622D6F80C80114908F10107384619F067
:1065D000E4FA28B1062238460D4919F0DEFA18B956
:1065E0003046FCF773FBDBE7D8F801303046C4F8DF
:1065F0000130BB882570A4F80530FCF767FB01204B
:10660000CFE700BFA93F0400C73F0400BF3204002A
:10661000B932040007B56846FFF7BAFF044BD871DA
:1066200018B169460020FFF72BFD03B05DF804FBAD
:1066300098250020F0B5304D89B0EC79002C54D16C
:1066400095F8C26016F001060FD157212B4813F0C0
:10665000DCF9EC71162600240127EB79E0B28342C5
:106660002ED8002B41D000203DE06A4621464FF64F
:106670000940FFF711FA10B157212148E7E7DDF88B
:1066800000C0DCF80C104B782BB96046FCF71EFB01
:1066900057211C48DBE78B1C02AA01F112041746A4
:1066A00018685968083303C7A3423A46F7D11868F7
:1066B000344638609B886046BB80FCF707FBC8E720
:1066C00008AB06FB003353F8182C33F8143C69462A
:1066D000CDF80120ADF805308DF80070FFF7D0FC43
:1066E00001340028B9D009B0F0BD0021084609B036
:1066F000BDE8F040FFF704BF98250020EA3F040002
:106700001B400400404004002DE9F0410D461746AF
:106710001C46064648B143B10A03037810D56D07FD
:1067200007D545212D4813F070F96FF01500BDE82D
:10673000F08114F0CEF90028F9D1012323700CE088
:10674000E9072DD526480FB1AA0608D4C3EBC3022A
:10675000825C012A12D002B922700020E7E790F88B
:10676000D820510636D5C3EBC302825C012A05D07E
:1067700002B92270237843F00203DFE74FF00108EB
:10678000072111FB03810144304614F09AF90028D7
:10679000CDD184F80080002FDFD0AB06DDD5E9E74E
:1067A0006A0712D50E49C3EBC3028E5C012E09D1D4
:1067B000072212FB0363194414F083F90028B6D1B1
:1067C0002670EAE7002EE8D1FAE714F082F90123F7
:1067D0002370ACE76FF08500A9E700BF6E400400AE
:1067E000982500202DE9F74F0C4620219246009075
:1067F000FEF716FE0546002854D020210C30FCF789
:1068000071FB20228146002119F0BFF9002609F111
:10681000010B04EBCA0A0023D4F80080626893429B
:106820000CD30834A245F6D100222946009889F8F5
:10683000006003B0BDE8F04FFFF72EB998F80120D3
:10684000B01C81181F2998F800C014D9BCF1090F99
:10685000C0F11F0201D1002A0BDC4521134813F0BF
:10686000D4F82846FCF732FA6FF0150003B0BDE803
:10687000F08F4FF0080CD7B2791C0BF80610711C82
:10688000C9B20BF801C0D8F804105BFA80F001938C
:10689000023719F053F9019B3744FEB2013308F176
:1068A0000808BBE76FF06800E0E700BF984004000D
:1068B000F8B545680646690535D4046914B115F084
:1068C000010330D0194F3078FB7983422BD9C0EBCC
:1068D000C00007221649384419F05FF9A8B115F035
:1068E000010306D197F87020082A02D8B2689F2ABF
:1068F00019D915F0300F09D0ACB1EA060AD405F465
:106900006035B5F5603018BF0120F8BDEB0601D445
:10691000002CF4D1D6E902239A4204D81F2A02D9C6
:10692000B3F5804FEBD90020EFE700BF982500209A
:10693000B2320400072208B50349093019F02DF9D5
:10694000003818BF012008BDB2320400F8B5154B5D
:10695000067804460D4683F86F60FFF7EBFF70B9C9
:106960003046114901F018FC044610B96FF00B00D5
:10697000F8BD052101F014F800202C60F8E704F1BF
:1069800009073946304601F04DFC40B920783946B8
:1069900001F002FC04460028E8D00621EAE76FF087
:1069A0001500E5E798250020AB32040003460148B6
:1069B000184700BFB025002000487047B0250020D0
:1069C0002DE9F04F9A460023D1F810908DB0B9EB25
:1069D00003060546934818BF01260592079314F055
:1069E000B4F80C46410740F111812046FFF760FFE3
:1069F00028B96FF0150B58460DB0BDE8F08F204652
:106A000014F07EF880460028F3D005F110073846D0
:106A100014F09BF80206C0F3C01300F1FA80CDE930
:106A20000933CDF82B30A3686068ADF82030E368F7
:106A30006FF48071ADF8223014F078F88DF82D00E5
:106A4000784814F085F82378774A2B7082F86F30F5
:106A50002846324661680DF12503FFF755FE83464F
:106A60000028C8D105F10903B9F1000F18D0216938
:106A70000868C5F809008888988089792046997146
:106A800014F0F6F863680646D8071BD49A0503D4B9
:106A9000169B0BB9022E5BD102238DF8243023E024
:106AA000624A20461168C5F8091091889279998048
:106AB0009A7114F0DDF863680646D907E6D58DF8BB
:106AC000249011E013F0100F0CBF01230423D846CB
:106AD0008DF8243023691968CDF826109988ADF80F
:106AE0002A109B798DF82C300F2142F20600FEF718
:106AF00097FC8346002800F08F800F2208A90C30F5
:106B000013F0DEFA0022594642F20600FEF7C4FFF7
:106B1000002840F08480B9F1000F1FD06368DB07C4
:106B20002AD42846012114F0B3F8079D8346002893
:106B300064D045213E4812F068FF002D3FF45BAF62
:106B40002846002100F02CFF284600F0E9FE52E71D
:106B50000323DDF858808DF82430C5E7179B524693
:106B600000932846CDE90186169B059914F00EF88E
:106B700083460028D2D03EE7284607A9FFF7E6FE65
:106B800083460028CDD010F10C0F7FF434AFB9F15B
:106B9000000F7FF430AF636898073FF52CAF626851
:106BA00082F00202C2F3400B0BF001020E213846C4
:106BB00013F0D9FF731E5A425A410821384613F088
:106BC000D2FFB11E4A424A413846092113F0CBFF99
:106BD00062680A21384602F0010213F0C4FF4246FF
:106BE0000B21384613F0BFFF62680D213846C2F30F
:106BF000800213F0B8FF4FF0000BFCE615B12846F9
:106C000000F08EFEB9F1000FCED1C8E76FF00A0B8D
:106C1000F1E66FF0770BEEE66FF0680BEBE683467C
:106C2000E9E600BF6C26002098250020B23204005F
:106C3000B640040073B51546069A0C46CDE90032FD
:106C40002B460A4601461148FFF7BAFE2146064682
:106C5000002340F201109D4202D1304602B070BDC7
:106C60000A88824204D14A6812B11278D20702D44B
:106C700001330831EFE7064906480CF02FFC0023EA
:106C8000054A04480CF02CFDE7E700BFB0250020C2
:106C9000156D0200C82500201C4E0E0010B51948C5
:106CA00014F01DF86FF48041174813F051FF164897
:106CB00013F04BFF03461A06C0F3C01021D512484B
:106CC00013F043FF430513D50E48FFF733FE034689
:106CD0000E49087E93B905220D4901F0C7FA044612
:106CE00030B10021017300F05BFE204600F018FE79
:106CF000BDE810400021034813F0CABF062221312D
:106D0000EBE710BDB0250020C0250020982500200D
:106D1000AB32040008B5FFF7C1FF024628B1BDE859
:106D200008405721014812F070BE08BDD64004004B
:106D300073B5324813F009FF10F4804F2F4C37D051
:106D4000204613F002FF030632D4204613F0FDFE66
:106D500046052DD501A9A4F11000FFF7F7FD38BBBA
:106D6000A4F11000FFF7E6FD0246204613F0EDFE09
:106D7000C0F38031204613F0E8FE81F001014505A3
:106D80004FEA41011D4848BF41F0010113F0DDFE0B
:106D9000800448BF41F0040119480DF10303FFF7D7
:106DA000B3FC054630B102464521164812F02DFECF
:106DB00002B070BD0121124813F06AFF019E28B98C
:106DC000304602B0BDE8704000F0AABD294630460A
:106DD00000F0E6FD6FF48041084813F0B9FE054667
:106DE000304600F09DFD6B04E2D5D4E8EF3F43F45C
:106DF0008043C4E8E23F002ADAD0F6E7C02500204D
:106E0000B0250020FA400400884208B501F12003B3
:106E10000CD998420FD20C490C4840F2B12212F022
:106E200069F940F2B121084812F05BF9F3D000F1A2
:106E300020029142EEE7013813F8012D8B4200F851
:106E4000012FF9D108BD00BF3C41040044200400DB
:106E500070B53E4B9AB01822002103A8029318F097
:106E600094FE44F2010309A8099313F03BFF099B28
:106E700069460493364B02A8059317F091FA02462F
:106E800008B34521334812F0C0FD1F25324BD3E82B
:106E9000EF1F21F00101C3E8E21F002AF7D12F4EB6
:106EA0000DF044F93468002C49D0002D2C4D18BF4A
:106EB0000025043C23680BB1284698476468002CE1
:106EC0003DD0043CF6E74122009801AB09A917F038
:106ED00041F9024610B145212248D4E7224A0DF17A
:106EE00025030DF1650153F8040B8B4242F8040BA6
:106EF000F9D120221D49009801AB17F00BF9024689
:106F000010B145211A48BEE700980EF0EBFC05468B
:106F100018B1024645211748B5E713491048FFF755
:106F200073FF15491548FFF76FFF154BD3E8EF1FA7
:106F300041F01001C3E8E21F002AA7D0F6E70023C2
:106F4000C6E900330DF040F91AB070BD12710001AE
:106F5000000002096E4104006058002068580020BB
:106F60000664002091410400C6630020A66300204F
:106F7000B9410400E2410400E663002026640020D9
:106F80006C260020042330B5A7B03D22002116A8AE
:106F9000159318F0FAFD304B1822002107A806932C
:106FA00018F0F3FD44F201030DA80D9313F09AFEBF
:106FB0000D9B20220893294B2949099306A804AB6D
:106FC0000EF0E0FC0246D8B14521264812F01DFD26
:106FD0006FF004040DF0AAF8234B1D6865B1002082
:106FE0001860224BD3E8EF1F21F00201C3E8E21F33
:106FF000002AF7D154B3A8470DF0E6F827B030BD0A
:107000001B4B0DF15502194603F1400053F8044B98
:10701000834242F8044BF9D105AB0293202315AA11
:10702000CDE900130D484123049917F06DF902468C
:1070300010B145210F48C9E704980EF053FC0446EF
:107040000028C7D0024645210B48BFE70DA80849D4
:10705000FFF7DAFE0DA8CEE7127100010000020969
:10706000A6630020074204006458002060580020F6
:10707000C66300204242040063420400402208B577
:10708000034918F08AFDB0FA80F0400908BD00BF3E
:10709000DA42040010B51C4B9AB0182204460021B5
:1070A00003A8029318F071FD4FF4804309A80993D7
:1070B00013F018FE099B21460493144B0DF1250093
:1070C000059304238DF82430FFF79EFE04F1200180
:1070D0000DF14500FFF798FE412201AB09A902A876
:1070E0000EF050FC044602A817F0D2F92CB9019812
:1070F0000EF0F8FB01201AB010BD054822464521CC
:1071000012F083FC0020F6E71241000100000209A2
:107110008542040010B5002833D01D4A136823B1FE
:10712000043B984230D05B68F9E71A4BD3E8AF1FB5
:10713000890706D51848572112F067FC6FF00F0039
:1071400010BD1468011D44605068116000B95160A1
:10715000D3E8EF2F42F00101C3E8E01F0028F7D188
:10716000D30701D50020EBE70C4BD3E8EF1F21F04C
:107170001001C3E8E21F002AF7D10948FDF760FCBF
:10718000F0E76FF01500DBE76FF07700D8E700BF9E
:107190006858002060580020AE4204006C26002091
:1071A0005C280020044BD3E8AF3F13F0100F0348D6
:1071B00008BF0020704700BF6C2600200664002036
:1071C00070B50546194803688B4228D0184BD3E8A0
:1071D000AF3FDA0626D5036813B16FF00F0070BD1C
:1071E000144AD2E8AF3FDB07F7D4D2E8EF3F43F0D1
:1071F0000204C2E8E64F002EF7D113F00204ECD1EE
:10720000016029460C48FFF7FFFD0C4805F12001FD
:10721000FFF7FAFD0A48FDF713FC2046DFE76FF0A1
:107220007700DCE76FF07C00D9E700BF64580020EE
:107230006C26002060580020C6630020E663002012
:107240004C28002010B50446FBF7A0FB044901EBD5
:1072500000112046FDF79AFCBDE81040FEF7AEBADB
:107260007058002070B50546114B1C6844B154F8A5
:107270001C3C1C3C13B12846297B9847E469F5E780
:107280000C4C0D4EB44211D90C490D4840F283729A
:1072900011F030FF40F28371084811F022FF23689B
:1072A00013B12846297B98472034EBE7F7D370BD0C
:1072B000A45800209C070400DC07040021430400BC
:1072C0004420040070B50E46054613F045FA014609
:1072D00040B10E490E48982211F00CFF98210B483E
:1072E00011F0FFFE002200230A48FBF791FB044641
:1072F00058B1FBF74BFB084B3246294603EB001312
:107300002046BDE87040FDF765BC70BD2143040018
:1073100044200400982D00207058002070B50446C9
:1073200041B90D490D48402211F0E4FE40210A48C0
:1073300011F0D7FE0022D1E901560948C1E9012226
:1073400016F0BCFB3DB1314620462B46BDE87040EF
:107350006FF06D02184770BD214304004420040003
:10736000E02C002010B50C46817801290AD00B4989
:107370000B4840F2DB3211F0BDFE40F2DB31074832
:1073800011F0AFFEA16904F118001160E26900215B
:107390001A60E27ABDE8104018F0F7BB2143040000
:1073A0004420040030B5437B0446072B85B04DD103
:1073B000051D4FF48061284613F0B4FC400545D408
:1073C000284613F0ACFC10F4803F214D2ED095F8E8
:1073D000D930D9070FD50021022320461A46009143
:1073E00013F09CFA024618B145211A4812F00DFB21
:1073F000637B072B2AD195F8D8309B0626D513F04E
:1074000001FA18B30DF10E0103A8FEF71DFCE8B94F
:10741000BDF80E202046BDF80C1013F061FA0246AC
:10742000A0B145210C4812F0F0FA0FE095F8D830E1
:107430001A07CCD5204613F039FA024618B1452177
:10744000064812F0E2FA637B072BC0D005B030BDCE
:10745000982500207743040093430400514304001F
:1074600070B505460022002314480BF077FB18BBCB
:10747000134B1C6834B154F8143C1C3C03B19847BE
:10748000E469F7E70F4C104EB4420FD90F4910488A
:1074900040F2966211F02EFE40F296610B4811F018
:1074A00020FEA36803B198472034EDE7F9D32846BE
:1074B000BDE870400BF0D0BE70BD00BFA82C00200E
:1074C000A45800209C070400DC07040021430400AA
:1074D000442004002DE9F843044618F0DFFB1D4B5F
:1074E0001A581D4B9A4211D140270025DFF86C80B5
:1074F000EFF3118387F31288BFF36F8FE16981B9CE
:1075000083F31188BFF36F8FBDE8F88314491548E2
:107510004FF4897211F0EEFD4FF48971104811F0AB
:10752000E0FD206A0A68814208BF2262E26183F3BB
:107530001188BFF36F8FD1E901694046C1E9015558
:1075400016F0BCFA1EB1002249462046B047FEF7AD
:1075500035F9CDE70800000098530020E02C00200A
:1075600021430400442004000448B0F8043100F52D
:107570008470002B08BF0020704700BF98250020B2
:1075800030B5044618F08AFB0D461249124A0958D4
:107590008BB0914205D120460BB0BDE83040FFF7DB
:1075A00099BF24342146104616F006FB00280ADA5B
:1075B0000A490B484FF4A57211F09CFD4FF4A571D8
:1075C000064811F08EFD1DB1694620460BF04AFEBB
:1075D0000BB030BD08000000985300202143040088
:1075E0004420040038B5002204468A4202D1002417
:1075F000204638BD012004F1C803D3E8EF5F002D19
:1076000004D1C3E8EC0FBCF1000FF6D102D0D034A6
:107610000244EAE7002CEAD0C8220021204618F0F4
:10762000B4FA04F1400004490BF058FF034904F197
:1076300024000BF01DFDDBE7D983020069AD0300D8
:1076400070B50D46164601210446FFF799FF00214B
:10765000284613F0D9F8012E1AD0022E41D1236901
:1076600033B13948452112F0D0F9204613F09AFB86
:107670002846FBF757FB20612269138A012B36D875
:10768000208813F0C3F80121284613F0BDF80BE061
:10769000206938B945212D4812F0B7F9204613F07A
:1076A00081FB01E02E8A26B92846BDE87040FBF731
:1076B0000DBB0C3012F0FCFC86420BD9452124484E
:1076C00012F0A3F900222046216901F037F90023C6
:1076D0002361E9E720692A8AE9680C3012F0F0FC9E
:1076E000CAE7324645211B4812F08FF9D6E7D26827
:1076F00016880436B6B2B342C2D32846FBF7E6FA80
:1077000021690A8A964209D233461348452112F06C
:107710007CF92046BDE8704013F044BB0023236190
:107720000A7A012A0AD00D490D4840F2D91211F007
:10773000E1FC40F2D911094811F0D3FC2046BDE824
:10774000704001F0FBB800BFB4430400D64304000E
:10775000F943040025440400484404002143040084
:1077600044200400034610B590B100F1C802104651
:1077700013F0D5FAB8B1411CD2E8EF4F844204D1DE
:10778000C2E8EC1FBCF1000FF6D1F0D1184610BDD5
:107790000649074840F2D55211F0ACFC40F2D551F1
:1077A000024811F09EFC0346F0E700BF21430400AD
:1077B0004420040038B50121044600F1BC03D3E89D
:1077C000EF2FC3E8E51F002DF9D152B9FFF7CAFF2B
:1077D0000CF0ACFC054804F1B80113F090FA0CF081
:1077E000F3FCBDE83840FDF7E9BF00BFBC26002030
:1077F00070B5464B5A8C32B1454DD5F8244134B959
:107800000024204670BD1B68002BF5D1F8E754F822
:10781000B83903B1B83B00263E4912E01346B5F82B
:107820000421002A6FD0D5F81021BAB904F1B806A6
:10783000002BE5D0D3F8B8201C46002AEED0A2F1E8
:10784000B803A342EBD1344940F2A532334811F0DA
:1078500051FC40F2A531304811F043FC0A68002A7F
:10786000E4D0D4F8A420002AE0D0D4F8A820002A3C
:10787000DCD0D4F8AC20002AD8D0637B072B0DD104
:107880002046904750B104F1C00013F048FA022896
:1078900004DC2046BDE87040FFF764BF04F1B80384
:1078A000B34208D11C4940F2C2321C4811F022FCFC
:1078B00040F2C231CFE7D4F8B820E6B9D5F82811A4
:1078C000C5F824218B4201D1C5F82821002204F1FA
:1078D000BC03C4F8B820D3E8EF1FC3E8E02F0028AA
:1078E000F9D12046D4F8AC309847002889D02046FA
:1078F000FFF760FF85E73260D5F82821934208BF83
:10790000C5F82861E2E79368FFDE00BF982D0020EC
:1079100098250020E02C002021430400442004008E
:1079200037B550B91A4940F2FD521A4811F0E2FB3E
:1079300040F2FD51164811F0D4FB8578C478C83068
:10794000D0E8EF3F5A1EC0E8E12F0029F8D101A886
:10795000019313F0E4F9019B002B08DC0C4940F281
:107960000D620C4811F0C6FB40F20D61E2E7012800
:107970000BD109480BF09AF808480BF06DFC012D6B
:1079800003D1012C01D1FFF7D3F903B030BD00BF03
:107990002143040044200400A82C00207C2800205F
:1079A00070B5467B04468E420D460BD15721082EFA
:1079B00096BF4D4B4D4A53F826204D48BDE87040C8
:1079C00012F023B8417326B98378082B01D0FFF752
:1079D000C9FE637B082B00F28280DFE803F0205DA4
:1079E0008484848484058400A378042B7BD00021C4
:1079F00040480DF075FA0023C4E90D33E378012BFC
:107A000071D1A37804F14000012B04BF032384F853
:107A10009430394A0023BDE870400BF0F1BDA378E3
:107A2000042B04D12046BDE87040FFF779BF082E33
:107A300059D801A353F826F0917A02005D7A02002A
:107A4000837A0200257A0200257A0200257A020054
:107A5000837A0200917A0200917A020004F14005D3
:107A600028460BF043FE20460121FFF789FD204602
:107A700013F098F92846BDE87040002200230BF06F
:107A80002FBE237B002BCDD02046FFF7EBFBC9E7B1
:107A90002A465721194891E7237B3E2B04D12246E1
:107AA0005721174811F0B1FF164D05F5847661692D
:107AB00019B9BDE87040FDF781BEA2690B6891421B
:107AC00008BFA36120466361FFF728FCB5F80431C5
:107AD000002B14BF304600200AF0E8FFE7E72A46F3
:107AE000572109486AE770BDC814040068440400BF
:107AF000724404008C2800205A620200884404006A
:107B0000A444040098250020D044040070B5024627
:107B100005460E460A48012113F04DF9044610B9F6
:107B20000024204670BD83781E42FAD12A46572190
:107B3000044811F06AFF2046FFF7F2FEF0E700BFAD
:107B400070430020F1440400F8B5074609480D468B
:107B50001646FFF707FE044650B183781F4203D153
:107B6000BDE8F840FFF7DCBE3146A8472046F7E7FE
:107B7000F8BD00BF70430020002201200149FFF73B
:107B8000E3BF00BFA57302000A4A08B50A49831A79
:107B90001B11904201FB03F30AD00849084840F248
:107BA000336211F0A7FA40F23361044811F099FAF8
:107BB000D8B208BD70430020C54EECC42143040078
:107BC000442004002DE9F84305460F4616461C469E
:107BD0009046994616F000F850B11949194840F2FC
:107BE0004F6211F087FA40F24F61154811F079FAAF
:107BF00034430AD018F052F8134B1A58134B9A42D8
:107C000006D15721124811F000FF4FF00008C1467D
:107C1000104942464B46002D14BF2846084612F034
:107C200030FA044630B957210B4811F0EEFE2046D9
:107C3000BDE8F883791D0C30FBF7E8F8F7E700BFE3
:107C40002143040044200400080000009853002051
:107C50000D450400FC2C00203B45040010B50446F3
:107C600005480BF0F9FA204600F0E0FC2046BDE89C
:107C70001040FFF7F7BA00BF6C28002010B5437B17
:107C80000446023B062B24D8DFE803F00B04232331
:107C900023190900017300212046FFF781FE00200F
:107CA00010BD8378012BFAD00B490C4840F26A7260
:107CB00011F020FA40F26A71074811F012FA0088B8
:107CC00012F0D1FD0028EBD1637B072BE7D108210F
:107CD000E2E76FF07F00E3E7214304004420040063
:107CE00000232DE9F04F85B001930393FFF780FD4A
:107CF000044698B1437B072B19D002465721874889
:107D000011F083FE4FF0FF312046D4F8A43002AAD0
:107D10009847014628B92046FFF702FE05B0BDE8A6
:107D2000F08F2046039B019A13F007F8EAE7DFF88B
:107D3000F091D0F8A430B9F8041102AA984705468A
:107D40000028E8D0B9F80421029B9A4206D30146E4
:107D5000D4F8A860204603AB01AAB047DDE9018B47
:107D60002B8A039E53B96F4940F291226E4811F05D
:107D7000C1F940F291216B4811F0B3F9284612F095
:107D8000EBFC824640B1674940F29722664811F009
:107D9000B1F940F29721EEE7B9F804316348002BBE
:107DA00008BF0020002200230AF0D8FE40B15D4940
:107DB00040F2A6225C4811F09DF940F2A621DAE7D4
:107DC000002200235A480AF0F9FD074640B95549F8
:107DD0004FF42C72544811F08DF94FF42C71CAE70E
:107DE000C0E90186B9F804612B7AB34598BF1FFA40
:107DF0008BF6012B08D04B494FF431724A4811F0F1
:107E000079F94FF43171B6E72B8AB34210D928467D
:107E1000FAF788FF3146FFF755FA064658B9414947
:107E200040F2D222404811F065F940F2D221A2E797
:107E300031462846EFE7B9F8043194F8C4809B45F1
:107E40008CBF4FF0010A08F1020884F8C4A098BF63
:107E50005FFA88F804F1C00ADAE8EF3F0133CAE8B4
:107E6000E23F002AF8D104F1140B3946584612F0CB
:107E700046FFA378012B08D02A4940F2F6222A486F
:107E800011F038F940F2F62175E7042106F10C00F3
:107E9000FAF7D8FF238808F0FD0843EA0833038087
:107EA000338A043B4380042330463376FDF7ACFB32
:107EB000804680B3DAE8EF3F013BCAE8E23F002AA0
:107EC000F8D13946584612F052FF4246452119482A
:107ED00011F09BFD3046FAF7F9FE20463946FFF7D0
:107EE0001DFAB9F804311148002B08BF00200AF030
:107EF000DDFD23466FF0040245210F4811F085FD9A
:107F000029462046039B019A12F017FF13212046B1
:107F1000FFF7B4FEFFE6FDF751FCFCE669450400FF
:107F2000982500202143040044200400A0260020BE
:107F3000E02C00206D39040085450400F8B5031DD0
:107F40000446184612F0EBFE820415D5B4F88620DC
:107F5000B4F8881091420FD8B4F88A1091420BD32C
:107F6000D4E92312914207D1D3E8EF1F21F4005145
:107F7000C3E8E21F002AF7D1164B1D686DB155F812
:107F80000C6C1C3D3EB12046B4F88E30B4F88C2009
:107F9000B4F88610B047ED69F0E70F4D0F4FBD42C2
:107FA00016D90F490F4840F2CE7211F0A3F840F2F3
:107FB000CE710B4811F095F82E693EB12046B4F809
:107FC0008E30B4F88C20B4F88610B0472035E6E740
:107FD000F2D3F8BDA45800209C070400DC0704007D
:107FE00021430400442004002DE9F04107460846DF
:107FF0000D4612F00CFC064618B900263046BDE8C6
:10800000F0811A4B1C6884B154F8103C1C3C0BB92D
:10801000E469F8E72946384698470028EDD0284615
:1080200012F0F5FB0028F3D1E7E7114CDFF84480AC
:10803000444514D91049114840F6160211F05AF877
:1080400040F616010C4811F04CF82946384698477E
:108050000028D2D0284612F0DAFB20B9CDE7CDD2E5
:10806000E368002BF1D12034E2E700BFA4580020E0
:108070009C070400DC0704002143040044200400A2
:108080002DE9F041C37804468BB900F17E06174B09
:108090001D687DB11C3D04F170076B691BB13A4648
:1080A000314620469847ED6925B11C3DF5E700F1C2
:1080B0007706ECE70E4D0F4F04F17008BD4212D960
:1080C0000D490E484FF41F6211F014F84FF41F6170
:1080D000094811F006F86B691BB14246314620464B
:1080E00098472035EAE7F6D3BDE8F081A458002090
:1080F0009C070400DC070400214304004420040022
:10810000F8B5437A05468372164612F0AEFF134B5C
:108110001C684CB154F8043C1C3C1BB13246284648
:10812000697A9847E469F4E70D4C0E4FBC4212D9C6
:108130000D490E4840F6622210F0DCFF40F6622145
:10814000094810F0CEFFA3691BB132462846697A70
:1081500098472034EAE7F6D3F8BD00BFA4580020C2
:108160009C070400DC0704002143040044200400B1
:1081700008B5084B00F11C011A6822B9054812F035
:10818000BEFD104608BD914201D01268F5E76FF0C0
:108190001000F7E7A458002038B505460C460F48F4
:1081A0000121FFF71FFAC0B1057223680367A38896
:1081B000A0F87430A37980F876300123437283727B
:1081C0008370074BC0F8A430064BC0F8A830064BAC
:1081D000C0F8AC30054BC0F8883038BD7043002083
:1081E000A58702006573020013AD03001800280084
:1081F00070B505460A480E46FFF7B4FA044620B1AA
:108200008378012B04D0FFF78BFB0024204670BD40
:108210003246294612F03DFE0028F7D12046F2E70B
:108220007043002037B50D46FFF7E2FF0446A0B1CA
:108230002846FCF71BFA627B0346082A96BF0849CA
:10824000084A51F82220084857210092224611F08E
:10825000DCFB2046FFF764FB012003B030BD00BF0C
:10826000C814040068440400AD450400F8B5054690
:108270000E480E461746FFF775FA044620B183787C
:10828000012B03D0FFF74CFB00240DE036B1324642
:10829000294612F0FEFD08B92046F3E7637BBB4296
:1082A000FAD1237AAB42F7D12046F8BD70430020C3
:1082B00010B5837802460B70C3784B70037A8B70CD
:1082C000437B082B0FD8264CE35C0B770023CB773E
:1082D000437A4B7712F0A8FD88779378012B0DD065
:1082E0006FF0150010BD1F491F4840F6613210F0B5
:1082F00001FF40F661311B4810F0F3FE02F17003FC
:108300008B60137A1948C3EBC30303444B60D478E2
:1083100002F17E0302F1770014B11C4603462046A9
:10832000C1E90303B2F886308B82B2F88C30CB827D
:10833000B2F88E300B83D2F8A03023B15B7BD80625
:1083400044BF0123CB77D2F8A03013B15B7B9B06EF
:1083500001D40020C6E7CB7F43F00203CB77F8E7D8
:1083600044460400214304004420040098250020D2
:1083700038B5044608460D4612F049FA38B3154B95
:1083800093F8D830990707D4E37873B1294620468B
:10839000BDE8384000F0FABA94F895309A07F3D562
:1083A000201D12F0BCFC4304EED42946204612F0F6
:1083B00092FD58B92B88A4F888306B88A4F88A30CD
:1083C000AB88A4F89030EB88A4F8923038BD6FF0F9
:1083D0001500FBE798250020F7B510F8333C04465C
:1083E000A0F140066BBB304612F027FE374B1D68EC
:1083F0004DB155F8183C1C3D1BB1304614F8341CE7
:108400009847ED69F4E7324D324FBD4212D93249F7
:10841000324840F2947210F06DFE40F294712E4892
:1084200010F05FFE6B681BB1304614F8341C98479F
:108430002035EAE7F6D3304603B0BDE8F040FFF759
:108440006FBA10F83E3C012B3ED1A0F13C05D5E8B7
:10845000EF3F23F40052C5E8E12F0029F7D19B0438
:108460001ED5A36C69460093236D30460193FFF738
:108470007FFF024678B9D5E8EF3F23F48053C5E883
:10848000E23F002AF7D14FF40061284603B0BDE86F
:10849000F04012F047BC5721114811F0B6FAF2E74C
:1084A0006B46104A1068516803C369463046FFF7AF
:1084B0005FFF024628B94FF48051284612F032FC83
:1084C000E1E757210848E8E703B0F0BDA4580020D1
:1084D0009C070400DC07040021430400442004003E
:1084E000EB45040008110400154604000B4B58B17D
:1084F0001A6862B902693AB902685AB942684AB957
:1085000082683AB942692AB91860002070476FF052
:10851000770070476FF01500704700BFB458002017
:1085200008B568B1094B00F10C011A6822B9074877
:1085300012F0E5FB104608BD914204D01268F5E741
:108540006FF01500F7E76FF07700F4E7AC58002004
:1085500010B50C4815F0A5FA0B490A4815F0AEFA0B
:108560000A49084815F0AAFA0949064815F0A6FA7A
:1085700013F048F904F006FA044608B912F0C2FDF7
:10858000204610BDE02C0020805800208C58002090
:108590009858002008B502460748036823B9074ADF
:1085A00042600860184608BD0548452111F02DFAC3
:1085B0006FF00B00F7E700BFB85800200C1504005F
:1085C000D646040010B50268D2F8B03053B9154948
:1085D00040F2C322144810F08DFD40F2C32111482F
:1085E00010F07FFDD2F8B4401968A34208BFC2F86A
:1085F000B410C2F8B01000F14C029342E7D100224F
:108600005030D0E8EF3FC0E8E12F0029F9D143B95D
:10861000044940F2C722044810F06CFD40F2C72123
:10862000DDE710BD0247040044200400F7B504460E
:108630000026284D284FBD4249D9284928484FF4E3
:10864000CA7210F057FD4FF4CA71244810F049FD6A
:1086500020466B6801A99847002833DB019B2A88D4
:108660009A829A84A86803F11002D2E8EF1FC2E848
:10867000EC6FBCF1000FF8D1C3E91466DE649E60B4
:10868000A16B03F10802F9B9C4E90D221C60D8609E
:1086900003F1300015F005FA019843681B6803B137
:1086A0009847019B1033D3E8EF1F41F00101C3E865
:1086B000E21F002AF7D101984368DB6913B100F18A
:1086C000100198470C35B6E70A60A263DEE7BFD316
:1086D00003B0F0BD780704009C07040002470400C3
:1086E0004420040030B5044652EA030008D017F0D5
:1086F000D5FA064D2D580648854204BF0022134680
:108700002046BDE830400431FFF75CBA08000000A5
:1087100098530020F8B50F46002105461646002361
:108720004FF224420846FFF7DDFF044630B92A46DF
:108730004521064811F069F92046F8BD04210C30A6
:10874000FAF7D0FB057047704680F5E73347040021
:1087500070B505461E462B681046F3B15B7B072BB0
:108760001BD1002A14BF022201220B7A934206DD9C
:1087700045210B4811F049F96FF0150070BDCB7A17
:10878000072BF9D98861CE6105F1300015F096F913
:10879000284612F0EDFB0020F0E76FF07F00EDE7D8
:1087A000604704002DE9F8430E469046D0F8B040EB
:1087B0004CB14C3C236B63B104F13009484615F0D1
:1087C00092F9054650B9FCF7F9FF00252846BDE8A7
:1087D000F8832046FFF7F6FEE46CE9E711F0BCFFF2
:1087E00028B12A4645212A4811F00FF9EDE7636DBB
:1087F0009BB9A38C2F8A403B9BB23F2B03D8238D80
:108800009F4228BF1F46042105F10C00FAF71AFB0E
:108810000780A38C043743806765636D2A8AB3425F
:1088200020D8934211D10022002348460AF0C6F80E
:10883000854220D01749184840F2D23210F05AFC35
:1088400040F2D231134810F04CFCA38C403B9BB259
:108850003F2B19D92046FFF7B5FE236B13B12046F5
:1088600012F086FB636D9E422CBF00269E1BC8F84B
:1088700000306665AAE7A38CA3F140023F2AE9D83D
:10888000064AAA61EB61E5E700221346F9E700BF5B
:10889000854704000247040044200400B7B00300E9
:1088A00070B50B8A0646032B0D4604D845211E4899
:1088B00011F0ABF80DE0042105F10C00FAF7F8FA1D
:1088C0002A8A43880446934205D04521174811F06F
:1088D0009CF8002070BD427812B945211448E7E7A2
:1088E0000278012AF5D0132A04D1012BF1D84521B1
:1088F0001048DDE75721104811F087F8617802220F
:1089000001203568FFF706FF04460028E1D0022168
:108910000C30FAF7E7FA002321460370437028462B
:1089200012F0D6FBD5E700BFA2470400C5470400FC
:10893000EB470400114804003248040038B50B8AA4
:108940000546032B0C4608D845210E4811F05DF86A
:108950002046BDE83840FAF7B9B9042104F10C000B
:10896000FAF7A6FA42882846114612F0C2FB20B94F
:108970005721054811F049F8EAE7436821465B6949
:108980009847E5E75F4804008148040070B5124B42
:108990000C46197805460131C9B2012938BF0121B9
:1089A000082212201970FFF7B5FE064688B108218B
:1089B0000C30FAF797FA22883146028062884280AA
:1089C000A2888280E288C2802846BDE8704012F00A
:1089D0007FBB6FF00B0070BD4664002023281FD8BA
:1089E0001A2804D8431E182B0ED906207047A0F170
:1089F0001B03082B1ED8DFE803F0051D1B231D19E0
:108A0000251D05000320704701230F4A83401A40AB
:108A1000C2B90E4A1A40002A14BF0120062070472E
:108A200000F07F03522B05D10020704701207047D2
:108A30000520704710F0400F0CBF06200020704743
:108A40000420704702207047AAAA8A0254554501A3
:108A5000011F014809F0DCBCA02B00202DE9F04FDC
:108A600042F60103002591B0166880460F46006863
:108A70000BA9D6F8049014468DF82C50ADF82E3082
:108A800011F0E7FD00286FD04FF42053D8F8000014
:108A90000BA98DF82C50ADF82E3011F0DAFD38B15D
:108AA000A3681BB15A88BA4200D25F8001200EE051
:108AB0006168084612F031FB728B738D9A4294BF45
:108AC000C0EB0200C0EB0300032803D8002011B064
:108AD000BDE8F08F0846FAF73BF90546606812F0EA
:108AE0001CFB728D738B05F10C0B9A4294BFC0EB8B
:108AF000020AC0EB030A584611F0DAFA824536D270
:108B0000606812F00AFB728D738B9A4294BFC0EBBF
:108B10000200C0EB030070B96368987AF9F72EFF82
:108B20000022002311F0ADFA05460028CED0014600
:108B30006068FAF74BF900230093D8F8046010231B
:108B40004146484602AAB047061E0DDB227CE0687B
:108B5000B2422BD001460BA811F0A9FD58B95721FC
:108B6000227C144810F051FF0023A3609EE7584672
:108B700011F09EFACFE7F2B202A906A811F097FD14
:108B800018B9324657210C48ECE706A90BA811F09A
:108B900060FD0028E8D100230421637405F10C0076
:108BA000FAF7A0F9A0600780A3687EE702A916F093
:108BB000F4FFEEE7C2480400E648040010B504469E
:108BC00000F15803D3E8EF1F41F00101C3E8E21FB1
:108BD000002AF7D1201F12F052FB04F17C00044957
:108BE0000AF07CFC2068BDE8104002F0FDBB00BF2D
:108BF000919A02002DE9FF414FF000084FF42053F5
:108C000005460E46006802A9144617688DF80880CC
:108C1000ADF80A3011F01DFDA0B142F6010328683D
:108C200003A98DF80C80ADF80E3011F012FD48B19B
:108C300023691BB15A88B24200D25E80012004B081
:108C4000BDE8F0816168286811F003FD10B10023D0
:108C50002361F3E7E368A0681A786AB1B7F81AC02D
:108C6000798D038A8C4594BFC3EB0C03C3EB0103DE
:108C7000934201DA0020E2E704210C30FAF732F9DE
:108C800020610680236929465E80074B019400938A
:108C900038460023A26812F035FB0028EADB206981
:108CA000003818BF0120CAE7E5B20300F7B500237A
:108CB00004460E46002269462C4809F037FB05465B
:108CC00048B1224645212A4810F09FFE6FF00B055F
:108CD000284603B0F0BD16F0E1FF264B009F1A585E
:108CE000254B29461A60381D2C2216F04EFF3C6099
:108CF000009C0022C4E90155C4E90A5500231F481D
:108D000001A9019509F012FB054618B15721226807
:108D10001B48D9E7019B0146B822184616F035FFDB
:108D2000184A8260643014F0BCFE019B5C33D3E8C7
:108D3000EF2FC3E8E15F0029F9D1019B1C60A36A12
:108D4000019F1BB904F10C0014F0ABFEA26A07F1FD
:108D5000B003C7F8B020E26AA36202B9E362172247
:108D6000019B5A855A8304333360B1E7802B00207E
:108D70000A4904000800000058590020A02B0020D8
:108D8000344904009C2800202DE9F7431768054664
:108D900088460068516814467E6811F05AFC814686
:108DA000002842D130469522294612F09CFF064603
:108DB000207540B1E3681B780BB184F81490002053
:108DC00003B0BDE8F083A068F9F7C2FF02210C30C0
:108DD000FAF788F8164B2061A0F800800093019400
:108DE000334629463846A26812F08CFA002807DA82
:108DF00010F1FF0F32BF0E204042C0B22075DEE7F7
:108E00002369002BDBD0A06812F087F97B8B7A8D69
:108E10009A4294BFC0EB0200C0EB0300E3681B78EA
:108E2000984294BF00200120CAE70120C8E700BF94
:108E30002BB1030008B5437B072B05D057210C4805
:108E400010F0E3FD002008BD042112F052F910B922
:108E500045210848F4E700F15803D3E8AF3FDB07AA
:108E600002D445210448EBE750F8040CEBE700BFBF
:108E70005E490400714904009149040010B504469C
:108E8000807AF9F77BFD0B4B83420AD00A490B48E5
:108E900040F2191210F02EF940F21911064810F0A4
:108EA00020F92046F9F772FD1822054B02FB00302D
:108EB00010BD00BF302D0020B04904004420040044
:108EC000105900202DE9F047074608460C46FFF7E9
:108ED000D5FFE3680646D0F8089007F15C02D2E8B7
:108EE000AF2FD20708D44521264810F08EFD6FF031
:108EF00015052846BDE8F087228A52B92249234841
:108F000040F2651210F0F6F840F265111E4810F0BC
:108F1000E8F8E26812780271002202601B78D22B16
:108F20000ED13B682146186813F0F3F8054638B1B6
:108F30004521174810F069FD2046F9F7C7FED8E72C
:108F400004F10C0011F0B0F80023B4F810A0804632
:108F50001A462146B760381DFFF7FAFB0546002880
:108F6000C7D010F1690F03D145210A4810F04DFD1B
:108F70006369A4F810A013FA88F3E360C6F80890B8
:108F80003560B6E791490400B0490400442004006C
:108F9000DF490400F749040008B550B917494FF4F8
:108FA0006172174810F0A6F84FF46171134810F081
:108FB00098F841B9114940F28532114810F09AF8F9
:108FC00040F28531F2E74A6842B90C4940F28632F4
:108FD0000B4810F08FF840F28631E7E7036E43B19B
:108FE000064940F28732064810F084F840F2873193
:108FF000DCE7BDE8084012F0AEBA00BFB04904009B
:10900000442004002DE9F14F0446FFF737FF00210B
:10901000D0E902561822D0F800A090F80490C78832
:10902000D0F8108016F0B1FDA07AF9F7A7FC6169BD
:10903000834651B1637AD80705D4DBF82C3020463B
:109040001B689B689847002363612146584614F0CB
:1090500040FDB9F1000F45D0002D43D02B68002B07
:1090600040D01B68002B3DD0BAF1000F07D052460C
:109070004521274801B0BDE8F04F10F0C6BC281DBF
:1090800012F0FFFA4846FFF7A9FC052835D801235E
:1090900003FA00F010F0140424D110F0090F05F1C8
:1090A0005C0318D110F0220F27D0D3E8AF3FDA07C6
:1090B00006D44521174801B0BDE8F04F10F0A5BC1B
:1090C0002B6E7BB10023144A05F1800001B0BDE88E
:1090D000F04F0AF005BB2A681568D3E8AF3FDB07FD
:1090E000E7D536B901B0BDE8F08F41462846B04714
:1090F0000134A3B2BB42F8D3F4E70849084840F270
:10910000BB220FF0F7FF40F2BB2104480FF0E9FF4C
:109110001F4A0400914904001C4E0E00B04904008F
:109120004420040070B5531C0D46428D418B064609
:109130008A4228BF0A46934206D957211A4810F09E
:1091400064FC0024204670BD2846FFF747FC022837
:1091500010D004280ED016F0A1FD144B1958144B52
:10916000994215D0134B1B685A1A18BF4FF0FF32A3
:10917000134601E00023104A00211048FFF7B2FA1D
:10918000044638B92A4645210D4810F03EFCD8E780
:109190000022EDE7FFF772FE0121866004F10C006A
:1091A000F9F7A0FE0570CDE7434A0400080000006F
:1091B00098530020585900201C4E0E00302D0020DE
:1091C00033470400F8B50B8A04460D4607682BB9EF
:1091D0004521274810F019FC0020F8BD012105F1B8
:1091E0000C00F9F765FE7B7B0646072BF4D154F89B
:1091F000043C002BF0D0002103781E4A043C12F8F6
:10920000317002EBC1009F420CD12A8A41788778E5
:1092100091421FD94521184810F0F7FB012FDBD1EF
:10922000042320E001310E29E9D1572113481A46C1
:1092300010F0EBFB31780846FFF7D0FB0028CBD0CD
:109240000528C9D00029C7D006230022204612F0E5
:1092500058FAC1E74368294620469847012F03463C
:10926000BAD10028B8D031780029B5D0EDE700BFD9
:109270006D4A040034150400AC4A04008D4A040011
:10928000F0B51E4603680D460039044618BF01219B
:1092900087B01868174612F061FD40B904F15C0010
:1092A00012F0F2F8002844D0002007B0F0BD002EE4
:1092B00041D018220021684616F067FC47BB23689E
:1092C00031461B68304600930023ADF812300C9BEA
:1092D0001A4A0393BDF834308DF80850ADF81030B9
:1092E00001238DF814306B4611F062FF9DF81430A5
:1092F000C3B1002FD8D00198F9F7E8FC9DF81430DD
:10930000002DD1D032462946204612F0FAF9CBE79B
:10931000002239462046FFF705FF01900028CED1F4
:109320001120C2E701990029BED0204612F0DBF9D6
:10933000BAE71220B9E70120B7E700BF4FB1030039
:10934000F8B50F461646FFF775FDB0B1836A1846AB
:109350001BB150F8B03903B1B03B741C214638B191
:10936000428B458DAA4228BF2A46A24207D263B942
:1093700022465721094810F048FB0020F8BD32462C
:109380003946BDE8F840FFF7CDBED3F8B05005B17F
:10939000B03D18460C462B46E2E700BFD04A040019
:1093A000F8B5104A074600230F480D4610F069FE35
:1093B000044630B92A4645210C4810F026FB2046C9
:1093C000F8BD00F10C0609213046F9F71FFD2046D3
:1093D000FFF754FD012187603046F9F783FD0570E2
:1093E000EDE700BF1C4E0E00302D00203347040077
:1093F0002DE9F0410E8A0446043EF6B2022E0846DC
:109400008CB001D0102E64D104210C30F9F750FD3E
:109410000DF1080805884788011D3246404611F0C5
:1094200046F9002857D09DB3002687B3AF422FD30B
:109430004FF42053404601A98DF80460ADF8063082
:1094400011F007F940BB1422002107A816F09DFB7C
:1094500011212046FFF7A4FF0990002837D00121F1
:109460000C30CDE90748F9F73DFD00230A90394655
:1094700003701A4A0B93284607AB11F099FE0A9B1A
:109480001B78FBB90998F9F721FC0A2301E03D4656
:1094900001232A4610210EE042F60103404607A9A7
:1094A0008DF81C60ADF81E3011F0D3F80028CAD03A
:1094B00010232A461946204612F023F900200CB04A
:1094C000BDE8F0812046099912F00DF9F6E7112068
:1094D000F5E70420F3E70E20F1E700BFF58B02006B
:1094E0002DE9F043036804460D4685B00121186854
:1094F00012F034FC40B904F15C0011F0C5FFB0BBC0
:10950000122005B0BDE8F08310220021684616F055
:109510003CFB21212046FFF743FF029048B34FF068
:109520000108DFF85490009405F10C072B8A012BF9
:1095300004D82046029912F0D6F818E0384610F008
:10954000ABFD6B464A46014606468DF80C8011F08D
:109550002FFE9DF80C30002BE8D00298F9F7B6FBEF
:109560003246202120469DF80C3012F0CAF8002027
:10957000C7E71120C5E700BFE5B403002DE9F043BC
:10958000036804460D4685B00121186812F0E6FB19
:1095900040B904F15C0011F077FFB0BB122005B0B8
:1095A000BDE8F08310220021684616F0EEFA0F2184
:1095B0002046FFF7F5FE029048B34FF00108DFF8B0
:1095C0005490009405F10C072B8A012B04D82046F7
:1095D000029912F088F818E0384610F05DFD6B46ED
:1095E0004A46014606468DF80C8011F0E1FD9DF8D3
:1095F0000C30002BE8D00298F9F768FB32460E21B8
:1096000020469DF80C3012F07CF80020C7E71120AE
:10961000C5E700BF9FB40300F0B51D4603680446CC
:109620000E4685B001211868174612F097FB38B92D
:1096300004F15C0011F028FF48BB122005B0F0BD1A
:1096400065B310220021684616F09FFA394620467D
:10965000FFF7A6FE029018B3BDF828302946ADF8F2
:109660000430012328468DF80C300E4A6B460094D6
:1096700011F09EFD9DF80C305BB10298F9F726FBC6
:109680002A46314620469DF80C3012F03AF8002068
:10969000D4E72046029912F026F8F8E70120CDE73A
:1096A0001120CBE79FB403002DE9F0410E8A044658
:1096B000043EF6B2022E08468CB001D0102E76D1B0
:1096C00004210C30F9F7F4FB0DF1040805884788F4
:1096D000011D3246404610F0EAFF002869D085B3EC
:1096E00077B3BD422DD80121606812F037FB0646E2
:1096F00078BB42F602038DF8000069464046ADF89B
:10970000023010F0A6FF20B342F60303404606A93C
:109710008DF81860ADF81A3010F09BFFC8B1012D1C
:1097200003D14FF6FF739F4213D004F15C0011F098
:10973000ABFE002814BF002012200CB0BDE8F08161
:109740003D4601232A460821204611F0DAFF002079
:10975000F3E7182200210DEB020016F016FA09219A
:109760002046FFF71DFE0890F8B101210C30CDE92D
:109770000648F9F7B7FB0023099003700A2339461E
:109780008DF82C30284606AB0B4A11F011FD9DF8E0
:109790002C302BB10898F9F799FA9DF82C30D1E7C5
:1097A0002046089911F09FFFD1E71120C5E704205A
:1097B000C3E70E20C1E700BF898D02002DE9F04309
:1097C0000F460446062187B007F10C00F9F770FB3D
:1097D0000588B0F802808288D7F80C90C5B10023C4
:1097E000B8F1000F13D0454512D88DF800308DF830
:1097F00004304FF42053684601A9ADF80220ADF8BB
:10980000063010F026FF064660B10A2301E0454607
:1098100001232A460621204611F073FF002007B0DD
:10982000BDE8F0830146142201A83F7C16F0ADF993
:1098300007212046FFF7B4FD0290D8B10A23414624
:109840008DF81530284601AB0B4ACDE90369019428
:109850008DF8147011F0ACFC9DF815302BB1029806
:10986000F9F734FA9DF81530D3E72046029911F044
:109870003AFFD3E71120D2E75D8A02007FB5CB68BB
:1098800004461D885E8885B176B1B5420DD8102298
:109890000021684616F079F905212046FFF780FD82
:1098A000019058B9112007E0354601232A460421CA
:1098B000204611F026FF002004B070BD6B463146F3
:1098C0002846084A009411F073FC029B23B90198C2
:1098D000F9F7FCF90A23E9E72046019911F003FFA3
:1098E000E9E700BFC7B1030013B50B4600210246EC
:1098F00016F0D4F901910D490C680D4909580D482D
:109900008C4208BF002201A908BF134608F00EFDD3
:10991000014640B9019B1C22184616F036F9034651
:10992000184602B010BD0023FAE700BF58590020C6
:1099300008000000C02B002010B50446806818B154
:10994000F9F7C4F90023A3602146BDE8104001489F
:1099500008F05EBDC02B00202DE9F347044680309F
:109960000E4617461D4609F0C1FE206E50B957211C
:10997000154810F04AF8206811F03BFE002002B0B4
:10998000BDE8F087114B4FF00008984202D1C4F8AF
:109990006080F0E7D0F80490C0F80480206ED0F822
:1099A00018A0FFF7C9FF2068C4F8608011F021FEFD
:1099B000B9F1000FE2D02068CDF800A03B46324656
:1099C00029460068C847D9E7F04A04005C590020DE
:1099D000F7B550F8044C0546002C55D000F1AC0109
:1099E00004F1280011F035FD2E1F05F1600700225B
:1099F0000023384608F0E2FF024658BBEB6D2BB15E
:109A000001466FF067033046FFF7A6FF002345F8D5
:109A1000043C05F15803D3E8EF1F21F00101C3E82E
:109A2000E21F002AF7D1A36A73BB04F10C060022DF
:109A30000023304608F0C2FF78B9666886B921462F
:109A40001248266008F0E4FC286803B0BDE8F04046
:109A500001F090BDF9F73AF9C9E7F9F737F9E6E708
:109A6000A26833689642636008BFA36077683FB11D
:109A7000B3696FF067010093002320681A46B84766
:109A80003046FFF759FFD8E703B0F0BD802B002028
:109A900070B550F8803C92B00646186811F019FA7B
:109AA0000378044607AD032B34D8DFE803F0022D1A
:109AB0002F311B492846F5F7C6FDA3790595627835
:109AC0001E210492A2780AA80392E27802922279D7
:109AD000019262790092134A0EF01CFE0AAA4521F7
:109AE00011480FF092FFA6F17C00FFF771FF1321E0
:109AF00056F87C0CFEF7C2F8024618B145210B4817
:109B00000FF083FF12B070BD0949D3E70949D1E7CF
:109B10000949CFE70A212846084A0EF0FBFDCCE7A9
:109B2000791D0400A21D04000C4B04003D4B0400F1
:109B3000801D0400871D0400911D04009B1D04006E
:109B400070B50E4650B9204940F68E721F480FF08E
:109B5000D1FA40F68E711C480FF0C3FA41B91A4988
:109B600040F68F7219480FF0C5FA40F68F71F2E790
:109B7000FFF760F9044628B93046F9F7A7F86FF007
:109B80007F0070BD00F10C052846314613F096FFAA
:109B9000A06A38B150F8B04904B1B03C294611F080
:109BA00057FD20B90020ECE71C466FF00100002CA7
:109BB000F8D0D4F8B03023B90230F5D020461C4696
:109BC000ECE7B03BF8E700BFB049040044200400D4
:109BD00038B50C46054650B9174940F6A3721748E8
:109BE0000FF088FA40F6A37113480FF07AFA41B9E2
:109BF000114940F6A47211480FF07CFA40F6A471A6
:109C0000F2E70AF093FA2846FFF714F920B90AF0B0
:109C1000DBFA6FF07F0038BD0023236083683BB917
:109C2000C0E9014411F0E5FC0AF0CEFA0020F2E7A9
:109C30001C608460F6E700BFB049040044200400C3
:109C400008B514F009FB30B10246452102480FF077
:109C5000DCFE6FF0040008BD674B040010B5184629
:109C6000144607491022A047041E06DA2246452161
:109C700004480FF0CAFE204610BD0024FBE700BFD9
:109C800098440020824B040070B50D4C06462378A2
:109C90000D46834204D12846611C11F0C1FE58B91B
:109CA000237CB3420AD12846064911F0B9FE10B10F
:109CB000012004EB001070BD0020FAE70020FAE755
:109CC00090590020A159002070B50D4C064623780C
:109CD0000D46834204D12846611C11F0A1FE58B9FB
:109CE000237BB3420AD12846064911F099FE002889
:109CF000054808BF002070BD2046FCE70020FAE7B9
:109D0000404400204D4400204C44002070B50D4CD0
:109D1000054623780E46834203D1601C11F080FE75
:109D200060B9237BAB420BD13146074811F078FE76
:109D300018B101200C2303FB004070BD0020F9E79F
:109D40000020FAE7E6620020F362002070B5204BA5
:109D5000144682689A420FD1A568C66875B92279FF
:109D60003046216811F064FE024628B119490130DD
:109D700011F083FE15701581012070BDE068002888
:109D8000FBD02B888B420AD0F6D2E068A36801385A
:109D90000433E060003818BF0120A360EDE72568B8
:109DA00022792946304611F043FE024660B930461A
:109DB000084911F03DFE02460028E6D02946013050
:109DC00011F05BFE23791370A3685B881381DCE7D5
:109DD000E5A40200B2320400102108B50548FAF7E4
:109DE000ABFD024628B1BDE80840452102480FF00E
:109DF0000CBE08BD88440020A84B040070B5064680
:109E0000134D40B12A4615F8011C6C1E11F041F8A3
:109E100098B120460CE028460E4911F001FE40B9E9
:109E20000C4905F1100011F0FBFD20B105F10F0008
:109E300070BD681EFCE70020FAE73046217C04F183
:109E4000110211F026F80028F5D004F11000EFE718
:109E500091590020B232040010B54A1C0C4638B1AA
:109E6000097811F016F808B1204610BD0020FCE773
:109E70001046024911F0D4FDF5E700BFB2320400EC
:109E80002DE9F04106460F46904610F0E3FC3946B6
:109E900004463046FFF718FF054694B3A8B91A48A0
:109EA00011F0F2FD194A0446F0B102F1140011F06C
:109EB000EBFDD8B9012402F10C050C235C43601CB6
:109EC0003946104411F0D9FD1655012105F108005D
:109ED00001FA08F111F0BBFDBDE8F04147F612228E
:109EE00000230B4809F0FCBB1546E6E709490A4880
:109EF00040F2B1520FF0FEF840F2B15105480FF0B8
:109F0000F0F8BDE8F08100BF484400204044002044
:109F100058440020D34B040044200400024601466C
:109F200008B50832042311F8010BFAF7D3FC0246F6
:109F300028B1BDE80840452101480FF066BD08BDC5
:109F4000034C04002DE9F04180460F4616461D469D
:109F5000FFF7DCFE044678B91549FFF7D7FE044643
:109F600028B9BDE8F041452112480FF04EBD3946F1
:109F700000F8018B11F081FD228963896AB973B9F8
:109F800026816581214611F8010B10F063FC40B178
:109F90002046BDE8F041FFF7C1BF964203D39D4282
:109FA000EFD8BDE8F0819D422681EBD9E9E700BFFB
:109FB000B2320400244C04002DE9FF410E4617463E
:109FC0009846044648B9452128480FF01EFD6FF019
:109FD0001505284604B0BDE8F08102A910F013FB76
:109FE000054628B12246452121480FF00EFDEEE737
:109FF000204601A90FF097FE019840B10A22294698
:10A000000EF0B4FB024610B145211A48EDE70020DE
:10A0100002A9FFF77BFE044608BB002ED9D01649E3
:10A02000FFF774FE044630B9452114480FF0EDFCEB
:10A030006FF00B05CDE7002302A900F8013B11F0FA
:10A040001CFD04F1080104224046B847041EC0DA92
:10A05000224645210A480FF0D8FC2546B9E7002ED4
:10A06000EFD1066046608660B3E700BFDD320400D2
:10A07000484C0400694C0400B2320400894C0400CE
:10A08000824B040038B514460F4B82680D469A4245
:10A0900017D122792168C06811F0CAFC88B1D4F8C0
:10A0A000C8302F2B05D9094845210FF0AEFC002000
:10A0B00038BD04EB83021581018901335181C4F855
:10A0C000C8300120F4E700BFE5A40200B04C040052
:10A0D0002DE9F0411F46BDF818300646012B904689
:10A0E00034D83B44012B3D4633DCFFF787FE044662
:10A0F00060B9FFF783FE044640B9572118480FF0B6
:10A1000084FC6FF010052846BDE8F08197B100236C
:10A11000217A98F8002021FA03F0C70703D522FA24
:10A1200003F0C00718D50133032BF4D102F0070266
:10A130001143217206F17001601C11F09EFC337A0C
:10A1400001212046237011F0CAFCDCE76FF0060500
:10A15000D9E76FF00C05D6E76FF01205D3E700BF23
:10A16000094D040010B56FF0020104460E4811F0CD
:10A1700079FC0D4811F088FCC20704D500220023A9
:10A180000A4809F0ADFA204611F0A9FB58B1204663
:10A19000FFF734FE38B1037ADB0704D5BDE8104081
:10A1A000012111F09CBC10BD50450020204500202D
:10A1B00038B51546084B82689A420AD1C4682968A6
:10A1C0000134204611F02CFC18B12046696811F0CA
:10A1D00054FC012038BD00BFE5A4020008B51346B9
:10A1E0008168074A914209D11A791968C06811F04B
:10A1F0001FFC18B10023036043600381012008BDE8
:10A20000E5A4020040F239120023014809F068BABF
:10A210002045002008B50421084811F018FC6FF013
:10A220000201064811F01EFC044811F02DFCC30782
:10A2300001D5FFF7E7FF002008BD00BF5045002013
:10A24000024608B50749013011F017FC00230C3213
:10A2500002F8043CD2E8EF1FC2E8E03F0028F9D141
:10A2600008BD00BFB23204002DE9FF418846164602
:10A270001F46044648B9452135480FF0C6FB6FF02C
:10A280001505284604B0BDE8F08102A910F0BBF91D
:10A29000054628B1224645212E480FF0B6FBEEE7D1
:10A2A000204601A90FF03FFD019840B10A2229463E
:10A2B0000EF05CFA024610B145212748EDE7002078
:10A2C00002A9FFF7E1FC044680B9FFF797FD0446B9
:10A2D00030B9452121480FF098FB6FF00B05D0E70E
:10A2E000002302A900F8013B11F0C7FBB8F1000FF1
:10A2F00029D0022269463846B047061E06DA3246A1
:10A30000452117480FF081FB3546BAE79DF800302C
:10A31000022E237208D0572112480FF076FB00213D
:10A32000204611F0DCFBACE79DF80120012A04D99E
:10A3300057210D480FF069FBF1E7204602F00101BB
:10A3400011F0BDFB9DE72046FFF77AFF99E700BFBC
:10A35000DD320400484C0400694C04003A4D04000E
:10A36000824B0400614D0400BA4D040010B5FFF7A4
:10A37000CDFC044670B1014611F8010BFAF7B8FAAA
:10A38000024618B1452104480FF03FFB002323602B
:10A390006360A360002010BD104E040070B500F192
:10A3A000700605463146007A10F054FA04463146EC
:10A3B000287A4CB1FFF7DAFF024658B1BDE8704089
:10A3C000452105480FF021BBFFF7A0FC10B1046048
:10A3D0004460846070BD00BF324E040038B5BDF8E3
:10A3E00010401546A24214D88CB13BB90A48224607
:10A3F00057210FF00AFB6FF00D0038BDA21A8A42F8
:10A40000A8BF0A4694B22246591915F097FB204678
:10A41000F3E76FF00600F0E74D4E04001FB5194654
:10A420004FF428131046064ACDE902230823BDF84D
:10A43000182000936B44FFF7D1FF05B05DF804FBD3
:10A44000180028002DE9F041234B15468268074685
:10A450009A4202D1C468638933BB0120BDE8F08110
:10A46000FDF75EFA0021E3686181002BF5D03846E4
:10A470009847F2E705F170084146287A10F0EAF9AA
:10A4800068B9164B9C4202D12846FFF787FF304639
:10A49000134911F0F2FA002323702381E2E74146C9
:10A4A000304611F0EAFADDE72389002BDAD02646A0
:10A4B00016F8011B2846324610F0EBFC0028D9D1D3
:10A4C00031462078FDF794FE0028CBD0437B072B44
:10A4D000C6D1FDF725FAC0E7E5A402000C2900204B
:10A4E000B23204002DE9F0471F46BDF82030064681
:10A4F0008846D1F80C90002B4DD17B1E012B4DD8F6
:10A50000012F4946157818BF1588FFF7A5FC0446AA
:10A51000B0B915B93846BDE8F0874946FFF79CFC4D
:10A52000044630B91F4857210FF06FFA6FF0100042
:10A53000F1E706F17001013011F09FFA337A2370D0
:10A54000D9F81030DBB9B4F808A02581B9F80A3081
:10A55000AB4203D04946404611F099FAAA4505D0CE
:10A560000022307A06F17001FFF78AFC002DD1D16C
:10A570000D49601C11F081FA25702581CAE72A4631
:10A580004146304698470028C5DB01380128DAD912
:10A590006FF00D00BFE76FF00600BCE76FF00C0036
:10A5A000B9E700BF7A4E0400B232040008B50121B9
:10A5B000114811F04CFA10F0010F104B0AD1104A5B
:10A5C0009A610D4811F060FA830713D4BDE8084082
:10A5D000FFF718BE1A8B588B012A4FF6FF7205D869
:10A5E000904207D04FF6FF725A83EAE790421983F0
:10A5F000E7D0F7E708BD00BF504500200045002028
:10A600000100FFFF37B504460D46FFF73DFB02464C
:10A61000B8B1037A0C308DF8043011F035FA02230A
:10A6200000F001008DF8050001AA29462046FAF73E
:10A6300067F9024618B1452103480FF0E6F903B067
:10A6400030BD0346F1E700BF994E040010B5104C31
:10A650001049204611F0E4F9014638B9601E11F0A6
:10A660002EFA214614F8010CFFF7CCFF09490A48DD
:10A6700011F0D6F9014650B9084811F020FABDE8AA
:10A680001040074B187C03F11101FFF7BBBF10BD51
:10A6900091590020B2320400A1590020A059002095
:10A6A00090590020012110B5224811F0D0F9C307BC
:10A6B0003FD402211F4811F0CAF908401BD11E499E
:10A6C0001E4A0B881E4CA24212D900B10B801D49B4
:10A6D0001D4840F2E7520EF00DFD40F2E7511948D7
:10A6E0000EF0FFFC5068083203449BB20120EAE7F9
:10A6F000F8D300B10B801549154808F0EFFE40F281
:10A70000391200231248FAF795F91249124808F055
:10A71000E5FE0221114811F09AF91149114808F09B
:10A72000DDFE1148FDF7FCFEBDE810400F48FDF7C7
:10A730001FBD10BDB0590020FE620020DC070400E0
:10A74000FC070400D34B040044200400DFBC0300DA
:10A75000A844002089AF0200204500205045002079
:10A760003BBE030058440020E4280020C4280020F9
:10A7700038B5BDF81010BDF818401046A1421A4671
:10A78000059D14D88CB13DB90A48224657210FF0D7
:10A790003CF96FF00D0038BD631A9A42A8BF1A4603
:10A7A00094B22246294415F0C9F92046F3E76FF028
:10A7B0000600F0E74D4E040003462DE9F04178B362
:10A7C000008A68BB01244FF0140C1749DFF85CE0E5
:10A7D000714524D91649174840F261720EF08AFC7F
:10A7E00040F2617112480EF07CFCD1E90076BB4268
:10A7F00004D30CFB0672143A93420ED93444A2B22D
:10A8000014460831E4E70CFB057843450AD00135CE
:10A810006219B54292B2F6D1F2E70025F8E7E4D327
:10A82000BDE8F0811046FBE7DC070400FC070400EC
:10A83000D34B0400442004002DE9F74F99464FF60E
:10A84000FF73BDF830500746002D08BF1D46294B49
:10A8500090461B880091834232D203B0BDE8F08F4E
:10A860004046895801930FF0F4FE019B90B10134EA
:10A870000AF1010AA4B2736853452CD9009B3168D0
:10A880009C42EAD8BC42F2D30BFB0AF28B18B8F117
:10A89000000FE5D1B9F1000F0BD1013D1846ADB263
:10A8A00021460E9A0D9B9847002DD6D00028DED168
:10A8B000D3E7DA689145DAD1EFE74FF0000ADAE73B
:10A8C00001244FF0140B0C4E06E0C6D273682344EB
:10A8D000BB42F2D29CB20836084B9E42F5D90849D9
:10A8E000084840F625020EF005FC40F62501044814
:10A8F0000EF0F7FBFE620020DC070400FC070400FA
:10A90000D34B0400442004001822002110B5ADF5FB
:10A910003E7D0DEB0200CDE90111CDE9031115F0EB
:10A9200034F94FF41053ADF814308023ADF81630DD
:10A930004FF48063224C01A9CDE907341022BCAB4F
:10A9400005A80BF01FF8014638B1452102461D4805
:10A950000FF05BF80DF53E7D10BD4FF430720CA882
:10A9600015F013F92246BC990CA813F072FC0246AC
:10A9700010B145211448EBE74FF6FF710120134A4F
:10A980000CAB11F0A1F91022114905AB0CA813F082
:10A9900077FC024610B145210E48D9E711460C4B11
:10A9A00003F110001A7810F8014D0131082903F85D
:10A9B000014B0270F6D1084811F049F8CAE700BF10
:10A9C0000002C003C74E0400F54E04007BB903002B
:10A9D00088440020184F0400504500202DE9F04124
:10A9E00018490446A1F1300015461E46BDF81870FE
:10A9F00008F0C2FE144811F047F8010705D4FFF72C
:10AA000083FFFFF723FEFFF7E7F92046FFF7F6F98C
:10AA100068B1037ADA070AD500F10C04204611F078
:10AA200033F8C30703D40221204611F010F8102395
:10AA30003A46069331462846BDE8F041034BFFF7FE
:10AA4000CDBC00BFD84400205045002088440020E1
:10AA500010B51A4811F018F8C0F3C00080F00104D6
:10AA600008B9FFF751FF154811F00EF803461348D7
:10AA700011F00AF8DA061FD5830606D5E4B1FFF710
:10AA8000E5FDBDE81040FFF7A7B920210B4810F005
:10AA9000DEFF10220A49881815F07FF848B90948E6
:10AAA00008F024FEBDE810406FF00101034810F0EB
:10AAB000D9BFFFF77BFDE2E710BD00BF5045002086
:10AAC000884400202045002008B51021034810F0DC
:10AAD000BEFFFFF7BDFF002008BD00BF50450020AE
:10AAE0002DE9F043B9B00C4617462C496A46409808
:10AAF00098460FF0F4F848B9452129480EF085FF33
:10AB00006FF01505284639B0BDE8F083009E01A915
:10AB100030460FF008F936B9452122480EF075FF8E
:10AB20006FF015042AE0019870B900230DF10809AF
:10AB3000494630468DF814300FF065FD054678B172
:10AB400032464521184808E00A2200210DF00EFE89
:10AB500002460028E9D0452114480EF056FFDFE7F1
:10AB6000CDF81090C4B1C022404608A9B847041ED1
:10AB700006DA224645210E480EF047FF2546C1E77A
:10AB8000A40808ABCDE906344FF6FF710120094A4D
:10AB900004AB11F099F8B5E72346F3E7334F04000F
:10ABA0003A4F0400DD320400484C0400694C0400B4
:10ABB000824B04004D9D0200002307B50193FFF76F
:10ABC000FBFD411C89B20846034A01AB11F07CF839
:10ABD000019803B05DF804FB3BB903002DE9F04197
:10ABE0000C461646054686B050B9644940F6845274
:10ABF00063480EF07FFA40F6845160480EF071FA17
:10AC000041B95E4940F685525D480EF073FA40F650
:10AC10008551F2E7437B072B40F0AC8000238DF891
:10AC2000143042F60303206805A9ADF816300FF082
:10AC300010FD70BB676827B9452152480EF0E5FE4C
:10AC400098E001232146009004AAB847031E05DAC4
:10AC5000224645214C480EF0D8FE8BE0012B05D052
:10AC60001A46452149480EF0D0FE83E09DF8103089
:10AC700013F0300F7ED02046FFF79EFF044640B908
:10AC80003E4940F6A3523E480EF034FA40F6A35136
:10AC9000B3E7002320688DF8143042F6021305A9AB
:10ACA000ADF816300FF0D5FC68B12046FFF784FFF1
:10ACB000044640B9314940F6A95231480EF01AFA1B
:10ACC00040F6A95199E7002742F60218206802A928
:10ACD0008DF80870ADF80A800FF0BBFC00BB0023B4
:10ACE00020688DF8143042F6021305A9ADF816302D
:10ACF0000FF0AFFC00283DD16768002F9CD00223E5
:10AD000000902146284605AAB847031EA0DB022B67
:10AD1000A6D1BDF814301E4214BF012000202AE045
:10AD200042F60303206803A98DF80C70ADF80E30CD
:10AD30000FF08FFC0028D2D04FF42053206804A9D4
:10AD40008DF81070ADF812300FF083FC0028C6D0DB
:10AD500042F60103206805A98DF81470ADF816308D
:10AD60000FF077FC0028BAD02046FFF725FF0446F5
:10AD70000028ABD1002006B0BDE8F081D34B040021
:10AD8000442004004B4F0400644F04008F4F040024
:10AD90002DE9F8431546894694226968064610F065
:10ADA000A2FF804640B1572128480EF02EFE4FF0FA
:10ADB000FF352846BDE8F883022230466968FFF770
:10ADC0000DFF30B9572122480EF01FFE6FF0150518
:10ADD000EFE700211F48AF8AFEF786FD02370446E1
:10ADE000A0B11D211C4B47613A464174C0F80C804C
:10ADF000436085613046FEF7A3FA074648B9174815
:10AE000057210EF002FE2046FEF796FD6FF00B056F
:10AE1000CFE701234246414610F083FDA98A07F19E
:10AE20000C000231F8F75EF820F8029BAA8A296923
:10AE300014F084FE21463046A760FEF7C9FE0546A1
:10AE40000028B6D02046FEF777FDB2E7AD4F0400EC
:10AE5000C84F04001C4E0E0041B90300F84F040017
:10AE600030B505460C468BB051B9424940F62942EF
:10AE700041480EF03FF940F629413E480EF031F9C5
:10AE80004B6853B90B6843B93A4940F62A423A48ED
:10AE90000EF030F940F62A41EFE7384810F0F4FDA3
:10AEA000420761D515B16B7B072B60D160680590B7
:10AEB000FFF782FC2268ADF818003AB305A90291A9
:10AEC0002F4900230191012100914FF6FF71059355
:10AED000FFF7B2FC059B1BB96FF001000BB030BD52
:10AEE0006360059B04A9186800238DF8103042F6B2
:10AEF0000303ADF812300FF0ACFB70B90598C368CE
:10AF00009B799B0605D46FF01500E7E70028E8D190
:10AF1000E2E710F092FEADF81800BDF818003DB160
:10AF20000123014622462846A375FFF731FFD5E7E6
:10AF30006FF07F0307930223ADF8203042F602132F
:10AF4000ADF8123005ABA57502930E4B4FF6FF71AD
:10AF50000193012304AA00932B4609948DF8105005
:10AF6000FFF76AFC0798B9E76FF00A00B6E76FF0E1
:10AF70007F00B3E7D34B0400442004006C2600207C
:10AF80006FB90300C5B20200F7B500F13005044601
:10AF9000A0F12007284610F077FD8307C0F3400694
:10AFA0000AD51749174840F241520EF0A3F840F273
:10AFB000415113480EF095F854F8083C6FF0010128
:10AFC0002846019310F04EFD0F4B394644F81C3CC7
:10AFD0000E4B304644F8183C01AB44F8103C0423B7
:10AFE00024F8086C24F8066C24F80C3CFFF738FFB2
:10AFF00018B90221284610F02AFD03B0F0BD00BFA9
:10B00000D34B040044200400DC15040065A10200B9
:10B010002DE9F041364B17461468826805469A427E
:10B0200016D1C6683389721C93B1204631780FF06F
:10B0300030FF68B14FF495722946204610F053FE58
:10B04000D0B1032807D12A4657212A480EF0DDFC4B
:10B050000120BDE8F081052820460CBF4FF0030811
:10B060004FF002080FF013FF804505D93B794345A7
:10B07000EED287F80480EBE73146284610F007FD52
:10B080001D4B9E42E4D1207A04F17001FEF73EFE92
:10B0900005460028DCD0038913B94389002BD7D09B
:10B0A0002046FCF771FD2B89144A698922F820306B
:10B0B00002EB8003598018231149124D03FB001342
:10B0C00000B202EB80021A61042200EB40005D60D6
:10B0D0000D4D01EBC00120469D609A82FFF7C0FE36
:10B0E0000028B5D0452109480EF08FFCB0E700BF1D
:10B0F000E5A40200245004000C290020E262002094
:10B1000078590020DC150400FBBA03003D50040010
:10B11000F8B514460F4694226168064610F0E3FD28
:10B1200030B11D4857210EF070FC4FF0FF30F8BDD4
:10B13000012230466168FFF751FD30B917485721A9
:10B140000EF063FC6FF01500F1E7A2891B21304679
:10B150000232FEF7F5F8054630B9114857210EF0D6
:10B1600054FC6FF00B00E2E7A1890C300231F7F7D5
:10B17000B9FE20F8027BA289A16814F0DFFCD4E9B3
:10B1800004122846012310F0CCFB29463046BDE8C6
:10B19000F840FEF7D5BC00BFAD4F0400C84F040017
:10B1A0005F50040030B505460C468BB051B940499C
:10B1B00040F648323F480DF09DFF40F648313C488C
:10B1C0000DF08FFF4B6853B90B6843B9384940F60F
:10B1D000493238480DF08EFF40F64931EFE73648E6
:10B1E00010F052FC42075DD515B16B7B072B5CD18B
:10B1F00060680590FFF7E0FA2268ADF818003AB3EE
:10B2000005A902912D4900230191012100914FF6DA
:10B21000FF710593FFF710FB059B1BB96FF0010051
:10B220000BB030BD6360059B04A9186800238DF83E
:10B23000103042F60303ADF812300FF00AFA70B97D
:10B240000598C3689B79DB0605D46FF01500E7E726
:10B250000028E8D1E2E710F0F0FCADF81800BDF8E6
:10B2600018002DB1014622462846FFF751FFD7E7C7
:10B270006FF07F0342F6021207930123ADF812200C
:10B2800005AA02920E4AADF82030CDE900324FF601
:10B29000FF712B4604AA09948DF81050FFF7CCFAE1
:10B2A0000798BDE76FF00A00BAE76FF07F00B7E7D5
:10B2B000D34B0400442004006C2600206FB9030027
:10B2C000C5B202002DE9F8431446424B8268074696
:10B2D0009A4203D001273846BDE8F883C6683E4B42
:10B2E0009E4210D03289A389711C9A42F2D13078E3
:10B2F000FCF77EFF05460028ECD0437B072B26D0C9
:10B30000FCF70EFBE6E74FF00008344DDFF8D09075
:10B310004946284610F084FB78B90722294615F8DB
:10B32000010CFCF7A3FF78B9236929461A6915F8BF
:10B33000010C53881288FEF705FE0C35B8F1000F9A
:10B34000D0D14FF00108E3E7FCF7EAFAF5E77369BB
:10B3500023B13946984708B92846D1E7394694229F
:10B36000284610F0C0FC074620B157211D480EF0BA
:10B370004CFBF1E7A389022B14D1338913F00206A9
:10B3800004D12846FCF7CCFAA660A3E72846226938
:10B39000A188FFF7FDFC0646A8B92269937D013319
:10B3A0009375EEE7012B04D02846FCF7B9FAA760A5
:10B3B00090E7338913F00106E3D028462269A1887B
:10B3C000FFF7A6FE06462846FCF7AAFA002EA6605E
:10B3D00081DB7FE7E5A402000C290020E762002062
:10B3E000B2320400AD4F0400012370B500F17005C6
:10B3F0008EB0044603902946007A8DF810300FF085
:10B4000029FA90B1227A4AB302AE042130460DF0F7
:10B410007EFE00962421124A05A82B46F9F7B0F9C2
:10B4200005AA10460F49F6F74DF84FF6FF710120B7
:10B430000D4A03AB10F048FC20460FF028FD9DF8A4
:10B440001010884208D220460FF0F6FC024618B1D0
:10B45000572106480EF0D9FA0EB070BD0092D9E718
:10B46000364F0400E1AA020011B002008D50040022
:10B47000F8B505460E461746064B1C684CB154F805
:10B48000043C043C1BB13A46314628469847646860
:10B49000F4E7F8BDB459002013B50446009001202C
:10B4A0004FF6FF716B46074A8DF8040010F00CFC54
:10B4B0000021204610F052FC08B9FFF777F802B0DF
:10B4C00010BD00BF11B00200002330B5B5B001912E
:10B4D0008DF808003393044601AB0D4601204FF66A
:10B4E000FF710B4A10F0F0FB339B7BB19B0003AA6A
:10B4F00020462946F9F712FA044620B102464521B2
:10B5000004480EF082FA204635B030BD1A46EFE707
:10B5100085A00200BE5004002DE9F34100F170083F
:10B52000CDE9001204460F46007A414616460FF058
:10B5300091F905466B464FF6FF7101200C4A10F059
:10B54000C3FB1DB14146207AFFF7BEFF3946207A82
:10B55000FEF79AFB40B13146013010F08EFA1DB172
:10B560004146207AFFF74EF802B0BDE8F08100BFF7
:10B57000B1A1020073B5044603464FF6FF710120E6
:10B58000184A04F1700610F09FFB3146207A10F043
:10B590001EFC3146207A0FF05DF950B1237A4FF648
:10B5A000FF718DF8043001206B460F4A009610F0B1
:10B5B0008BFB2046FEF722FC054688B13146207AF7
:10B5C0000FF048F928B9284602B0BDE87040FEF7F0
:10B5D00037BE3146681C02B0BDE8704010F04DBA6D
:10B5E00002B070BD45A40200DDA1020008B5054B04
:10B5F0000146184610F044FC043B002814BF1846CE
:10B60000002008BD5C450020084B00F5BC701A689E
:10B61000074BD0E8EF1F994204D1C0E8EC2FBCF1F2
:10B62000000FF6D1D0E8AF0F704700BFB45800202C
:10B630005845002008B5FFF7E7FF0346C8B1D0E939
:10B64000001221B9002A0CBF0320022010E032B101
:10B65000836813B9094B1B7833B9042008E0074904
:10B66000087828B19B6833B9003A18BF012250000E
:10B6700008BD0320FCE70120FAE700BF4764002073
:10B6800010B506210FF035FD044628B945210448C0
:10B690000EF0BBF9204610BDA0F1EC04FAE700BFA4
:10B6A000FD50040010B5084C0246D4F8EC0020B957
:10B6B000064AEC3462600C6010BD054845210EF06E
:10B6C000A4F96FF00B00F7E758450020E0160400DE
:10B6D0001D510400002370B51A460446EC300D4697
:10B6E000FDF736F850B1693003D1452107480EF017
:10B6F0008CF92846BDE87040F7F7E8BA04F5A47065
:10B700000023BDE87040024A07F0EABFF749040091
:10B710001C4E0E0038B50446051D0821284610F0C1
:10B72000E3FB084904F15700FBF74AFD40B108214B
:10B73000284610F0CCFB044845210EF066F908209D
:10B7400038BD00BF19C103004751040038B5054694
:10B75000EC22002114F019FA102105F1270004F061
:10B76000D5F9044648B90521284610F0BDFBFBF782
:10B7700019FD034B1860204638BD0824FBE700BFC5
:10B78000BC59002070B50B4605460D21043010F061
:10B7900077FBF8B1DC68D5F8EC30022003F17006D5
:10B7A0003246197A01F028FA48B93046F8F75EFFB8
:10B7B000452102460A480EF028F9082070BD2246AD
:10B7C00000F12A0304F1100152F8040B8A4243F8F5
:10B7D000040BF9D12846092110F086FB0020EDE783
:10B7E0006551040070B5051D0E462846042110F071
:10B7F00047FB68B10022002100230846FCF772FFD6
:10B80000044638B90421284610F06EFB204670BD6E
:10B81000034AF0E701210C30F7F764FB0670F5E707
:10B820001C4E0E0070B504460E4686B0FFF7ECFEC7
:10B8300004F137021146F368054603F1100053F88E
:10B84000046B834241F8046BF9D1237A052B00F293
:10B850009480DFE803F017232303926902AB4B497E
:10B860000093096804F1270304F1570001F03EFB3F
:10B8700050BB0A21201D10F037FBAB680299D4F8A9
:10B88000EC00984720460D2110F02EFB201D1021C2
:10B8900010F02AFB204610F037FB16E094F8DC107D
:10B8A000D4F8D83002ADCB40384903F001030095FD
:10B8B000096843F0800304F1570010F0B5FC30B183
:10B8C000452133480EF0A1F8082006B070BD1022C3
:10B8D000294604F1170014F060F908B10420F4E7D8
:10B8E0000321204610F000FB10F00EFB0028ECD1E5
:10B8F00094F8DC300133DBB2142B84F8DC3009D14E
:10B900000D21204610F0F0FA1021201D10F0ECFA65
:10B910000020DAE7102104F1270004F0F7F80038DE
:10B9200018BF0120C000D0E7102104F1270004F067
:10B93000EDF80028C8D135B3EB6823B3154BE27A94
:10B940001B88D207ADF80830A37C03F0010312D4A2
:10B95000002B14BF012303238DF809300023201D81
:10B96000C4E938330C2110F0BFFAEB68D4F8EC00CE
:10B9700002A99847CCE75B00EEE71A464521064846
:10B980000EF043F8A0E702209FE700BFBC5900205B
:10B990008451040010110400A25104002DE9F04765
:10B9A000044690B00CAD10220021284614F0EDF8AA
:10B9B000227A052A33D8DFE802F006030306322292
:10B9C000D4F8D8300C93D4F8EC3004F1470204F1E9
:10B9D000C707CDE9017204F1370803F17E0204F1D3
:10B9E0002709009241464A46773304F1970001F057
:10B9F00015FAE0B1452145480EF007F813E0D4F8F8
:10BA0000E430002BDFD02E4603F1100732461868D1
:10BA10005968083303C2BB421646F7D1D3E7452124
:10BA20003B480DF0F2FF082010B0BDE8F087D4F8D5
:10BA3000EC3008AE03F177027E33019304F1110379
:10BA40000292009342462B4649463846039610F030
:10BA500010FC10B145212F48CEE7237A052B0ED1DB
:10BA6000D4F8E01019B30B46AC4601F1100E624653
:10BA700018685968083303C273459446F7D1D4F85F
:10BA8000EC300DF1100A03F17E027733019304F1DB
:10BA90000A03029200934A462B4641463846CDF8A7
:10BAA0000CA010F0E6FB38B145211B48A4E710229A
:10BAB000284614F06AF8E2E71022514604F1B70074
:10BAC00014F06BF8F8B90D212046FFF78BFE0746FE
:10BAD0000028A8D010210C30F7F704FA32460346AC
:10BAE000164603CEAE4218605960324603F1080391
:10BAF000F6D139462046FFF7EDFD201D012110F05B
:10BB0000F3F9002090E70B208EE700BFC35104003B
:10BB1000A2510400DD5104000552040073B5047AFB
:10BB20000546022C23D844B190F8DC30D0F8D84038
:10BB3000DC4004F0010444F0800403212846FFF7B0
:10BB400051FE0646D0B110210C30F7F7CBF900902A
:10BB500012482346006805F1270205F1570110F04D
:10BB600063FB044678B13046F7F7B0F806E0032CE3
:10BB700007D0224645210A480DF047FF082002B0B1
:10BB800070BD0024D9E731462846FFF7A3FD281DE4
:10BB9000214610F09CF92046F1E700BFBC59002077
:10BBA000A251040070B5061DCD6804460B21304635
:10BBB00010F08DF92B4604F1170205F1100153F82E
:10BBC000040B8B4242F8040BF9D1227A012A09D0E6
:10BBD000022A13D12046042110F086F9BDE87040F6
:10BBE000FFF79CBF0A21304610F04AF90028F1D037
:10BBF0003046002110F078F9002070BD0248452140
:10BC00000DF003FF0820F8E7A2510400F8B5044640
:10BC1000FFF7FAFC251D06460E21284610F030F9E4
:10BC200068B94A4B2022196804F1570013F0B5FF98
:10BC300028B9572146480DF0E8FE082033E00C21D2
:10BC40002046FFF7CFFD07460028F6D040210C30F4
:10BC5000F7F748F93D4B02461B68014603F1200007
:10BC600053F804CB834241F804CBF9D1203203F1DD
:10BC7000200153F8040B8B4242F8040BF9D13946EA
:10BC80002046FFF727FD227A052A58D8DFE802F080
:10BC900003380C0357540421204610F025F9FFF710
:10BCA0003DFF00283BD0F8BD2046D4F8EC70FFF7EC
:10BCB000ABFC0421064604F1D80003F027FF00285E
:10BCC000BBD1D4F8D830234A84F8DC00B3FBF2F1BE
:10BCD00002FB1133C4F8D83056B1336843B10B219D
:10BCE000284610F001F938463368D4F8D810984740
:10BCF0000321204610F0F8F80E2110F0F5F80EE0C0
:10BD00002046032110F0F0F80E2110F0EDF828463F
:10BD10000A2110F0E9F87368D4F8EC009847284637
:10BD2000072110F0E1F80820FFF760FC60B9204619
:10BD3000BDE8F840FFF7EEBC04212046DDE74521D1
:10BD400005480DF062FE78E70020ACE7BC59002002
:10BD50002E52040040420F00A251040070B5044668
:10BD60000E4604F15705FFF74FFC2A46F36803F12E
:10BD7000200153F8040B8B4242F8040BF9D104F173
:10BD8000770203F1200153F8040B8B4242F8040BB5
:10BD9000F9D12846FBF772F9F8B149211B480DF09B
:10BDA00034FE0E21201D10F09FF8D4F8EC50D5F889
:10BDB000A03033B9287A05F1700100F035FEC5F8DE
:10BDC000A000D5F8A03093B1DA8902F0240272B154
:10BDD0005B7B9B070BD4032070BD2846FBF75AF909
:10BDE00028B90B4857210DF010FE0A20F4E7094B43
:10BDF0001D682DB9201D062110F076F82846EBE7C6
:10BE00002046BDE87040FFF701BF00BF4E5204005E
:10BE100074520400BC59002038B504460D49A0F105
:10BE2000EC055C3007F05AFB284610F0E5F80A4AAA
:10BE300004F18C03D3E8EF1FC3E8E02F0028F9D109
:10BE40004FF0FF339034D4E8EF2FC4E8E13F0029EE
:10BE5000F9D138BD45C802005845002038B5134B0C
:10BE600005461B78E3B101F00F042846FFF7E2FB1B
:10BE70000F4B03281B780CBF04F00B0444F00404A0
:10BE800005F5BE70D0E8EF2F013203D1C0E8E13FE5
:10BE90000029F7D1D0E8AF3F2BB144F0010038BD05
:10BEA00001F00704E1E704F0FE00F8E74764002032
:10BEB000652B0020F8B50D460446D0F8EC60FFF77E
:10BEC000A3FBEF68FB78102B01D00620F8BDD6F855
:10BED000A0305BB1251D0F2128460FF0D1FF80B99E
:10BEE0002046FFF733FC60B1C0B2EFE7307A06F1CD
:10BEF000700100F099FDC6F8A0000028EAD10820E2
:10BF0000E4E7012363723B682046C4F80A30BB882B
:10BF1000E38102232374B978FFF7A0FFE074204681
:10BF2000FFF788FB1023607423753B7903F003034C
:10BF300063757B7903F00103A375E37C1A070CD5C5
:10BF4000BB781B0709D5052128460FF0CDFF637D7F
:10BF500003F0020363750023A375052128460FF043
:10BF60008FFF002843D0474B1B78A374E37C9806CF
:10BF700006D5BB78990603D5142128460FF0B4FFE7
:10BF8000E37CDA0735D5BB78DB0732D50D212846AF
:10BF90000FF0AAFFA37D032184F8E830637D2846D3
:10BFA00084F8E9300FF0A0FF237BE17C3F7803EABF
:10BFB0000102100704D5E27AA07C0243D2071CD408
:10BFC000042F1CD80B4313F0040307D02046FFF7BF
:10BFD00031FB2D4B07EB87073B441B5C237220464C
:10BFE000D6F8A0100FF052FF58B903206EE7274B88
:10BFF000BAE700236375A375CCE70523EEE70023BA
:10C00000ECE7D4F8EC309B7A032B36D024D8013BF4
:10C01000012B3FF674AF052128460FF031FF0028B1
:10C02000E3D00C2120460FF05FFF0221FFF7DAFB7F
:10C03000054600283FF463AF06210C30F6F752FFA7
:10C04000D4F8113029460360B4F8153083802046B7
:10C05000FFF740FB002039E7042B7FF450AF237D2E
:10C06000627B934228BF1346102B7FF42EAF05212D
:10C0700028460FF005FF0028B7D0237A002BCAD13D
:10C08000B3E700BF4964002057550400486400200E
:10C090002DE9F041C6780446012E04D06FF0150456
:10C0A0002046BDE8F081FFF7EBFA0546002800F0D6
:10C0B000AB80071D042138460FF0E2FE002840F057
:10C0C000A680032138460FF0DBFE10B16FF00F049D
:10C0D000E6E7314638460FF0D3FE0028F6D1284671
:10C0E000FFF792FAD5F8EC3006469B7A032B42D044
:10C0F00032D8013B012B48D90F21201D0FF0C0FE83
:10C100000028CBD1D4F8A03083B904F170063246B0
:10C110002020217A00F0C2FCC4F8A00030B93246D9
:10C120000420217A00F0BAFCC4F8A000D4F8A030B2
:10C13000002BB3D0DA8912F0240FAFD0A17A0229F4
:10C1400023D9587BC007A9D503291ED09206A5D5AF
:10C150001B7B102BA2D118E0042BCDD12846FFF772
:10C1600069FA032804D1002EC6D0F368002BC3D08F
:10C17000284B1B7807E02846FFF75CFA032804D118
:10C18000002EB9D0F368002BB6D0D4F8A0303BB164
:10C190002846FFF7DBFA044670B16FF068047FE7CA
:10C1A000207A04F1700100F03FFCC4F8A0000028E0
:10C1B000EED16FF00B0473E70B212846FFF712FB5B
:10C1C00006460028E9D001210C30F6F78BFE092144
:10C1D00080462846FFF742FE2346224688F80000A4
:10C1E000314605F1EC00FCF7B3FA044618B13046CD
:10C1F000F6F76CFD54E738460F210FF075FE01216C
:10C2000028460FF071FE4BE76FF07F0448E76FF0B0
:10C21000040445E747640020F8B5D0F8EC40064632
:10C22000D4F8A030051D002B32D1572140480DF025
:10C23000ECFB07213F4B5F5CD4F8A0304BB11B7B7C
:10C24000002B5DD1D4F8A00000F0F8FC0023C4F866
:10C25000A030022128460FF013FE48B9072F94BFE3
:10C26000354B1F213A46204698BFD95DFBF748FF62
:10C27000032128460FF004FE68B3304B1B6853B30C
:10C280001D6805B10C3D53F8083C002B41D143E03B
:10C2900081BB0D2128460FF0F3FD074620B1D4F8ED
:10C2A000A00008B100F072FD244B1B689BB11D6813
:10C2B00005B10C3D53F80C3C13B139462046984764
:10C2C0004DB12B46ED681B681DB10C3D002BF4D120
:10C2D000F7E7002BF1D130460FF08EFE637B072B82
:10C2E00024D1627AA37A9A4220D02046BDE8F84051
:10C2F000FFF7CEBE0139C9B20E299BD909279BE7AA
:10C30000022128460FF0BCFD00289BD1A1E70C3D7F
:10C3100023B1394620469847002DDCD02B46ED68E6
:10C320005B68002DF3D1002BF3D1D4E7F8BD00BF3B
:10C33000195304004855040037550400AC58002038
:10C34000F8B5031D06460F46184602210FF098FD6A
:10C35000044620B1B6F8E840B4FA84F46409032135
:10C3600018460FF08DFD78B139463046FFF754FF7F
:10C37000BCB1572118480DF048FB0521D6F8EC0058
:10C38000FBF77CFC0020F8BD012118460FF078FD7A
:10C390000028E9D10F2118460FF072FD0028E3D1E3
:10C3A000E6E705213046FFF71DFA054688B1012171
:10C3B0000C30F6F797FD234607702246294606F112
:10C3C000EC00FCF7C5F90028DCD02846F6F77EFC27
:10C3D000D8E76FF06800D6E7485304001E4B10B54D
:10C3E000044618604FF0FF324FF0FF331B4806F051
:10C3F000C3F850B11A4941F229221A480CF07AFECA
:10C4000041F2292116480CF06CFE174807F050FA4B
:10C41000124806F067F940B1114941F22E22114845
:10C420000CF068FE41F22E21ECE774B10F4B1C1F9B
:10C43000D3E8AF3F5B0607D52046FFF7E7FB014691
:10C4400010B12046FFF77CFF10BD5721BDE810401A
:10C4500007480DF0DABA00BFBC5900203C29002083
:10C460009552040044200400502900205C4500201F
:10C47000A55304002DE9F0410B8A04460E4633B95A
:10C4800045212A480DF0C1FA0020BDE8F0810121C4
:10C4900006F10C00F6F70CFDA4F1EC05E83C0746AC
:10C4A000042120460FF0ECFC3A7820B157212048B7
:10C4B0000DF0ABFAE8E70E2A02D957211D48F7E73D
:10C4C000DFF8748058F8323043B957211B480DF01B
:10C4D0009CFA07212846FFF733FFD5E71146284687
:10C4E0000FF063FD3B7860B9572115481A460DF0EF
:10C4F0008CFA032120460FF0C3FC0028C4D0082189
:10C50000E8E708EBC301328A0979914205D0452159
:10C510000C480DF07AFA0A21DCE73146284658F833
:10C520003330984701460028AED0D3E7C353040008
:10C53000E353040019540400081704004054040095
:10C540005F540400AC4A04002DE9F34190F8E9304F
:10C55000CF6823F0020380F8E930D0F8EC603B7834
:10C56000044606F17008C3B1BB7903F0C003C02BC9
:10C5700013D03846F8F77AF84521024652480DF0B4
:10C5800044FA4046F8F772F8452102464F480DF04C
:10C590003CFA0A2002B0BDE8F08107223946404645
:10C5A00013F0FBFA68B13946307A00F0EDFA05462F
:10C5B00038B1014620460FF069FCB8B1284600F0BA
:10C5C0003DFB0D21201D0FF05BFC00286AD0424688
:10C5D0000220317A00F010FB054648B94046F8F7D2
:10C5E00045F8452102463A480DF00FFA0820D1E7F8
:10C5F000F378002B39D106F17E031878012825D174
:10C600009A7902F0C002402A20D1D3F80120C5F85F
:10C610003A20B3F80530EB8796F87030B3B196F84E
:10C62000763003F0C003C02B10D06A462949CDE90B
:10C630000087FBF789FA3B683046C5F80130BB88B4
:10C64000A5F80530BB79EB71FBF71AFD94F8E930DA
:10C650009A070DD5204940F6327220480CF04AFD69
:10C6600040F632711C480CF03CFD06F17703C4E73C
:10C670002846F9F7E7FD28B1194857210DF0C5F90B
:10C68000032087E72846F9F7DDFD40B1124940F65F
:10C690004E7212480CF02EFD40F64E71E2E728462D
:10C6A000F9F7E0FD94F8E9305B0703D50A2120464D
:10C6B0000FF01AFCB4F8E81009B100206AE7204630
:10C6C000FFF7AAFDF9E700BF7F5404009854040067
:10C6D00065510400CFBF03009552040044200400BC
:10C6E000A55404002DE9F0410E460446D0F8EC8034
:10C6F000FEF78AFFF6684521054632780E48271D69
:10C700000DF083F90A2138460FF04FFC38B16DB9AE
:10C7100020463178FFF780FD0020BDE8F0810B2135
:10C7200038460FF042FC0028F1D1F1E72B69002BCD
:10C73000EED040469847EBE7E55404002DE9F04180
:10C740000546A0F1E80604460F463046012155F89B
:10C75000EC890FF02AFC00285BD0DFB103213046C2
:10C760000FF08EFB002854D03846F8F795FE0138BC
:10C77000C0B208288CBF0024304B4FF0020198BF94
:10C780001C5C30460FF0B0FB21462846BDE8F04166
:10C79000FFF742BD98F80B30002B3AD0032130460A
:10C7A0000FF06EFB20B92846BDE8F0410FF024BC25
:10C7B000052130460FF064FBB8B114F8043C1F07A4
:10C7C00007D514F8033C180703D5112130460FF0A4
:10C7D0008BFB14F8043C23F0080304F8043C14F821
:10C7E000033C23F0080304F8033C14F8033CD90786
:10C7F00011D5062128460FF077FB304602210FF0B5
:10C8000073FB2068D0F8A0306BB134F8041C002909
:10C81000BBD0BDE8F0819A0701D50821EAE75B07A4
:10C82000EBD50A21E6E77030F7F720FFBDE8F041CD
:10C830000246452102480DF0E8B800BF3F5504000C
:10C840000C55040010B50446452107480DF0DDF8ED
:10C85000A4F5A4700821FFF7DFFCA4F5A270042161
:10C86000BDE810400FF040BB26550400F8B5044663
:10C87000FEF706FF054600286CD0061D0321304652
:10C880000FF0FEFA002865D0D4F8A00008B100F03F
:10C89000D5F904F170073946207A00F0C5F8C4F8DC
:10C8A000A00068B93846F7F7E1FE45210246344852
:10C8B0000DF0ABF82846BDE8F8400821FFF740BD71
:10C8C0000E2130460FF0DCFA28B1D4F8A020537BBB
:10C8D00043F0020353732A7AD4F8A010032A4B7B47
:10C8E00039D8002A3ED0D4F8A020537B43F001036E
:10C8F00053732B7D697BD4F8A0208B4228BF0B4655
:10C900003046137305210FF0BBFAD4F8A0305A7BE0
:10C9100088B342F010020D2130465A730FF0B0FA7E
:10C92000C0B12021D4F8A00000F050F9D4F8A03014
:10C9300005F147021A33573552F8041BAA4243F84F
:10C94000041BF9D10023D4F8A02013615361D4F85B
:10C95000A0201383F8BD053A012A03D843F0200331
:10C960004B73C0E723F020034B73D4F8A020537B14
:10C9700023F00103BCE722F010025A73EAE700BF7C
:10C9800065510400012208B5034B04481A70FAF7F8
:10C99000C1FB002008BD00BF4764002058290020CB
:10C9A00008B550B9074908484FF4DC720CF0A2FBF7
:10C9B0004FF4DC7103480CF094FBBDE80840F9F734
:10C9C00051BC00BF77550400442004002DE9F0411C
:10C9D000124F05463E4616F8013B0C4683424FF087
:10C9E000010804D10722304613F0D7F888B1B8F116
:10C9F000000F05D007223046094913F0CEF858B988
:10CA00003D702268074BC7F80120A2889A80A2795E
:10CA10009A710248BDE8F0810020FBE7C059002070
:10CA2000B2320400C159002008B541B9064907488F
:10CA30005E220CF05FFB5E2103480CF052FBBDE868
:10CA40000840FFF7C3BF00BF77550400442004002F
:10CA50000B4610B5114604465BB908490848BC228C
:10CA60000CF048FBBC2105480CF03BFBBDE8104036
:10CA700018470448C2892242F8D110BD77550400F6
:10CA800044200400C059002008B5002202200249B9
:10CA9000FFF7DEFF002008BDA1C90200F8B50E4671
:10CAA000054611464AB10E4C00272046E38910F88E
:10CAB000012B2B400AD11846F8BD0A490A48C92261
:10CAC0000CF018FBC92107480CF00BFB964203D170
:10CAD000072213F062F808B13846EDE72046EBE78D
:10CAE000C05900207755040044200400F8B50646DC
:10CAF0000C4641B91F492048F2220CF0FBFAF22102
:10CB00001C480CF0EEFA0B78012B01D00020F8BD88
:10CB10008B7903F0C003402BF8D1184D0023294630
:10CB2000EF8911F83A2BBF0704F1010006D5B24294
:10CB300004D1062213F031F8D0B10023EA89297814
:10CB400002F00202002BE1D1002ADFD0B142DDD198
:10CB5000671C39460A480DF043FD01230028EDD03B
:10CB6000D4F80130C5F83A30B4F80520054B9A8066
:10CB70000248CCE77755040044200400C059002047
:10CB8000EA590020FA59002010B529B10C4C23783D
:10CB900083420CD0002010BD0A490B4840F22312FA
:10CBA0000CF0A8FA40F2231106480CF09AFA07227A
:10CBB000601C12F0F2FF00280CBF20460020EAE7BC
:10CBC000C0590020775504004420040008B550B92E
:10CBD0000749084840F233120CF08CFA40F2331146
:10CBE00003480CF07EFAC3891943C18108BD00BF18
:10CBF0007755040044200400F8B506460F46154654
:10CC000042B90C490C48DB220CF074FADB210948CC
:10CC10000CF067FAFFF742FF044640B92946384650
:10CC2000FFF702FF044610B13146FFF7CFFF204661
:10CC3000F8BD00BF775504004420040010B5044639
:10CC400050B90E490E484FF49D720CF053FA4FF450
:10CC50009D710A480CF045FA037A5B0701D5F9F794
:10CC6000B1FB214611F8010BF7F7C0FE2046BDE8E5
:10CC700010404022002112F088BF00BF7755040009
:10CC80004420040070B504461546184690B044B9D7
:10CC9000452137480CF0B9FE6FF01506304610B04C
:10CCA00070BD342203A9A847051E05DA2A4645218E
:10CCB00030480CF0AAFEEFE7204601A90DF0A3FCD6
:10CCC000064618B1224645212B48F2E76946204620
:10CCD0000DF029F8009840B10A2231460BF046FDCC
:10CCE000024610B145212548E3E79DB929463F207A
:10CCF00001AAFFF7D3FE20B14022294612F045FFDA
:10CD0000CCE701A8F7F7B2FC572102461C480CF00B
:10CD10007CFEC3E7002001A9FFF758FE044650B986
:10CD200001A8F7F7A3FC4521024616480CF06DFE5A
:10CD30006FF00B06B2E7342D09D034232A46452183
:10CD400011480CF062FE2046FFF778FFA4E703AA23
:10CD500000F10C030FAD144603CCAC4218605960CF
:10CD6000224603F10803F6D12068186096E700BF59
:10CD7000DD320400A7550400484C0400694C04004F
:10CD8000CB550400F355040017560400024610B5B5
:10CD900050B90D490D4840F24F120CF0ABF940F27A
:10CDA0004F1109480CF09DF90146342311F8010B8D
:10CDB0000C32F7F70DFE044620B102464521044827
:10CDC0000CF023FE204610BD7755040044200400DB
:10CDD0003A560400884210B500EB02030DD98C18B6
:10CDE000A0420DD20B490C4840F2B1220CF082F95E
:10CDF00040F2B12107480CF074F9F3D09942F0E702
:10CE0000013A114411F8012900F8012B8342F9D1AC
:10CE100010BD00BF3C410400442004002DE9F04750
:10CE20009AB01646DDE923970CAA84468A469046B6
:10CE30001D462C4B03F1300E144618685968083310
:10CE400003C473452246F7D118681B7961462060F8
:10CE50002371202204A8FFF7BDFF6B462022224841
:10CE600004A900F071F80446C0BB102251460DF130
:10CE70003500FFF7AFFF102231460DF14500FFF7F7
:10CE8000A9FF294611F8013B06220DF156008DF845
:10CE90005530FFF79FFF2299062211F8013B0DF153
:10CEA0005D008DF85C30FFF795FF4B46352241461B
:10CEB000684600F049F8044680B948460FF0A6F9E4
:10CEC000012335228DF8303041463B46684600F05C
:10CED0003BF8044610B938460FF098F920461AB0CE
:10CEE000BDE8F087121104006C56040070B50E46C0
:10CEF0001D46144698B00146202204A8FFF76AFF99
:10CF0000202231460CA8FFF765FF1022294614A8FD
:10CF1000FFF760FF102221466846FFF75BFF6B4674
:10CF20005022184604A900F00FF840B9039B054AA7
:10CF30001BBAB3FBF2F102FB11331C9A136018B059
:10CF400070BD00BF40420F002DE9F0418EB0074692
:10CF50000C4615460021182208A81E4612F015FEA0
:10CF60004FF41053ADF81C308023ADF81E304FF451
:10CF70004063DFF854801022CDE90938394605AB0B
:10CF800007A808F0FFFC024640B145210F480CF00D
:10CF90003CFD6FF004000EB0BDE8F08106AB0293DB
:10CFA000102322464146CDE9006305982B4611F037
:10CFB0009EF90446059808F095FC2043EBD02246E4
:10CFC00045210348E3E700BF0002C0038656040082
:10CFD000A75604000122024BC3F80424704700BF87
:10CFE000002008E037B540230C460A490093411A57
:10CFF000491105462346084A08480FF08EF9011EDC
:10D0000005DA2846234603B0BDE83040184703B090
:10D0100030BD00BF145A002083C3030090FD0300FD
:10D02000C9B2012908B508D9084909487F220CF07E
:10D0300061F87F2105480CF054F80C22036901FBCC
:10D040000233986C00F0070008BD00BFDC560400F6
:10D050004420040070B5C9B2012903690AD91849EE
:10D0600018484FF4DF720CF045F84FF4DF711448A4
:10D070000CF037F8EFF31185402484F31288BFF3E6
:10D080006F8F0C2606FB0134A46C14F0C00408D08A
:10D09000A24206D085F31188BFF36F8F4FF0FF30A7
:10D0A00070BD012271430B449A6485F31188BFF36C
:10D0B0006F8F43680B445B6898470020F0E700BF20
:10D0C000DC5604004420040070B50D4606490446B1
:10D0D000411A491140220548FFF7BCFF2B46014683
:10D0E0002046BDE870401847145A002090FD030008
:10D0F00070B500220121044640F20510F5F7F4F85E
:10D100000F4802F059FE0F4B984215D10FF08DFDDC
:10D1100026690D4930460CF0B5F800280BDB0125D7
:10D12000B5642469084904F120000CF0ABF800282C
:10D1300001DB0020656570BD6FF00400FBE700BFF8
:10D1400009D202000000AD0B801704007FB5002259
:10D150000123CDE9022304ABCDE90433094A6B4630
:10D16000CDF800D0CDF804D00FF004F9002805DB8D
:10D1700043F609520023684605F0F0FC07B05DF85D
:10D1800004FB00BF9BC3030010B5EFF311844023E1
:10D1900083F31288BFF36F8F074A136823F00201ED
:10D1A000DB07116002D4012002F0F0FD84F3118846
:10D1B000BFF36F8F10BD00BF6C5A00200C22104BC4
:10D1C000014602FB0033002030B4D3E9105218644A
:10D1D000EFF31180402484F31288BFF36F8F9C6CAF
:10D1E00004F0C00444F002049C6480F31188BFF38F
:10D1F0006F8F1DB12B4630BC0248184730BC7047BA
:10D20000145A002090FD030008B5062817D8DFE85F
:10D2100000F01F1F090B041F1F000020BDE808407D
:10D22000FFF7CCBF0120F9E70A4940F2DD220A48A6
:10D230000BF060FF40F2DD2106480BF052FF05497C
:10D2400040F2ED2204480BF055FF40F2ED21F3E7E8
:10D2500008BD00BFDC5604004420040010B4EFF306
:10D260001182402383F31288BFF36F8F1648016841
:10D2700041F002040460C80707D482F31188BFF3A9
:10D280006F8F012010BC02F061BD1049D1F80C1461
:10D29000C903F2D5EFF3118083F31288BFF36F8FC8
:10D2A0000B498B6C03F0C00343F002038B6480F3E3
:10D2B0001188BFF36F8F82F31188BFF36F8F002047
:10D2C00010BCFFF77BBF00BF6C5A002000E010507D
:10D2D000145A0020F8B5012206462F49D1E8EF3F45
:10D2E000C1E8E02F0028F9D19BB92C492C484B60AC
:10D2F000CB608A60F3F774FA00280ADA294940F211
:10D30000912229480BF0F6FE40F2912125480BF0BE
:10D31000E8FEF6B1731E012B34D810F05DFC044614
:10D32000C0B9224B1B78ABB104220546204BC3F891
:10D3300008231F4FD7F84C24D7F84C34D20312D50A
:10D340009B0701D0012E0ED1BCB185F31188BFF32C
:10D350006F8FF8BDEFF31185402383F31288BFF37D
:10D360006F8F0124E5E71CB128460CF053FEE1E77E
:10D370000021202007F088F8DCE704220C4BC3F8DA
:10D380000423E6E7074940F2A32207480BF0B2FE68
:10D3900040F2A321BAE700BF105A0020005A002033
:10D3A000345A0020DC56040044200400A368002006
:10D3B00000E0105010B5044C2046F3F703F8204667
:10D3C000F5F7A2FA002010BDCDD3020073B50446D4
:10D3D00003250F4E8DF80700012200200DF10701F3
:10D3E00004F082FC20B101233370204602B070BDEE
:10D3F0003378002BF9D0013D08D010F0EDFB002868
:10D40000EAD100213F2007F03FF8E5E73570ECE76F
:10D410004A6400200023024A0020C1E9002370472B
:10D420000050160000487047A4170400024B0B6020
:10D4300001231360704700BFAC17040008B5012238
:10D440000548114610F053FB02F020FD034B044A3F
:10D450000020C3F80C2508BD705A002000B004500D
:10D460008000008010461A46084B10B5994209D832
:10D47000C1F5B21404F58054A24203D812F05EFB49
:10D48000002010BD6FF01500FBE700BFFF4F160036
:10D4900038B542F201030F4D1446C5F80035A1B16D
:10D4A00012F04CFBBFF35F8FD5F81834DB0706D4BE
:10D4B000C4F308041CB10123AB60BFF35F8F4FF4CA
:10D4C0000052044BC3F8002538BDFF2112F05DFB6C
:10D4D000E8E700BF00B00450F0B51D4B0546984288
:10D4E0000F46144687B030D8C0F5B21303F5805309
:10D4F0009A422AD8FAB14FF0FF324FF0FF33154865
:10D5000005F02CFB0FF094FB0646B8B101238DF813
:10D510001430114B4FF4FA50009302AB0494019372
:10D52000CDE9027502F0BAFC684602F0BDFC044683
:10D53000084805F0BBFA204607B0F0BD2246394640
:10D540002846FFF7A5FF3446F2E76FF01504F2E72F
:10D55000FF4F1600705A002099C40300004870471E
:10D56000E81704002DE9F34743680F1E05461646E9
:10D57000D3F818907DDBBB184B457AD847EA0204F4
:10D58000C4F30B04002C74D100690EF0CCFF2146CB
:10D5900028460FF010F84FF0FF3A0446002E45D110
:10D5A000012128460FF007F8002C08BF044628691F
:10D5B0000EF0B7FF204602B0BDE8F08780462E4B44
:10D5C0005A7882B10AFA02F137EA01010BD101213E
:10D5D0009140B14207D8B8F1000F1ED098F8011061
:10D5E000914238BF98460134042C03F10203E7D17D
:10D5F000B8F1000F13D00023812298F800102846BC
:10D60000CDE900333B460EF094FF012398F801204A
:10D61000044693401F44F61A21E09846E3E76FF072
:10D620001504012128460EF0C6FFC0E7002CF8D1F2
:10D630002346CDE900448022062128460EF079FFDA
:10D6400004460028EDD1B145B8D10346CDE900002C
:10D650008022C72128460EF06CFF00260446002CCD
:10D66000DFD140F21B62002328460EF0D2FF0446B1
:10D6700094E76FF015049DE7A25804002DE9F041EE
:10D68000044686B000694FF0FF32012110F02FFAF6
:10D690006668306810F0A0F9A8B1F06878B9206920
:10D6A0000EF041FF20460FF05AF8021E11DA452114
:10D6B0008C480CF0AAF920690EF033FF03E010F05B
:10D6C0008BF90028EBD16FF01205284606B0BDE8B3
:10D6D000F08120460EF08CFF051E26DDED071AD4E2
:10D6E00020690EF01EFF20690EF01DFF4FF00308A9
:10D6F000002305AF1A469F212046CDF804800097ED
:10D700000EF017FF054620690EF00BFFC5B12A4643
:10D710004521754811E0572174480CF076F9002234
:10D72000002320460EF075FF054620690EF0F9FE35
:10D73000002DD8DA2A4645216D480CF066F9C2E77B
:10D740003846424606F1240112F027FA0746B0B1E6
:10D7500096F826304521039396F825309DF814203D
:10D76000029396F82430634801939DF816306FF0C9
:10D77000150500939DF815300CF047F9A5E796F8CC
:10D780002830002B36D020690EF0CDFE20460EF05A
:10D790002FFF051E29DD96F82830802225EA030593
:10D7A00006213B462046CDE900778DF813500EF058
:10D7B000C0FE054630B120690EF0B3FE2A46452171
:10D7C0004D48BAE701210DF113030093802203466F
:10D7D000019120460EF0ADFE05460028EBD1002257
:10D7E000002320460EF015FF054620690EF099FE35
:10D7F000002DE3D196F827506B1EDBB2FD2B2BD802
:10D80000A80733D020690EF08EFEA90710D400239C
:10D810008022B7212046CDE900330EF08AFE05466E
:10D8200090B120690EF07DFE2A464521334884E7F9
:10D830000023802206212046CDE900330EF079FE38
:10D8400005460028E3D0ECE72269137F43F001038B
:10D85000137720690EF065FE20690EF064FE6368A0
:10D8600093F830309A0704D4206913E06FF08505EF
:10D87000DAE700238022B9212046CDE900330EF0FB
:10D8800058FE054620BB6368266993F830309B0735
:10D890000FD430460EF045FE20690EF044FE2046BF
:10D8A0000EF05DFF054620690EF03BFE05EAE575CA
:10D8B0000BE710F00AFA4FF47A75A0FB050747F65C
:10D8C0001222002305FB0171ECF78CFFB061CBE75E
:10D8D00020690EF026FE002DDEDA15F1860FDBD072
:10D8E000F3E600BF7F570400EC5704009C57040088
:10D8F000BE5704000A5804004D580400675804003D
:10D9000010B5036941B91C493F221C480BF0F2FBDA
:10D910003F2119480BF0E5FB486830B91649402211
:10D9200016480BF0E7FB4021F3E75868F8B188424E
:10D9300019D19C680868A142586000D19860002005
:10D9400008602AB15A680A609A68596002B99960F9
:10D95000002010E0814206D108682060986881426A
:10D96000EDD19C60EBE7044600680028F2D1002A64
:10D97000E8D16FF0150010BDAA580400442004003F
:10D9800038B545682B69E3B11035284603F098F99E
:10D990000446B0B90146284603F052F90B4B9842B1
:10D9A00011D1224628460A4903F00EF922460121E8
:10D9B000DB20F4F799FC2246012140F20D10F4F728
:10D9C00093FC002038BD6FF00400FBE70000AD0BB6
:10D9D00095DC020008B503685F2B4FEA531107D8A6
:10D9E0000B4A03F01F0352F82120DA40D2070AD471
:10D9F000084909484FF46C720BF07CFB4FF46C71D2
:10DA000004480BF06EFB0360044B53F8210008BD83
:10DA1000FC170400E658040044200400F01704003A
:10DA2000F0B5406801F01F04057B87B044EA451457
:10DA30000569002D5BD0B2F5001F00F1100506D17D
:10DA4000214628460FF0CFFA002007B0F0BD00278E
:10DA5000B2F5800F01AE0197776033D1B3F1007F4B
:10DA600014BF052304238DF804300023CDE904639B
:10DA700003938368CB40D90716D4B2F1A07F13D1AA
:10DA800068460094FFF7A6FF009B203350F8233030
:10DA9000DB0709D46A462146284603F0A3F8174B52
:10DAA00098421AD0CDF808D02146284603AA02F0A1
:10DAB00001FF134B98421DD101222146284603F055
:10DAC00025F9C1E7B3F1C06F05D0B3F1007F14BFF2
:10DAD00001230223C7E70323C5E76946284603F06D
:10DAE00009F9074B9842DDD06FF00B00ADE76FF0FE
:10DAF0008500AAE76FF01500A7E700BF0400AD0B93
:10DB00000000AD0B2DE9F043466840F20635337B4B
:10DB1000D00601F01F0747EA431748BF032302EA74
:10DB2000050558BFC2F3401387B0B5F5837F14468F
:10DB30008DF8033044D00FD8062D43D007D8B5B1A7
:10DB4000022D14D06FF0150007B0BDE8F083B5F5D5
:10DB5000807FF7D101250AE040F20222954233D0BE
:10DB6000B5F5407F32D0B5F5007FEBD10425012318
:10DB7000220303FA01F12BD573685960336963BB43
:10DB800003A80397FFF726FF039B00EB830084F4B1
:10DB90008033C3F30043C4F34044D0F8802044EA08
:10DBA00043049DF8033022F4706244EA830422F0B7
:10DBB0000F0244EA05231343C0F880300020C3E776
:10DBC0000925D4E70825D2E70625D0E70525CEE7C5
:10DBD000630344BF73689960D0E710363946304616
:10DBE0000DF1020202F0FEFF14F4403F804616D110
:10DBF000394630460FF0F5F9234B9845DED13046D3
:10DC00009DF8021003F06AF84045D7D01F4920481C
:10DC1000EC220BF06FFAEC211C480BF062FA4FF08B
:10DC2000000901AB3946304603AACDE90439CDE9F4
:10DC30000199CDF80C9002F03DFE134B984281D132
:10DC400014F4003315D09DF8033084F48034C4F309
:10DC500000448DF80E3039464B46304603AA8DF805
:10DC60000C508DF80D4002F015FF074B9842C3D0C1
:10DC700068E7CDE9043339460DF10303304603AAC2
:10DC8000039302F017FEF0E70000AD0B19590400F2
:10DC9000442004004209022A034670B503D0012A39
:10DCA0001BD0E2B170BD134E326951680029F9D022
:10DCB000012503F01F030C689D400029F2D08A68FB
:10DCC0002A4010D04B6863B90B490C4864220BF012
:10DCD00011FA642108480BF004FA094EE4E7094EF2
:10DCE000E2E7304698471CB1236821461C46E4E72A
:10DCF0002346FAE7CCFD0300AA58040044200400A0
:10DD0000B8FD0300A4FD030008B503685F2B4FEACC
:10DD1000531107D80B4A03F01F0352F82120DA40B1
:10DD2000D2070AD4084909484FF46C720BF0E2F9A3
:10DD30004FF46C7104480BF0D4F90360044B53F8B2
:10DD4000210008BD5C180400E658040044200400CB
:10DD5000501804002DE9F04F1546064640F2FF1911
:10DD6000DFF838B185B000EB8108B04503D1002061
:10DD700005B0BDE8F08F3368C3F3C322082AC3F3AC
:10DD8000080400F2848046491B0E4C4508BF4FF042
:10DD9000FF348F5C192B7DD8DFE803F00D1C476042
:10DDA0004A50607C7C7C7C7C7C7C7C7C7C7C7C7C2D
:10DDB0007C7C636D7073C5F80446631C3CD003A87B
:10DDC0000394FFF7A1FF0122039B924602FA03F39B
:10DDD000436005E0C5F80C46621C2DD04FF0000AE8
:10DDE00051463368039403F40040002818BF002113
:10DDF00003A818BF4FF0010A01930091FFF784FFB9
:10DE0000039C019B00EB8400D0F88040C3F3412CBD
:10DE100000993B0243EA8C030B4304EA0B042343BF
:10DE200043EA4A03C0F8803006E0C5F81046C4E76C
:10DE3000601CC5F8004627D1043696E7611CC5F87A
:10DE40000446F9D04FF0010A03A80394FFF75CFFE2
:10DE50000121039B01FA03F38360C2E7C5F808467A
:10DE6000BAE7C5F86045621C3368E5D0C3F30043E8
:10DE7000002BE7D0A3E7C5F86445F4E7C5F868458B
:10DE8000F1E7C5F86C45EEE74FF0000ADCE76FF00C
:10DE900015006DE76FF085006AE700BFF0F0FCFF4A
:10DEA000675904002DE9F04104460D4647680FF01C
:10DEB00093FEA0B9274B1B788BB14FF04008642626
:10DEC00063681B68D3F830318BBB01200EF0AFFFC5
:10DED000013EF5D10021202006F0D6FAEFE74021DF
:10DEE000EFF311831A4681F31288BFF36F8F6068D6
:10DEF0000068D0F8300120B983F31188BFF36F8F29
:10DF0000EEE77B6A00201D706368796A1B68C3F8BE
:10DF10003C170121C3F84017C3F83001D3F8300192
:10DF2000196582F31188BFF36F8FBDE8F081EFF3BD
:10DF300011831A4688F31288BFF36F8F61680968EE
:10DF4000D1F830110029DCD183F31188BFF36F8F32
:10DF5000C0E700BFA368002008B503685F2B4FEA45
:10DF6000531107D80B4A03F01F0352F82120DA405F
:10DF7000D2070AD4084909484FF46C720BF0BAF87A
:10DF80004FF46C7104480BF0ACF80360044B53F889
:10DF9000210008BDC4180400E65804004420040011
:10DFA000B8180400012310B503FA01F143680469AD
:10DFB0001B6819420AD10C490C4840F28C620BF0E4
:10DFC00099F840F28C6108480BF08BF823681942ED
:10DFD00018BF82F0010222B18368DB68BDE81040FF
:10DFE000184783681B69F9E78C5904004420040032
:10DFF0002DE9F843456807690646E86B0EF0CCFC4E
:10E00000041E17DB296C481C17D005F1440000F0F2
:10E010003DFB10F1130F044606D145213C480BF09F
:10E02000F4FC6FF0120405E0411D06D1452139488A
:10E030000BF0EBFC2046BDE8F8834FF001086B6B5A
:10E040009847BD68D7E9023203EBC2039D4208D36B
:10E0500038460EF0D2FC73680024D86B0EF09CFC9E
:10E06000E8E728680FF0B8FC38B92A6845212B7911
:10E07000126829480BF0C9FCD3E728682979EB8896
:10E0800003F03002302AD0F810E0D0E901490AD17B
:10E09000224940F2E13222480BF02CF840F2E13103
:10E0A0001E480BF01EF803F00602042A08D11B4993
:10E0B0004FF47A721A480BF01DF84FF47A71EFE7BB
:10E0C0002468DA0708FA01FC54BF43F4B01383F460
:10E0D000D0131CEA040F23F4801208D10F4940F238
:10E0E000FB320F480BF006F840F2FB31D8E7DEF8C0
:10E0F0000040DB074CBF4CEA040424EA0C04CEF8D1
:10E100000040D9F800309847041E93DB083599E7A2
:10E11000BD590400ED5904000F5A04008C59040045
:10E12000442004002DE9FF4105690646D0F804802B
:10E13000A86D2B6E002835D1002B53D0B8F838408D
:10E140006A6D9C4228BF1C46EF6DEB6D53B1296E82
:10E1500041B107F06041B1F1005F03D0082C28BF46
:10E1600008246F6F00926A6DAC661AB1AA6D002A1E
:10E1700018BF2246CDE901271BB12B6E002B18BF1B
:10E180002346002269464046039303F0AFFB184B39
:10E19000984229D06FF00401304604B0BDE8F04148
:10E1A0000EF04DBC696DEF6D0A46B8F83840ABB162
:10E1B000834228BF03469C4228BF1C460029C4D086
:10E1C00001F06043B3F1005FBFD0082C28BF0824E2
:10E1D000286F224611F0B2FC2A6FB6E7844228BFAE
:10E1E0000446EBE71946D7E704B0BDE8F08100BF6D
:10E1F0000000AD0B10B502780346002A5DD10C6912
:10E20000A26E32B9606E6FF07301BDE810400EF07F
:10E2100016BCE06D40B1216E31B1DB6823B18342A1
:10E2200002D0616F11F08AFCA36DA26E2BB19A42ED
:10E2300011D9452121480BF0E8FB236EA26E2BB1CA
:10E240009A4221D945211D480BF0DFFB606EBDE8E5
:10E250001040FFF767BF9B1AA3657BB9636C04F19D
:10E26000580208336364A36C04F14801013BA364C2
:10E2700004F144000EF07DFB6065DEE7636D002B6A
:10E28000DBD013446365D8E79B1A23667BB9E36C44
:10E2900004F160020833E364236D04F15001013B93
:10E2A000236504F14C000EF064FBE065CEE7E36DFE
:10E2B000002BCBD01344E365C8E710BD385A0400E7
:10E2C0002DE9F04F9846436891B001938B880F4633
:10E2D000990406469146046930D44FF0FF324FF05E
:10E2E000FF3304F1100004F039FC6760D6F804B085
:10E2F000D6F810A0DBF8083003939AF86D3023B1FC
:10E30000DAF800309F4200F0C180B7F804E01EF454
:10E31000006F1AD04521B1480BF077FB6FF08505EF
:10E3200023689B8813F4005304D1636004F1100048
:10E3300004F0BCFB284611B0BDE8F08FA369002BA8
:10E34000CBD163689F42C8D1D0E71EF0010F07D040
:10E3500045213268A2480BF058FB6FF01505DFE746
:10E360001EF0080F04D045219E480BF04EFBF4E749
:10E37000CEF34513082B02D045219B48F5E73B68B7
:10E380000293029A994B9A4202D845219848ECE7A9
:10E3900006AD0BF10C0CBCE80F000FC5BCE80F007C
:10E3A0000FC5DDE902329A4228BF1A469CE80300F5
:10E3B000904B85E803009A4217D28F4B9A4214D2B1
:10E3C0008E4B9A4211D28E4B9A4247D88D4B9A422D
:10E3D00046D88D4B9A4245D88C4B9A4244D88C48AB
:10E3E0008C4B8D49824288BF0B461EF0020F0B9367
:10E3F0000EF004033AD0002B14BF032302238DF840
:10E400003030CEF300138DF83130DBF800301EF0E1
:10E41000020FD3F8003605A805932BD1FFF79CFD1A
:10E420000123059A934083609AF86D302BB15846CA
:10E4300003F004FA00238AF86D303346774A5846D1
:10E4400006A903F0B9F9764B0246984219D0452146
:10E4500074480BF0DAFA6FF0040561E7724BC4E719
:10E46000724BC2E7724BC0E7724BBEE7003B18BF6E
:10E470000123C4E7FFF770FD0123059A9340436031
:10E48000D2E70123CAF800708AF86D30012384F8BE
:10E490006C30019B196C4A1C09D003F1440000F058
:10E4A00025F9743003D1572163480BF0AEFAB9F166
:10E4B000000F69D1C4F844900023A36404F158020A
:10E4C00004F1480104F144000EF053FA6065B8F11C
:10E4D000000F61D1C4F84C800023236504F1600271
:10E4E00004F1500104F14C000EF043FA0025012123
:10E4F0002A46E065256420460EF05EFA3046FFF7B6
:10E5000011FE2A462B46A06C83424DD100231946AA
:10E51000256DA9424FD1934238BF134627464FF489
:10E52000FA524FF0000802FB03F557F8283B47F674
:10E53000122C1B684146B5FBF3F540F2E730C835B5
:10E540004FF47A720023E5FB0C01ECF74BF902461D
:10E550000B46384604F002FB024698B34521374883
:10E560000BF053FA0198C4F8688003F067F96FF074
:10E570007301304684F86D800EF061FA384604F07D
:10E580004DFB6FF07305CBE6D9F800306364002BC8
:10E5900092D0D9F8043090E7D8F80030E364002B2B
:10E5A0009AD0D8F8043098E7616C01EBC301496850
:10E5B00001330A44A8E7E06C00EBC1004068013178
:10E5C0000344A6E7256C15F1740FCBD0002D3FF462
:10E5D000A7AE014630690EF0EFF9A1E65B5A0400E0
:10E5E0007A5A0400A15A0400C55A040047E8010001
:10E5F000F95A04000048E8010024F40000127A00EF
:10E60000FF083D007F841E003F420F001FA107004E
:10E610008FD0030048E8010090D00300F5E102002C
:10E620000000AD0B2F5B040000093D0080841E003C
:10E6300040420F0020A107005B5B04008A5B0400DE
:10E6400008B503685F2B4FEA531107D80B4A03F054
:10E650001F0352F82120DA40D2070AD4084909489A
:10E660004FF46C720AF046FD4FF46C7104480AF0E6
:10E6700038FD0360044B53F8210008BD5019040015
:10E68000E658040044200400441904000123F0B5B6
:10E6900087B08DF80230022300248DF804306B44DB
:10E6A00003930F4601AB0DF103010493054602915C
:10E6B000059402F01FFB0C4B064698420FD13946D9
:10E6C000284603AA02F0F6F8B0420BD028469DF87F
:10E6D000031002F003FB6FF0040007B0F0BD6FF011
:10E6E0001200FAE72046F8E70000AD0BF7B50C463C
:10E6F00005460EF07AFC002221460646284602F026
:10E7000005FB01A80194FFF79BFF019B00EB83022F
:10E71000D2F88010154B0B4043F00C03C2F8803048
:10E7200000F082F807462B689B59B3B100262146BA
:10E7300028460EF058FC01A80194FFF781FF019BC9
:10E7400000EB8300D0F88020084B134043F0040313
:10E75000C0F88030304603B0F0BD00F065F8C01B53
:10E76000C728E0D96FF07306E1E700BFF0F0FCFFC7
:10E7700073B514461D46684602F0F0FB009BA342A9
:10E78000019BAB4114D30B4AD2E90061A41B24F0D6
:10E790001F0365EB010064099B1941EB000144EA8A
:10E7A000C060C2E9003102B0BDE8704006F08ABA2C
:10E7B00002B070BDD846002010B500220121E4202F
:10E7C000F3F792FD134A0020D2F8183723F44033B0
:10E7D00043F40033C2F8183702F012FC0E4B044623
:10E7E000984208D101200D4902F0BCFCA04205D09E
:10E7F0000B4B98420AD04FF0FF3010BD6722094BF7
:10E8000002201A60FEF766FD0020F6E76FF00B00AD
:10E81000F3E700BF00200E500000AD0BE029002000
:10E820000200AD0BD45A002037B5EFF31185402319
:10E8300083F31288BFF36F8F134806F0DDF840B9F9
:10E840001249882212480AF055FC88210F480AF024
:10E8500048FC0D4806F0F4F8684602F07FFB0A48D1
:10E86000009C06F0D7F840B9084940F23112084838
:10E870000AF040FC40F23111E8E785F31188BFF35C
:10E880006F8F204603B030BDD85A0020BB20040053
:10E890004420040007B5684602F060FB0098074A70
:10E8A000D2E90032C01A019B4FEA501063EB020319
:10E8B00040EAC36003B05DF804FB00BFD846002007
:10E8C0007FB5431C18BF20EAE07502A808BF6FF0AF
:10E8D000004502F043FB02990E4B2020D3E90026AD
:10E8E0008C1A039961EB06032146C5FB00134029EE
:10E8F00073F1000436BF014621F01F0100235218B6
:10E900004FF0010146EB03030091034802F0B4FC11
:10E9100004B070BDD8460020D82900202DE9F04170
:10E9200012F0FC6F1346D0E9014706690AD0364958
:10E9300040F2DE3235480AF0DDFB40F2DE3132488B
:10E940000AF0CFFB02F03002302A08D12E4940F203
:10E95000E1322E480AF0CEFB40F2E131EFE72C4ADB
:10E960002C4D1A40AA4208D1274940F2E5322748E7
:10E970000AF0C0FB40F2E531E1E703F00602042AA9
:10E9800008D121494FF47A7220480AF0B3FB4FF4C2
:10E990007A71D4E713F4402212D09D0308D41A49A7
:10E9A00040F2EB3219480AF0A5FB40F2EB31C6E722
:10E9B000B2F5402F14D0184A9A4301D183F4402372
:10E9C000012524688D40254223F4801211D10E497F
:10E9D00040F2FB320D480AF08DFB40F2FB31AEE70E
:10E9E000094940F2EF3209480AF084FB40F2EF3166
:10E9F000A5E73468DB074CBF2C43AC4334603B686D
:10EA0000BDE8F041184700BF8C59040044200400C1
:10EA100002000300020001000100100070B58368CD
:10EA200046689C690569002C52D002F4C003B3F516
:10EA3000C00F0AD1284940F27A3228480AF05AFB1E
:10EA400040F27A3124480AF04CFB43B9224940F2A3
:10EA50007E3222480AF04EFB40F27E31F2E702F0AD
:10EA6000E863B3F1C86F08D11B4940F281321B48FB
:10EA70000AF040FB40F28131E4E702F0C863B3F5ED
:10EA8000800F08D114494FF4627214480AF032FB27
:10EA90004FF46271D6E7012336688B40334208D1C8
:10EAA0000D4940F292320D480AF024FB40F29231B7
:10EAB000C8E7160204D52D682B4218BF82F0C06249
:10EAC000074BA446BDE87040134002F0B0726047A7
:10EAD0006FF0570070BD00BF8C5904004420040043
:10EAE00040000006012310B503FA01F143680469F0
:10EAF0001B6819420AD10C490C4840F28C620AF09A
:10EB0000F9FA40F28C6108480AF0EBFA23681942DE
:10EB100003D022B183681B6903E0002AFAD083681E
:10EB2000DB68BDE8104018478C59040044200400FD
:10EB30002DE9F74300244FF0010825461A4E3068AE
:10EB40003779436808FA07F71B681F420AD117494B
:10EB5000174840F233620AF0CDFA40F233611348AD
:10EB60000AF0BFFAD0F81090836801A95B68984753
:10EB7000002809D00FDB08FA04F31D430134042CEC
:10EB800006F10806DBD10BE0D9F80020019B5340C9
:10EB90003B42F3D0EFE7452106480AF036FF002557
:10EBA000284603B0BDE8F0837C1904008C590400AA
:10EBB00044200400FF5B04002DE9F041074688462D
:10EBC0000025104E27FA05F212F0010210D128FAA2
:10EBD00005F3DB070ED531793068FFF783FF044674
:10EBE00040B1452108480AF010FF2046BDE8F081F9
:10EBF0000122F0E70135042D06F10806E2D10024D8
:10EC0000F3E700BF5C190400195C04002DE9F84328
:10EC100007460026134DDFF85080DFF85090286833
:10EC2000A7B1404515D0484514BF4FF0E8624FF0FA
:10EC300098622979FFF7F2FE044668B10246452141
:10EC40000B480AF0E2FE2046BDE8F8834FF40012BC
:10EC5000EFE74FF09862ECE70136042E05F1080566
:10EC6000DDD1F0E77C190400A4FD0300B8FD03002A
:10EC7000345C040070B50446EFF31186402383F33F
:10EC80001288BFF36F8F1E4805F0B6FE40B91D49CC
:10EC900088221D480AF02EFA88211A480AF021FA23
:10ECA0001A4D174805F0CCFE2B78BBB9184B9C4287
:10ECB00002D0184B9C420AD10020FFF7A7FF18B1E1
:10ECC000452115480AF0A1FE0022144B1A700123B9
:10ECD00020222B701248002304F002FD084805F0A2
:10ECE00099FE40B9074940F2311207480AF002FA8A
:10ECF00040F23111D1E786F31188BFF36F8F70BDF9
:10ED0000005B0020BB200400442004005E6400205F
:10ED1000A4FD0300B8FD0300595C04005D640020FD
:10ED2000E04600202DE9F041454F3B7853B10020EB
:10ED3000FFF76CFF28B145214248BDE8F0410AF0D9
:10ED400064BE3870FFF7F4FE04463F4BD3E8EF2F64
:10ED5000C3E8E14F0029F9D13C4BDFF8F4801A7881
:10ED600042BBD8F80060A64219D03A4B66401B68F7
:10ED70000BB1314698474FF0FF334FF0FF32364822
:10ED800003F0FAFB354B1D6835B1043D2B68314665
:10ED9000204698476D68F7E72F4803F0A3FCC8F8B2
:10EDA000004054B1BDE8F04140F2391200232C4834
:10EDB00004F096BC00221A70F1E7EFF311864023AD
:10EDC00083F31288BFF36F8F264805F015FE40B914
:10EDD0002549882225480AF08DF9882122480AF021
:10EDE00080F9204805F02CFE214B1D78012D12D012
:10EDF0001C4805F00FFE40B91B4940F231121B4878
:10EE00000AF078F940F23111E8E786F31188BFF390
:10EE10006F8FBDE8F08128461C70FFF7F7FE0446AF
:10EE200010483D7005F0F6FD0028E5D086F3118806
:10EE3000BFF36F8F002CECD045210E487DE700BF5B
:10EE40005D6400207A5C0400105B0020662B0020CB
:10EE5000E05A0020145B0020E45A0020F85A0020F9
:10EE6000E0460020005B0020BB200400442004009A
:10EE70005E640020985C040070B500260C4CE288AB
:10EE80002068217942F40032FFF748FD054648B971
:10EE90000136042E04F10804F1D1BDE870400F21C1
:10EEA000FFF78ABE452103480AF0AFFD284670BD32
:10EEB0005C190400B55C0400054BD3E8AF3F00B11A
:10EEC0000360044811B102685A400A600360704749
:10EED000105B0020DC5A00202DE9F843384B186005
:10EEE000384D39480EF0CAFD2E464FF000082F4627
:10EEF000F288306812F0010F14BF102320233179FB
:10EF00001A4342F48032FFF709FD044630B145212F
:10EF10002E480AF07AFD2046BDE8F88308F1010882
:10EF2000B8F1040F06F10806E2D1064680464FF01C
:10EF30000109286829794FF40012FFF76FFD044694
:10EF400010B145212248E4E72B79013609FA03F391
:10EF5000042E48EA030805F10805EAD105461D4ECE
:10EF60001D4BC6E9013857F835008368DB693BB1B2
:10EF7000012231469847044628B145211748C8E781
:10EF80006FF05704F9E70135042DECD11449154809
:10EF900004F0A4FA0122144B12481A700023002234
:10EFA00004F02EFB21462046FFF786FFFFF7C0FD49
:10EFB0000E4BD3E8EF2FC3E8E10F0029ABD0F8E701
:10EFC000145B00207C190400E45A0020D45C040087
:10EFD000F65C0400045B002075EC0200165D040082
:10EFE00025ED0200E04600205E640020105B00205A
:10EFF00003280A4610B507D945210B480AF005FD3C
:10F000006FF01504204610BD084B03EBC0010979D1
:10F0100053F83000FFF766FD04460028F2D0452182
:10F0200003480AF0F2FCEDE72F5D04005C190400D0
:10F03000195C040002460B46014803F09DBA00BF6C
:10F04000802C0020014803F04DBB00BF802C002025
:10F050000348452108B50AF0D8FC0020F3F7CAFFA1
:10F06000635D0400024608B506480B4645210AF0D8
:10F07000CCFC002383F31188BFF36F8F0323184662
:10F0800002DF08BD855D040070B5064688B00D46F8
:10F090002C482D4903F0ECFF03A8E0F76DF9492156
:10F0A0002A4A2B480AF0B1FC1422032003A9F1F7E5
:10F0B000D9FF28480EF090FC40B9452126480AF0B7
:10F0C000A4FC6FF01204204608B070BD234B01A8C9
:10F0D0000193E0F7B5F9024630B1452120480AF026
:10F0E00094FC6FF01504EEE74FF0FF304FF0FF3166
:10F0F000FFF7A0FF04460028E5D11A491A48E0F7B7
:10F10000F9F8044610B1FFF79DFFDCE741F64C53D8
:10F1100002A80293EBF7B0FF20B1FFF793FF6FF067
:10F120008504D0E7012368468DF80030EBF79CFF9B
:10F130000028F2D1FFF786FF33690C481D60F5F710
:10F14000F9FCC0E71C5B002009CB0300AF5D0400A5
:10F15000D65D0400F4FD0300DE5D040071F10200E1
:10F16000035E0400104700200DF30200E1F20200EC
:10F1700003460A4610B50D4881680C6844B90C492D
:10F180000C485B2209F0B6FF5B21094809F0A9FF92
:10F190001946A04748B1084906484FF42D7209F0B6
:10F1A000A9FF4FF42D710448F0E710BDF4FD0300F2
:10F1B0002C5E040044200400605E040030B5394831
:10F1C00085B0DFF75BFF044620B9E0F7E7F820B130
:10F1D0006FF08504204605B030BDE0F7F3F8002855
:10F1E000F6D1E0F703F90028F2D1E0F70DF9002895
:10F1F000EED1E0F717F905460028E9D1012101AA6F
:10F200008DF80440DFF796FF041EE3DB01230221A3
:10F21000284601AA8DF80430DFF78CFF041ED9DBE5
:10F2200008230721284601AAADF80430DFF782FF42
:10F23000041ECFDB4FF0FB13019340F203230321A5
:10F24000284601AAADF80830DFF774FF041EC1DBC1
:10F2500001230421002001AA8DF80430DFF76AFFA2
:10F26000041EB7DB1F230621002001AAADF80430DD
:10F27000DFF760FF041EADDB40F6B42294420FDDE1
:10F280002346452108480AF0C0FB002383F3118878
:10F29000BFF36F8F0423184602DF6FF00B0499E76A
:10F2A000002497E765F00200995E040008B508495C
:10F2B00008480EF081FC002808DA074907482F2289
:10F2C00009F018FF2F21044809F00BFF08BD00BF0B
:10F2D0001C5B0020C8510020C05E040044200400D4
:10F2E000094B93F8FB31042B02D1810709D47047F5
:10F2F000022B02D1020704D47047082B03D18306E6
:10F3000001D5FFF7D3BF70475F64002070B5424C52
:10F3100094F8FB31C3B194F8FB21042A3DD1207845
:10F320003E2823D0FF2827D000250022002329468D
:10F33000F5F70CFC064620BBBDB1002384F8FB3179
:10F34000BDE87040FFF7B2BF4FF0FF304FF0FF3124
:10F35000FFF770FE48B9204604F2FB1100F0C0FB35
:10F360000546FFF76FFE002DD5D070BDA578022DA4
:10F3700014BF00250125D8E7A57805F0FD05802DEF
:10F38000F6E76278244902320C300AF099FE3146E1
:10F39000224B1B6822489847CFE7022A21D100223E
:10F3A00000230820F5F79EFB05460028DDD0628883
:10F3B0000432B2F5FE7F20D340F2FB1345211948F9
:10F3C0000AF023FB6FF00B02452117480AF01DFBE2
:10F3D000002383F31188BFF36F8F0423184602DFE5
:10F3E000ABE7082A12D1002200232020F5F77AFB90
:10F3F000628805460028DBD1B7E7074905F10C0014
:10F400000AF05EFE054B29461B68C3E74521074805
:10F410000AF0FBFA91E700BF5F640020185B002050
:10F420001CFE0300E95E04004C5F04000E5F040054
:10F43000F7B5804D06462B78002B40F04983042316
:10F440008DF807307C4B04881F68B7B10DF10603B7
:10F450000DF10702691CB84701280ED09DF806304F
:10F46000002B40F07B819DF807300E22AB7001230A
:10F470006A70EB70AC80A87179E1B4F5105F4FEA67
:10F4800094230AD2002B4ED0013B072B08D8DFE88B
:10F4900003F00907367A070707C13F2B00F02182E6
:10F4A000012055E0304640F2064230F9033B9342DA
:10F4B0000FD040F21D4293421ED0012040F206437D
:10F4C0009C4200F04B8140F21D439C4200F046817B
:10F4D0003EE0EBF73DFE42F264039C4240F2CD82F7
:10F4E00042F285039C4233D842F267039C4200F209
:10F4F000D68242F26603E8E7EBF72CFEEBE73046F4
:10F5000040F6634230F9033B934230D00DDC40F6C5
:10F51000034293421FD040F62D4293421ED040F644
:10F520000142934212D0012018E140F67B429342FF
:10F5300020D040F67C429342F5D19DF807303F49F8
:10F5400002338DF80730EBF7E6FC01E0EBF7D5FC72
:10F550000128E8D087E7E0F757F8F9E79DF807308A
:10F56000364903338DF80730EBF7CCFCF0E7EBF7C7
:10F57000CBFCEDE79DF80730304904338DF80730B8
:10F58000EBF7C7FCE4E73388A3F58053013B082B76
:10F59000C9D801A252F823F0BDF50200CFF5020050
:10F5A000E3F5020027F5020027F5020027F5020027
:10F5B00027F5020027F5020003F602009DF8073048
:10F5C0001E4808338DF80730EBF771FDC0E79DF852
:10F5D00007301A4840338DF807300DF097FA0020B5
:10F5E00041E700229DF8073008338DF80730134BB0
:10F5F0001A605A60EB7A23F0600343F06003EB7209
:10F60000EDE79DF807300D4806338DF80730EBF72E
:10F6100050FD9DE7304642F24E0130F8033B1AB2EE
:10F620008A4242F264016BDCB2F5005F08DC8C4276
:10F630005EE000BF5B6600202C5B0020626600205D
:10F64000A3F50053013B4D2B4FD8DFE813F06000CA
:10F65000680071004E00950098009B00A400A70070
:10F66000AA004E004E004E004E00AD00B600B9009C
:10F67000BC004E004E00BF00C800CB00D4004E00BE
:10F68000DD00E600EF004E004E004E004E004E0042
:10F69000F90002010B014E004E000E011101140190
:10F6A00017014E004E002001230126012F013801D1
:10F6B0003B014E004E004E004E004E004E004E00EC
:10F6C0004E004E004E004E004E004E004E004E00CA
:10F6D0004E004E004E004E004E004E004E004E00BA
:10F6E0004E003E014E004E00470142F264039C4230
:10F6F0003FF419AF40F2D18142F285030120F1E6D7
:10F7000042F27C039A4292D1EBF720FD01E0EBF745
:10F71000D2FC42F264039C427FF4DDAE1EE09DF811
:10F720000730CE4803338DF80730EBF7C9FCF0E71C
:10F730009DF80730C94808338DF807300DF021FADD
:10F7400042F264039C4208D040F2968142F2850363
:10F750009C4240F2BB810020FAE600200F236B7030
:10F760000423AB700123E8702B71A5F80540012339
:10F7700000202B7003B0F0BDEBF7A4FCC9E7EBF75A
:10F78000A3FCC6E79DF80730B44801338DF8073075
:10F79000EBF79CFCBDE7EBF79BFCBAE7EBF79AFCB9
:10F7A000B7E7EBF799FCB4E79DF80730AB480133B6
:10F7B0008DF80730EBF792FCABE7EBF791FCA8E78D
:10F7C000EBF790FCA5E7EBF78FFCA2E79DF807307D
:10F7D000A24907338DF80730EBF788FC99E7EBF780
:10F7E00087FC96E79DF807309C4910338DF8073069
:10F7F000EBF780FC8DE79DF80730984808338DF8CB
:10F800000730EBF779FC84E79DF807309349023322
:10F810008DF80730EBF772FC7BE79DF807308F49D6
:10F8200002338DF80730EBF76DFC72E79DF8073077
:10F8300008338DF807308F23EB71C023EB727FE71D
:10F840009DF80730854902338DF80730EBF75EFCF1
:10F850005FE79DF80730814804338DF80730EBF7F8
:10F8600057FC56E7EBF756FC53E7EBF755FC50E730
:10F87000EBF754FC4DE7EBF753FC4AE79DF80730F4
:10F88000764801338DF80730EBF74CFC41E7EBF796
:10F890004BFC3EE7EBF74AFC3BE79DF807306F482F
:10F8A00008338DF80730EBF743FC32E79DF807305B
:10F8B0006A4904338DF80730EBF73CFC29E7EBF796
:10F8C0003BFC26E7EBF73AFC23E79DF8073063485B
:10F8D00002338DF80730EBF733FC1AE7EBF732FC15
:10F8E00017E730464FF6165230F8033B93425BD889
:10F8F0004FF60152934206D803F2FF3292B20A2A1F
:10F9000034D901205FE0A3F57D43023B142BF8D8E6
:10F9100001A252F823F000BF39FA02003FFA0200B8
:10F9200045FA02004BFA020003F9020003F9020053
:10F9300003F9020051FA020003F9020003F9020080
:10F9400057FA020003F9020003F9020003F902006A
:10F9500003F9020003F9020003F9020003F90200AF
:10F9600061FA020003F9020073FA0200A3F57C4376
:10F97000013B0A2BC5D801A252F823F0B7F90200C7
:10F98000D3F9020003F9020003F9020003F90200AF
:10F9900021FA020003F9020003F90200FDF9020056
:10F9A0000FFA020027FA02004FF61D529342A8D127
:10F9B000EBF77BFB07E09DF8073028480C338DF808
:10F9C0000730EBF7AAFA4FF6025224F008039342ED
:10F9D0007CE500209DF8073040338DF807301F4B41
:10F9E0001880EB7923F0230343F02303EB712B7A88
:10F9F00023F0070343F007032B72E4E79DF8073079
:10FA0000164817338DF80730EBF7A5FADBE79DF8BA
:10FA10000730124820338DF80730EBF7C0FAD2E7F1
:10FA2000EBF797FACFE79DF807300C4801338DF8D4
:10FA30000730EBF7D1FAC6E7EBF7E4FAC3E7EBF7E9
:10FA400013FBC0E7EBF712FBBDE7EBF715FBBAE7DB
:10FA5000EBF714FBB7E7EBF715FBB4E762660020A2
:10FA60009DF807301C4904338DF80730EBF70CFB89
:10FA7000A9E7EBF718FBA6E7002042F219039C4226
:10FA800018D842F20C039C427FF618ADA4F500533F
:10FA90000D3B41F241229BB206E00120EDE7A4F5C7
:10FAA0000153283B0D4A9BB222FA03F3DB077FF593
:10FAB0004FAD53E642F232039C423FF44FAEA4F501
:10FAC0000153033B012B3FF643AD47E600200BE516
:10FAD0004FF0FF304EE600BF626600202F804020CE
:10FAE00038B5094C0D4623781BB9BDE83840EBF713
:10FAF000F4B9A278611C023210F020F8002004232F
:10FB000020702B7038BD00BF5B66002070B50646C4
:10FB10000C460D4D28460DF05FFF88B1A2B2AB68D0
:10FB20001B6843B909490A485B2209F0E3FA5B21E3
:10FB3000064809F0D6FA31462846BDE87040184715
:10FB40006FF0120070BD00BFF4FD03002C5E0400D6
:10FB5000442004004FF40071014805F0A1BB00BF30
:10FB6000A3660020024608B506480B46452109F069
:10FB70004CFF002383F31188BFF36F8F03231846D4
:10FB800002DF08BDA95F04004FF4FA7313B5ADF8A6
:10FB9000043000238DF806304FF48053ADF8003068
:10FBA00002231C216846114A8DF80230EAF74EFB09
:10FBB0000446C0B940F25630E8F7C6FF01210C48B0
:10FBC000EFF7D0FA044670B9014601228520F2F71A
:10FBD0008BFB01222146E520F2F786FB012221461C
:10FBE0008A20F2F781FB204602B010BD65FB0200BF
:10FBF000345B002008B54FF0FF304FF0FF31FFF7C6
:10FC000019FA40B107490848BC2209F073FABC212F
:10FC1000044809F066FAEFF725FCBDE80840FFF755
:10FC200011BA00BFC25F040044200400024608B5B8
:10FC300008480B46084903F077FC002808DA074912
:10FC40000748472209F056FA4721044809F049FAC3
:10FC500008BD00BFC851002010270020C05E04006E
:10FC60004420040008B5084908480DF0A5FF002805
:10FC700008DA074907482F2209F03CFA2F210448E7
:10FC800009F02FFA08BD00BF645B0020C8510020B6
:10FC9000C05E04004420040008B5064BD3E8AF3F23
:10FCA0003BB1E8F7D5FEBDE8084000210248FFF768
:10FCB000BDBF08BD305B002048E8010037B5002417
:10FCC000124D6FF009034FF48062284610490094EA
:10FCD00003F09EFB0F4928460DF084FF0E490F48A4
:10FCE00003F0C6F9224604211C20F2F7FDFA012296
:10FCF0000B4BD3E8EF1FC3E8E02F0028F9D1002118
:10FD00000848FFF793FF204603B030BDC8510020DC
:10FD100030820020EF5F0400F5FB0200645B0020EE
:10FD2000305B002048E801000122014B1A63704754
:10FD300000E010500122014B5A63704700E0105060
:10FD4000014B04201B681847745B002010B530B1CC
:10FD500001280AD1BDE810400848E8F713BE084B57
:10FD60000220BDE810401B681847064906482022BB
:10FD700009F0C0F92021034809F0B3F941FD020060
:10FD8000745B0020036004004420040008B570B1D7
:10FD9000012803D1BDE80840E8F70ABE0449054838
:10FDA0002E2209F0A7F92E21014809F09AF908BD81
:10FDB0000360040044200400014B186001487047B0
:10FDC000745B00200000AD0B10B5294C237E8342EC
:10FDD00008D028495F22284809F08CF95F2125487E
:10FDE00009F07FF904F14003D3E8AF3F2BBB0929A9
:10FDF00037D8DFE801F0053636363624241F3622A0
:10FE0000236AD3E900209047012808D01B4B984271
:10FE100003D00223E06384F8343019480EE047F23F
:10FE200030532363032384F83430164B84F82900BD
:10FE3000A363F2E70E4802F039FE002010BD002354
:10FE400084F82930104B0F49207E2363EFF7CBF95C
:10FE50000028F2D007495722074809F04BF95721EB
:10FE6000BDE704499222044809F044F99221B6E71B
:10FE7000785B002040600400442004001F64660298
:10FE8000AC5B00209C5B0020FF3F420F0122002161
:10FE900001480DF02CBE00BF785B0020014BD861FB
:10FEA000704700BF785B002070B54FF0FF31064609
:10FEB0004FF0FF30FFF7BEF8054640B14249BE2281
:10FEC000424809F017F9BE213F4809F00AF94049B4
:10FED0004048E8F783FE0446FFF7B4F8002C07DA41
:10FEE0003D482246452109F090FD6FF00B0070BDA2
:10FEF00040F20113394C2385E36926626433E362DF
:10FF000047F2305323636FF0730384F82450E363A4
:10FF100004F14006D6E8EF3FC6E8E25F002AF9D1D7
:10FF2000A368354633B12849D422284809F0E2F8BD
:10FF3000D421C9E74FF0FF304FF0FF31FFF77AF8D7
:10FF400030B12149D722214809F0D4F8D721BBE7A5
:10FF5000207E04F12401EFF746F930B11A49D92285
:10FF60001A4809F0C7F8D921AEE7FFF76BF800236C
:10FF700020461B4A02F0F2FD00280ADA4521194802
:10FF800009F043FD0123D5E8EF2FC5E8E13F002943
:10FF9000F9D14FF0FF304FF0FF31FFF74BF830B1A0
:10FFA0000949E422094809F0A5F8E4218CE7207EFC
:10FFB000EFF7FBF8FFF746F8D6E8AF3F13B1074875
:10FFC00002F02CFEE06B92E7406004004420040045
:10FFD000905B0020C9FD02007A600400785B00207D
:10FFE0000E720B00A5600400F0B585B06E46816806
:10FFF0000546103921F00F0409F073FD32460A4B13
:020000023000CC
:1000000003F1100C374618685968083303C7634575
:100010003E46F7D110232146284609F019FD003845
:1000200018BF012005B0F0BDD41C040030B50D464A
:10003000816887B0102302AA1039044609F0F3FC46
:10004000002802DA012007B030BD1022204602A9A4
:100050000CF011FE00283AD110221E4902A80FF020
:100060009CFD00280CBF012302232B7020460CF0BE
:10007000EEFD012301460DF10702204609F0D3FCF5
:100080000028DFDB9DF80730204603F00F021B0934
:100090006A702B7101220DF107010CF0ECFD10B913
:1000A0006B78042B03D901236B7000232B71A2689A
:1000B0002046203A22F00F02103AA91C0CF0EEFD67
:1000C0000028BFD12046E91C0CF042FEBBE7032309
:1000D000CBE700BFD41C0400F0B5354F85B0460017
:1000E0000546694657F826000CF038FE044610B164
:1000F000FF2005B0F0BD013657F8260002A90CF02C
:100100002DFE012837D12A4649212A4809F07DFCD5
:10011000294B8DF80C40029300229DF800609DF859
:100120000870264C314620780CF097FD50B33946C4
:1001300060780CF092FD28B3A378042B03D09DF8CF
:10014000031099421ED1E378042B03D09DF80B10C5
:10015000994217D12379042B10D16279022A1DD13B
:10016000174B18482A46492109F04FFC6079831E35
:10017000022BBED9BCE70028CED0B9E79DF802100B
:100180009942EAD00132032A04F10604CAD10E488A
:100190002A46492109F039FC0120AAE7032A05D0A3
:1001A0000A4B0B49042A08BF0B46DAE7094BD8E78C
:1001B000A8190400E5600400030103037A61040048
:1001C000C76004003061040054610400CC60040086
:1001D000DE600400C2600400064BD3F840231C2AF2
:1001E00005D1D3F84403431E5842584170470020BC
:1001F000704700BF00C0FF0003689A070CD5036872
:10020000DB070DD50922074BC3F80C250F22C3F8D5
:10021000042501221A60FEE7034B0360EF3B0360F5
:10022000704700BF00801050F000FA50012208B55E
:10023000334B3448C3F80028FFF7DEFF0830FFF7E0
:10024000DBFF0830FFF7D8FF0830FFF7D5FF00F5D8
:10025000F470FFF7D1FF2C4AD2F88C3043F440639E
:10026000C2F88C300022D30003F57F0303F540432E
:10027000D3F8001401310AD0D3F8001439B1D3F8FF
:1002800000140132D3F80434402A0B60EBD11C4B2C
:10029000D3F840247AB3FFF79FFF48B11B4BD3F844
:1002A00034231B4B9A429EBF154B1A4AC3F8402673
:1002B000FFF792FF18B1184B184AC3F8AC27FFF7A5
:1002C0008BFF48B134220E4BC3F82426D3F83C26CA
:1002D00022F40022C3F83C260323114A0A49C2F83B
:1002E0001835D1F88C3043F44063C1F88C300023CA
:1002F000C2F8A03508BDC822C3F84024CBE700BF30
:100300000000125000C50D5000ED00E000C0FF00DD
:10031000001D0A1840E0A91E00A0085078000A0439
:1003200000B0045030B50468ACB1B4FA84F30122D3
:10033000C3F11F03DBB29A4024EA0202D0E8EF5F68
:10034000A54204D1C0E8EC2FBCF1000FF6D1EAD1F0
:1003500002480B7030BD0248FCE700BF0000AD0B47
:100360000200AD0B10B50368CB40DB0710D40123AE
:100370008B40026843EA0201D0E8EF4F944204D177
:10038000C0E8EC1FBCF1000FF6D1F2D1014810BD5E
:100390000148FCE70000AD0B0400AD0B5F2898BFDF
:1003A000074B4FEA50129FBF53F8223000F01F0056
:1003B00023FA00F000F0010088BF0020704700BF62
:1003C000BC190400034A4309D35C00F01F00184421
:1003D000C0B270470C62040070B505460846FFF7CE
:1003E000F1FF36212A791D4B01FB0202083233F856
:1003F0001200C10526D56C240026C0F3432120F449
:10040000F85023F812002A7904FB02340E3434F831
:10041000020F10F4807F03D0C0F34320814211D03B
:100420000136232EF3D16C200024424302EBC1029B
:100430009C502A7900FB02306030FFF793FF084B95
:10044000984200D170BD074907484FF4DC7208F0AC
:1004500051FE4FF4DC71034808F043FEE829002008
:100460000000AD0BCE6104004420040010B501680B
:1004700004460846FFF792FF50B90F494FF46C72DB
:100480000E4808F037FE4FF46C710B4808F029FE57
:1004900001F01F035F2923604FEA511208D9064972
:1004A00040F2B932054808F025FE40F2B931ECE7D8
:1004B000034B53F8220010BDE6580400442004000A
:1004C000B0190400072808B50AD90749074840F2BF
:1004D000AA3208F00FFE40F2AA31034808F001FEEC
:1004E000800000F5807008BD99610400442004007C
:1004F000F0B50646002487B0114F019117F8012B83
:1005000006AB03EBD20313F8143C02F00702D3400E
:1005100013F0010306D10134032CEFD10023184658
:1005200007B0F0BD074A03AD07CA85E8070055F8D4
:1005300024100A6A46F824200A62002AEBD0EEE76B
:100540001C620400600A040010B504460846FFF768
:1005500039FF362303FB0400024B083033F8100048
:10056000400B10BDE829002010B504460846FFF7EF
:1005700029FF362303FB0400034B083033F8100037
:10058000C0F3400010BD00BFE829002010B50446AC
:100590000846FFF717FF362303FB0400044B08301F
:1005A00033F8100010F01C0018BF012010BD00BF70
:1005B000E829002010B504460846FFF703FF36235C
:1005C00003FB0400034B083033F81000C0F3401065
:1005D00010BD00BFE829002010B504460846FFF70B
:1005E000DDFE50B9194940F2E512194808F082FDC4
:1005F00040F2E511154808F074FD24792046FFF714
:10060000B3FF40B111494FF4F372114808F072FD85
:100610004FF4F371EEE72046FFF7B8FF40B90B49FE
:1006200040F2E7120A4808F065FD40F2E711E1E701
:100630002046FFF7BFFF30B12046FFF785FFBDE83A
:100640001040FFF73FBF4FF4A27010BDCE61040011
:100650004420040010B504460846FFF7B3FE3623D5
:1006600003FB0400034B083033F8100000F00100D6
:1006700010BD00BFE82900202DE9F04F0D46D0F84D
:10068000141387B0C9B241F40031AA6D00900CF088
:1006900057FC810306462ED50023696E03A8CDE9D9
:1006A00003330593FFF724FFDFF868A1DFF868B193
:1006B0000DF10C091AF8013B05EBD30292F8642006
:1006C00003F0070322FA03F3DA076AD4534B09F164
:1006D000040953450BF1010BECD14FF40031AA6D25
:1006E00000980CF02DFC696E03A8FFF701FF0028AD
:1006F000DAD126F400360124002E73D107B0BDE80C
:10070000F08F91FAA1F1B1FA81F19BF8004041EA32
:1007100044142046FFF756FE083035F81080C8080C
:100720004FEA98030193012319F8002001F0070113
:1007300003FA01F122EA010209F8002002A802945A
:10074000FFF794FE029A019B203250F82220C8F352
:1007500082075B07B846C2F3014227D521462846E7
:10076000D7B242460CF065FB02A80294FFF77EFE6A
:10077000029B203350F82330C3F301439F4207D13B
:10078000002120460CF0C1FB394620460CF0BDFB91
:1007900002A80294FFF76AFE0122029B02FA03F309
:1007A0000362D9F800100029ABD18FE7022A0DD1DE
:1007B000032120460CF0A9FB07F00503012BE7D12C
:1007C0004246214628460CF034FBE1E70221204650
:1007D00001920CF09AFB032FF2D0019A032AD7D191
:1007E000022FECE796FAA6F3B3FA83F304FA03F2C6
:1007F00026EA0206009A284602EB8303D3F8101576
:10080000D3F81025C1F30811C2F301420CF011FB1B
:1008100072E700BF1C6204001C6204001F62040037
:10082000F7B5044600790D46FFF714FF002836D0CF
:1008300020460CF0B1FB277929463846FFF7BAFE6F
:1008400058B13846FFF780FE0022266800B206EB5A
:100850008003C3F81025C3F8102529462046FFF76A
:10086000BBFD2846FFF7AEFD36222379019502FB3A
:10087000030000220B4B083023F8102001A8FFF7DB
:10088000F5FD019B00EB8300D0F88020064B134060
:1008900043F00203C0F88030044803B0F0BD0448C0
:1008A000FBE700BFE8290020F0F0FCFF0000AD0BE3
:1008B0000400AD0B2DE9FF47174604460846FFF735
:1008C00081FD3E68884605463EB320460CF02CFB71
:1008D00098BB3346CDE900008DF80E008DF80F006F
:1008E0000DF10F0240460DF10E010CF0C1FA362059
:1008F0002379654A00FB0353083332F8131021F0C3
:10090000020122F81310237900FB0353083332F855
:10091000131041F0010122F813107B68002B45D021
:1009200026794146304693F80090D3F804A0FFF7AB
:100930001BFE20B1BAF1000F22D0544839E04FF02D
:10094000360C0CFB06565049083631F8163023F4A5
:10095000604323F0200321F81630BAF1000F0FD0C6
:10096000B9F1030FE9D87B6826685B68187806EB55
:100970008006B9F1000F1FD1C6F81095C6F8109582
:1009800036202379404A00FB0353083332F8131012
:1009900021F01C0122F81310237900FB03530833C4
:1009A00032F8131041EA890122F81310BB6863BBC7
:1009B000374804B0BDE8F087D6F8102522F00302CE
:1009C000C6F81025226802EB8003D3F8102522F424
:1009D000473222F47C72C3F8102541F6F072D3F846
:1009E000106502EA081242EA09423243C3F81025B0
:1009F00023790CFB0353083331F8132042EA4032C9
:100A000042F0200221F81320BAE74146D3E90097CB
:100A10002046FFF7E1FCB9F1000FC9D06C23207923
:100A2000194E4343F218F358994504D153689F4235
:100A300001D100210CE06C2303FB00600DF10F01DC
:100A40006030FFF76FFC124B9842B2D19DF80F1047
:100A50006C222379534303EBC10346F803902379B7
:100A60005343362203EBC10333445F60237902FB17
:100A70000353083336F8132042EA412242F48072CD
:100A800026F8132094E700BFE82900200400AD0BEE
:100A90000000AD0B2DE9F043054685B008469046B1
:100AA0001F46FFF78FFC0E460446B8F1000F2DD00D
:100AB00095F804904846FFF757FD18B94846FFF7E8
:100AC00079FD50BB31464846FFF760FD18B198F8F4
:100AD0000130012B21D001238DF80F30002308F1C4
:100AE0000102CDE900830DF10F0108F10203304648
:100AF0000CF0BEF936222B792F4902FB0343083351
:100B000031F8132042F0030221F81320002F50D0B7
:100B100031462879FFF728FD18B9284805B0BDE807
:100B2000F08300214FF0360E38782B68820003EBFB
:100B30008003C3F81015C3F810152B791E490EFB5E
:100B40000343083331F813C02CF4604C2CF0200C14
:100B500021F813C097F801C0BCF1000F29D02B6811
:100B6000BF781A44D2F81085154B4FEA0C4C08EAAE
:100B70000303C2F8103541F6F0730CF4403C03EA6D
:100B800006133F05D2F8108543EA0C0307F48017DB
:100B90003B4343EA0803C2F810352B790EFB0344AC
:100BA000083431F8143043EA403343F0200321F88D
:100BB00014300448B2E700BFE82900200400AD0B60
:100BC0000FE0ECFF0000AD0B30B56C250479044B51
:100BD00005FB0434A160017905FB0133DA6030BD07
:100BE000E829002070B5144652B91049104840F267
:100BF0000D3208F07FFA40F20D310C4808F071FA1E
:100C000006793046FFF7D6FC68B10846FFF7DAFBF5
:100C1000362303FB0600074B083033F81030064834
:100C20005B0B237070BD0548FCE700BFCE6104007C
:100C300044200400E82900200000AD0B0400AD0BA7
:100C40002DE9F843054607796C201A4E00FB07682A
:100C500098F8684064BB4046A146462221461030C1
:100C60000EF093FF2D68D8F85880A04513D10023CB
:100C7000C5F30830C5F844310130D5F84431F1F7F7
:100C800011FB6C2303FB076601230B4886F86830D1
:100C90003366BDE8F883E0B2FFF714FCA0F580737B
:100CA0009B08112B04BF45F800902B580134DCE75A
:100CB0000248EEE7E82900200000AD0B0C00AD0B68
:100CC0006C210279044B01FB023393F86800003871
:100CD00018BF0120704700BFE82900206C235C2268
:100CE000007913FB002302481844FFF73BBB00BF09
:100CF000E82900206C235C22007913FB00230248C2
:100D00001844FFF70FBB00BFE82900202DE9F3418D
:100D1000044600790D461746FFF738FC50B93449B0
:100D200040F2FA32334808F0E5F940F2FA3130483F
:100D300008F0D7F92368D3F8142392035CBF4FF46B
:100D40000032C3F8142326793046FFF733FC08B38A
:100D50003046FFF709FC8046E0B93046FFF7F4FB68
:100D60000546FFF7AFFB26682AB246F800803358E5
:100D7000236803EB8203D3F8102542F00102C3F885
:100D8000102527B101232268AB40C2F8143302B00A
:100D9000BDE8F08147B9164940F20E42154808F007
:100DA000A9F940F20E41C2E72846FFF70BFB3623B4
:100DB00003FB0600104B083033F81030C3F38203F6
:100DC000042B11D0052B11D001A80195FFF74EFB84
:100DD000019BC168D94001F001010231284602B0EF
:100DE000BDE8F0410CF091B80321F7E70221F5E7E7
:100DF000CE61040044200400E82900200149024893
:100E0000FFF73ABCE829002000A00D500149024834
:100E1000FFF732BC542A002000C0105008B5144B14
:100E2000027AD3F8101521F001010A43C3F8102506
:100E30000268B2F5803F0AD30E4940F2ED620E48D7
:100E400008F058F940F2ED610A4808F04AF9C3F891
:100E5000A4264268FF2A08D906494FF4DF620648F3
:100E600008F048F94FF4DF61EEE7C3F8AC2608BD9F
:100E700000200E501F620400442004000B2808B517
:100E80000AD90A490A4840F28C6208F033F940F264
:100E90008C61064808F025F90023000100F1A0400C
:100EA00000F56220C0F82C3508BD00BF1F620400A9
:100EB0004420040070B5054640B917491748D622AA
:100EC00008F018F9D621144808F00BF9002467221D
:100ED0000126007A92FAA2F3B3FA83F3834204F173
:100EE000010112D1FFF7CAFF0C210D4BE4B201FB47
:100EF000043401212A68E2606A6822612A7A9140FA
:100F000022759A680A439A6070BD06FA03F30C468C
:100F100022EA0302DEE700BF52620400442004001C
:100F2000C02A0020012303FA00F010F0670F0AD056
:100F3000064B5B68DB4303F067030342044B054841
:100F400018BF184670470448704700BFC02A0020E9
:100F50000000AD0B0400AD0B0800AD0B2DE9F0480F
:100F6000204B1B78012B0AD01F4940F21F121F484B
:100F700008F0C0F840F21F111B4808F0B2F840B961
:100F800019494FF49072194808F0B4F84FF4907171
:100F9000F2E700230022C0E90023154BD3F81035F7
:100FA0009B071CD5EFF31181402383F31288BFF315
:100FB0006F8F4FF0FF356FF040440E4ED6E900BC06
:100FC0005D4574EB0C07F9D3CCF31303C0E900B310
:100FD00081F31188BFF36F8F0748BDE8F088074899
:100FE000FBE700BFC02A0020526204004420040036
:100FF00000200E5040270E500000AD0B0100AD0B3D
:10100000F0B54E4D85B02C78002C40F093804C4AC2
:1010100001AB07CA83E807004A491846D1F81025F2
:1010200022F00202C1F81025FFF7F8FE072367221D
:1010300002F001012144013BCCB24FEA5202F7D148
:10104000052C79D11A4601273C48002467265FFA0F
:1010500082FC96FAA6F15FFA84FEE645B1FA81F1C8
:1010600062D30132052A017500F10C00EDD1012097
:10107000002435499A0800FA02F212F0670F1CBFEB
:101080005C505A580433302BF4D1E420F1F70AF9BC
:101090002C4B0124D3F810255D2022F00202C3F866
:1010A000102540F6FF72C3F828230022C3F88021E0
:1010B000C3F88020C3F88421C3F88420C3F88821B2
:1010C000C3F88820C3F88C21C3F88C20C3F8902182
:1010D000C3F89020C3F89421C3F89420C3F8982152
:1010E000C3F89820C3F89C21C3F89C20C3F8A02122
:1010F000C3F8A020C3F8A421C3F8A420C3F8A821F2
:10110000C3F8A820C3F8AC21C3F8AC201C660F4B71
:101110000F4A1B68B3FBF2F358430E4B2343984727
:101120000D482C7005B0F0BD07FA01F126EA010662
:1011300001348EE70948F5E70948F3E7C02A0020A3
:101140006C0A040000200E5000210E50E4290020FB
:1011500040420F00601104000000AD0B0C00AD0B0D
:101160000100AD0BF7B53B4C064623780D46012B2D
:101170000AD0394940F21922384807F0BBFF40F243
:101180001921354807F0ADFF41B9334940F21A2221
:10119000324807F0AFFF40F21A21F2E7277D47B14E
:1011A0002D4940F21B222D4807F0A4FF40F21B21DD
:1011B000E7E7636804F1140103F0010301A8019358
:1011C000FFF7B0F8264B98423CD12F70636823F0AC
:1011D00001036360A36843F00103A360214BD3F8CC
:1011E0001025950732D4D3F8102542F00202C3F837
:1011F0001025C6B1D3F8482712F0010202BFD3F878
:10120000481741F00101C3F84817164BD3F84017AF
:10121000D3F844174C00F9D42AB9D3F8482722F060
:101220000102C3F84827104B104A1B68B3FBF2F3C6
:101230000C4A03EB43135BB1D2F84017D2F84417C2
:10124000490001D403B0F0BD013BF4E70848F9E7D9
:101250000848F7E7C02A0020526204004420040036
:101260000000AD0B00200E50E429002040420F008A
:101270000C00AD0B0700AD0B2DE9F0411E46334BC2
:1012800004461B7817469DF8188053B9304940F240
:10129000E322304807F02EFF40F2E3212C4807F00C
:1012A00020FF40B92A494FF439722A4807F022FF3B
:1012B0004FF43971F2E7007AFFF734FE264B05460A
:1012C00098423FD12046FFF7F5FDEFF31180402310
:1012D00083F31288BFF36F8F227A204B920013445E
:1012E00000221A60217A1B680B2909D91C4940F297
:1012F0006642184807F0FEFE40F266411848CEE705
:10130000B6F5801F08D3164940F26C42114807F029
:10131000F1FE40F26C41F1E7090101F1A04101F554
:101320006221C1F82075C1F8246580F31188BFF3EC
:101330006F8FB8F1000F05D00123227A9340094A3C
:10134000C2F824332846BDE8F08100BFC02A00203F
:1013500052620400442004000000AD0B00210E5036
:101360001F62040000200E50F7B52C4A002053687D
:101370009268DB4303F0670313401C4601260746CF
:10138000CCB90127264B254DD3F820630640287D94
:1013900007FA00F3334239D0E968B9B30B2827D9EB
:1013A0002049214840F2764207F0A4FE40F27641FF
:1013B0001C4807F096FE94FAA4F5B5FA85F5AA0044
:1013C00002F58071920806FA02F213420BD001F185
:1013D000A04101F56221D1F800C0BCF1000F02D09C
:1013E0000F600968104306FA05F524EA0504C7E70B
:1013F0000201D5F810C002F1A04202F56222D2F833
:101400002435D2F82025CDF800C088470134052CBA
:1014100005F10C05BBD103B0F0BD00BFC02A002010
:1014200000200E501F62040044200400064C0748B0
:10143000214640F2852208B507F05CFE40F2852186
:10144000204607F04EFE00BF8E62040044200400D8
:10145000202908B501D9FFF7E9FF054B40EA012033
:10146000C3F80005D3F80024D207FBD508BD00BFA0
:1014700000B0045008B503685F2B4FEA531107D83A
:101480000B4A03F01F0352F82120DA40D2070AD496
:10149000084909484FF46C7207F02CFE4FF46C7148
:1014A000044807F01EFE0360044B53F8210008BDFA
:1014B000D4190400E658040044200400C8190400AC
:1014C00073B51446421C06460D4618D0012902D1B8
:1014D000BBB10BF0F8FD01A80196FFF7CBFF019B14
:1014E000094A00EB8300D0F88010A30043EA4503CB
:1014F0002B430A40134343F4A063C0F8803002B08A
:1015000070BD0BF0ECFDE6E7F0F0FCFF03460E4A81
:1015100010B50E480E4CA34218BF1046B0FBF1F2B6
:1015200001FB120082420DD912F001000AD17E2A7D
:1015300007D8A34214BF022304239A4234BF0020D9
:10154000012010BD0020FCE70024F4000020A107CA
:1015500000A004502DE9F74F91F8213006460C46C3
:1015600090F804A0002B00F0A6804FF0010891F83D
:10157000229032687D487E4D7E496369824208BF71
:101580000D46B5FBF3F57C4B7C4FD3F840331C2B59
:1015900014D1022D40F29380237E13F0FD0F40F012
:1015A0008E806B080133DBB2994538BF99462423FE
:1015B00003FB0A739A7F42F008029A77242202FB07
:1015C0000A7394F82300997F60F3000199773379C7
:1015D000217C02FB03739A7F61F341029A7794F8AE
:1015E00023B0BBF1000F23D1237E5A46012B94BFB9
:1015F0000023012301212068FFF762FF5B465A4662
:1016000001216068FFF75CFF5B465946A27EA06837
:10161000FFF756FF237C5A460121E06883F001035F
:10162000FFF74EFF01235A461946E069FFF748FFCE
:101630002423B8F1000F49D04FF0FF3203FB0A73A7
:101640001A62A07C217E627ED4F80CC094F81080CF
:1016500094F824E094F820A03368BEF1000F16D16E
:10166000D4E900BECDF804E0D4F808E0E469C3F89A
:1016700000B6DDF804B0C3F804B6C3F808E6C3F852
:101680000C46C3F810C6C3F8B885C3F8B095C3F8C4
:10169000C005364883420CBF04200220854227D271
:1016A000374940F2C742374807F024FD40F2C741AE
:1016B000334807F016FD98464FF0020959E72423F6
:1016C00003FB0A739A7F6FF3C30276E703FB0A7A80
:1016D000E2689AF81E30CAF82020227C4FF0FF3CC6
:1016E00062F341038AF81E30A07C217E627EAFE760
:1016F0007E2D08D922494FF49962224807F0FAFC5E
:101700004FF49961D4E7E80708D51D4940F2C94272
:101710001C4807F0EFFC40F2C941C9E7003A18BF86
:1017200001220229C3F82C5516D0032917D001290C
:1017300001D142F00202C3F854252422C3F8ACA51B
:1017400033795343FB586BB13068C0F3083003B0B2
:10175000BDE8F04FF0F7A6BD42F00402EBE742F01F
:101760000602E8E703B0BDE8F08F00BF00A0045018
:101770000024F4000020A10700C0FF00BC5B002093
:10178000C262040044200400431C07B50ED001903F
:1017900001A8FFF76FFE019B00EB8300D0F88020CB
:1017A000044B134043F00203C0F8803003B05DF8EF
:1017B00004FB00BFF0F0FCFF2DE9F84F0446914612
:1017C00098460D4651B91749174840F24B2207F089
:1017D00091FC40F24B21134807F083FC2423077946
:1017E000DFF848B05F430BEB070696F81CA0BAF190
:1017F000000F13D149690068FFF788FE80B12046C9
:1018000029464BF80790C6F80480FFF7A3FE012392
:10181000074886F81DA03377BDE8F88F0548FBE739
:101820000548F9E7F562040044200400BC5B002091
:101830000000AD0B0C00AD0B0400AD0B2DE9F8431F
:1018400024270679254D7743EB191B7F044653B9AE
:10185000234924484FF42B7207F04CFC4FF42B71B2
:101860001F4807F03EFC0068C0F30830F0F728FD81
:10187000EB5953B123681C4A06EBC601C3F8082391
:10188000206805EB81010BF008FC242707FB0657B5
:101890002368D3F80006D3F80486D3F80896BB7FF4
:1018A000DB0714D4FFF770FF4846FFF76DFF404693
:1018B000FFF76AFF386AFFF767FF2368D3F80C0663
:1018C000D3F81046FFF760FF2046FFF75DFF2423A3
:1018D00003FB065500232B77BDE8F883BC5B002093
:1018E000F5620400442004000700F81F2DE9FF47BB
:1018F00024230679964F824603FB06731B7F0D4611
:10190000904653B9934940F29132934807F0F2FB65
:1019100040F291318F4807F0E4FB0B6853B94B68F4
:1019200043B18C4940F292328B4807F0E3FB40F21E
:101930009231EFE7D5E902234AB953B1854940F224
:101940009332854807F0D6FB40F29331E2E71B0C57
:1019500001D1EB8843B17F494FF465727E4807F0AF
:10196000C9FB4FF46571D5E718F008090ED02423A0
:1019700003FB06731B6A013308D0764940F29732A5
:10198000754807F0B7FB40F29731C3E718F0030F33
:1019900040F0C28024237343FA18517F002940F09D
:1019A000BD80FB5823B118F0140F04BF01235377F7
:1019B000242495E80F0004FB067404F10C0C8CE859
:1019C0000F00206A421C04D0A37F9B0720D50BF098
:1019D0007AFBDAF80040D5F800A0BAF1000F04D085
:1019E0000AF06043B3F1005F09D1D5F808E0BEF119
:1019F000000F10D00EF06043B3F1005F0BD0242332
:101A0000002203FB067355485A7704B0BDE8F087FF
:101A10000BF065FBDDE7EC4695E80F008CE80F0066
:101A20000020039BC4F83CA7C4F84017C4F804E79F
:101A3000C4F80837C4F80801D4F808310723484926
:101A4000C4F80035D1F840331C2B41D12422724315
:101A5000BB189D7F2D073BD58225C4F8845CBA58FE
:101A6000002A5DD0C4F80001D4F800310123C4F885
:101A70000433B9F1000F46D10123236024237343BB
:101A8000FA18FB58002B3ED1354BD3F840331C2BB2
:101A900005D1937F1A0702D50023C4F8843C242380
:101AA00003FB0673186A431C07D0242303FB067349
:101AB0009B7F9D0724D50BF012FBB9F1000F1DD1C0
:101AC00006EBC606204607EB86010BF0E6FA15E0AA
:101AD000B9F1000FD2D124237343FB58002BCBD193
:101AE00001232360D4F80831002BFBD06246042187
:101AF00020460BF094FAC1E70BF0E5FA194884E7A9
:101B00000BF0E1FAD9E7042318F0040F14BFC4F86E
:101B10000833C4F80433F1E7134876E7134874E751
:101B2000B9F1000FDCD0D1F840231C2A06D19A7FEE
:101B30001007B1D4186A411CB7D1DFE7186A421CFC
:101B4000DCD09B7F9B07D7D50BF0C9FAD6E700BF47
:101B5000BC5B0020F5620400442004000A00AD0BC9
:101B600000C0FF000000AD0B0300AD0B0B00AD0B80
:101B700070B5264BD3F840331C2B15D1244B9B7FDB
:101B8000180711D5234BD3F80423D1070CD5D3F86C
:101B900000214AB10022C3F80021D3F80011C3F894
:101BA000842C0122C3F808231B4D04212A4619481E
:101BB0000BF035FA40B355F80C3CA5F10C0453B9C1
:101BC0001649174840F2F63207F094FA40F2F6311F
:101BD000124807F086FA206A421C04D0A37F9B07B4
:101BE0000FD50BF07CFA637F1BB1094909480BF054
:101BF00054FA002323720B48D4E90031BDE8704049
:101C000018470BF060FAEEE770BD00BF00C0FF00A0
:101C1000BC5B002000A00450C85B0020F5620400FB
:101C200044200400C45B002008B5144BA822002106
:101C300018460DF0AAFF0322114902614261114AC0
:101C40008161C2614FF400520262002282624262EC
:101C5000C26201660C490346416610218166026733
:101C6000C2664267BFF35F8F084911F8010D9854AF
:101C70000132102AF9D1BFF35F8F08BD5020002038
:101C80003163040050000020400000204A6304003B
:101C9000F8B5182700FB0775124B0E461D4407FBCD
:101CA0000033DB6A1446012B0AD0022B14D023B96F
:101CB00028460BF020FA844208D900242046F8BDBB
:101CC00028460BF018FA844228BF044622463146C3
:101CD00028460BF019FAF1E72846BDE8F8400BF06A
:101CE00030BA00BF50200020F8B50B4B04461B78DB
:101CF0000D46532B164601D0FFF796FFEFF31187E1
:101D00004FF0200181F31188324629462046FFF723
:101D1000BFFF87F31188F8BD5020002010B4BFF337
:101D20005F8F00230A4A0B49C85C12F8014D8442B8
:101D300009D10133102BF7D10023BFF35F8F23B1FB
:101D400010BCFFF771BF0123F7E710BC704700BF5D
:101D50004A6304005020002070B516461D465A1CE8
:101D6000036804461344C2689A4205D20821006AF7
:101D70000BF030FD002070BD32783DB1AB1E062B5C
:101D80008EBF00230B4AD35C1833DAB220460BF027
:101D900024FD0028EED03544B54203D1A3680133B9
:101DA000A360E8E723685A1C226015F8012D1A7019
:101DB000F2E700BF4B63040008B5084A084B9342A2
:101DC0000AD908490848182207F094F9182105484B
:101DD00007F087F91433F2E7FCD308BD6CFE03006B
:101DE00090FD03005263040044200400F7B504464C
:101DF0000D46EFF31187402383F31288BFF36F8FF3
:101E00001F4A0428966898BF1E4B127C94BF53F853
:101E100020301D4B0092452102461C4807F0F5FD7D
:101E20003DB1EB69C3F308031BB14521184807F026
:101E3000ECFD36B130460BF0D8FE034608B102780F
:101E400002B9144B32464521134807F0DEFD2946FE
:101E50002046FDF7FDF8042C08D1104910488722D0
:101E600007F048F987210D4807F03BF987F31188FF
:101E7000BFF36F8F304603B0BDE8F040F0F7B4B960
:101E8000E05B0020E0190400756304008363040034
:101E9000B0630400AF380400D6630400F3630400A9
:101EA0004420040038B5094B53F82040013053F862
:101EB0002050A54200D838BD636823B120460BF0FE
:101EC00096FD0834F5E723689847FAE7F41904000B
:101ED000012270B5344B032086B01A70FFF7E2FF81
:101EE000EFF7DCFD0BF09FFD0420FFF7DBFF2F4C2D
:101EF0002F4DAC42264624D92E4942222E4807F0C7
:101F0000F9F842212B4807F0ECF854F80C3C059303
:101F100054F8103C049354F8143C039354F8183CC0
:101F2000029354F81C3C019354F8203C009354E96C
:101F30000A2354E90C0101F025FD54F8303C5E659C
:101F4000D7E7AE4204F13004DFD302F0EFF8174CCC
:101F50001A4EAC421BD917496622174807F0CAF837
:101F60006621CFE7D4E90A23B3F1FF3F08BFB2F1FE
:101F7000FF3F05D052EA0301206803D102F0B2FA14
:101F80003034E6E73146183002F0ACFDF8E7E9D32B
:101F900002F01AF9EEF70AF8094A137B23F001035D
:101FA000137306B070BD00BFA3680020E4060400F0
:101FB000E40604005F640400442004004FDC0300D6
:101FC0000853002008B50348034A0021121A0BF0F9
:101FD00026FD08BDA02E0020A8680020902370B523
:101FE000134E012203FB0066002386B0CDE90423D3
:101FF0000F220193CDE9023214234FF4A0720D4D4C
:102000000D4903FB0055044602FB00110B4B304603
:10201000009501F0B7FC737B2C7423F004037373F9
:10202000074B013403EBC423EE606B6006B070BD58
:1020300078520020E05B0020308E0020392503001C
:1020400030860020BFB50020FFF72CFF2C4B03F596
:10205000006282F3088883F30A88E023294D002474
:1020600085F822302023EB772C766C76AC766B6A81
:10207000254E43F4E0236B6285F82340F0F732F8F5
:10208000F0F7B2F94FF0FF33AB62EB62F0F76EFBA3
:10209000F0F7D2F940F201121C4B1D4D9A81B3604A
:1020A000C3E91D44C3F88040FFF786FE0120FFF717
:1020B000F9FE0220FFF7F6FE02F0F6F8154B756107
:1020C00005930123144F15494FF46062CDE9034392
:1020D00028463B46CDE90144009401F053FC0646F6
:1020E0006A7B284622F004026A7301F031FE204622
:1020F000FFF774FF3A4631462846F0F755F900BF1E
:102100003086002000ED00E0E05B00204854002015
:102110000853002080640400D11E0300708F00204B
:1021200038B50B4C0B4DAC420FD90B490B4819225B
:1021300006F0E0FF1921084806F0D3FF2046D4E955
:1021400001120BF071FC1834EDE7F7D3002038BD15
:10215000E02B0020E02B00208864040044200400D1
:102160002DE9F04F064689B09046DDE9122306A816
:1021700099461746059106F114050BF0A8FDDDE917
:102180000634CDE90234EFF31184402383F312883F
:10219000BFF36F8F284602F02FFC38B92F498822F1
:1021A0002F4806F0A7FF88212C482AE0284602F095
:1021B00047FCEFF30583D3B94FF0400B06F10C0A4F
:1021C000424630460599EDF7EDFF0346D8B1284663
:1021D000029302F01FFC029B002836D11F4940F2F7
:1021E00031121F4806F086FF40F23111DCE757EA52
:1021F0000903E1D01B491A484B2206F07BFF4B2113
:10220000184806F06EFF57EA0907E0D0DDE902231F
:1022100006A80BF080FDDDE906232146CDE9002369
:10222000174628465246994601F046FEEFF31184C0
:102230008BF31288BFF36F8F284602F0DDFB002876
:10224000ACD0284602F0FCFBBAE784F31188BFF358
:102250006F8F184609B0BDE8F08F00BFBB200400A7
:102260004420040088640400F8B504460E4600F1DA
:102270001405EFF31187402383F31288BFF36F8FA8
:10228000284602F0B9FB40B916498822164806F0E4
:1022900031FF8821134806F024FF284602F0D0FBC6
:1022A00020463146EDF744FF04F10C000BF0DDFC55
:1022B00028B139462846BDE8F84001F0EBBE284673
:1022C00002F0A8FB40B9074940F23112064806F077
:1022D00011FF40F23111DDE787F31188BFF36F8FF3
:1022E000F8BD00BFBB20040044200400002038B526
:1022F0000A4C0B4DAC420FD90A490B48942206F008
:10230000F9FE9421074806F0ECFE20460BF094FB02
:10231000002802DB2034EDE7F7D338BD802B002006
:10232000E02B0020AA640400442004002DE9F743B8
:1023300005460E4691461C4600F10807EFF311884A
:10234000402383F31288BFF36F8F384602F054FBAB
:1023500038B92B4988222B4806F0CCFE8821284822
:1023600022E0384602F06CFB2B69FBB133601C683D
:10237000EB692C610133EB6114B96A6993421BD09C
:10238000EB68E41A09D4D5E905235A43A24204D9DB
:10239000B4FBF3F203FB124474B11B491948E92260
:1023A00006F0A8FEE921184806F09BFE59EA04024F
:1023B0000FD16FF00B043360384602F02BFBC8B925
:1023C0000F4940F231120F4806F094FE40F23111ED
:1023D000C5E7CDE900942A464146384601F06CFD38
:1023E000044618B9094B9B685B693360204603B00B
:1023F000BDE8F08388F31188BFF36F8FF6E700BF65
:10240000BB20040044200400AA640400E05B002018
:102410002DE9F843C3680546CB1A0E461ED4D0E911
:1024200005125143994219D9B3FBF2F102FB113362
:10243000A3B900F10808EFF31189402484F312884E
:10244000BFF36F8F404602F0D7FA90B93649882221
:10245000364806F04FFE8821334808E034493348B7
:1024600040F2111206F046FE40F21111304806F01B
:1024700038FE404602F0E4FA2F69002F3AD1EFF31C
:10248000118384F31288BFF36F8F83F31188BFF336
:102490006F8F3BB92749B022244806F02BFEB021AC
:1024A0002448E4E72C68A54224D01CB3A36833B9C0
:1024B000204999221D4806F01DFE9921F0E7D4E934
:1024C000003213605A60637BC4E9007723F0020393
:1024D0006373A76004F1180002F0AEFB2046C4F855
:1024E0008C70666101F034FC49464046BDE8F84313
:1024F00001F0D0BD2B6940463360EB692E61013B92
:10250000EB6102F087FA40B9074940F231120748FF
:1025100006F0F0FD40F231119EE789F31188BFF318
:102520006F8FBDE8F88300BFBB2004004420040087
:10253000AA640400CF64040008B50C4B9B6893F9AF
:102540000E30002B09DB4024EFF3118384F3128853
:10255000BFF36F8F07F051FDF6E7054905481B22D1
:1025600006F0C8FD1B21024806F0BBFDE05B002021
:10257000FA640400442004002DE9F34104461746A0
:102580001E46EFF3058545B1514952486F2206F0CA
:10259000B1FD6F214E4806F0A4FDEFF311884023F2
:1025A00083F31288BFF36F8F4B4802F025FA38B9D6
:1025B0004A498822474806F09DFD88214748EAE7B6
:1025C000454802F03DFAE368454A9BB1A06891682E
:1025D000884224D057EA060329D13F4802F01AFA6C
:1025E000A0B188F31188BFF36F8F6FF00F0002B0B6
:1025F000BDE8F081916891F90E100133E3609368B2
:1026000035482161A36002F005FA50B9334940F220
:102610003112304806F06EFD40F23111CEE72169EB
:10262000EBE788F31188BFF36F8F0020DFE791F9A4
:102630000E1090F90E306FF07E029942A8BF194635
:102640009142B8BF11468B4202DD0BF00FFA0546EE
:1026500022464146CDE900761F4801F02DFC0028B6
:10266000E3D0EFF31186402383F31288BFF36F8F1B
:10267000194802F0C1F900289AD0174802F0E0F991
:10268000A068C0B1236821699C420AD04BB193F97C
:102690000E309942A8BF19466FF07E039942B8BF29
:1026A00019460BF0E3F930B131460B4801F0F2FC6A
:1026B0006FF00A009BE7002DF6D1074802F0AAF957
:1026C0000028A3D086F31188BFF36F8FF0E700BF17
:1026D0001B65040044200400005C0020BB200400B3
:1026E000E05B0020F8B50546EFF3058343B14A49A6
:1026F000D7224A4806F0FEFCD721474806F0F1FCF5
:102700008368002B00F08180454A926893427FD114
:10271000C36833B94049EF22404806F0EBFCEF2193
:10272000EBE7012B03D0013BC3600020F8BDEFF3C2
:102730001187402484F31288BFF36F8F394802F069
:102740005BF938B938498822344806F0D3FC88212F
:102750003548D3E7334802F073F92969A8680BF0CC
:1027600085F9EFF3118384F31288BFF36F8F83F33E
:102770001188BFF36F8F3BB92C49B022274806F070
:10278000B9FCB0212948B9E72C68AC420FD100232D
:102790002448C5E9023302F03DF988BB224940F2E2
:1027A00031121E4806F0A6FC40F23111D0E7002C91
:1027B000EDD0A36833B91D499922184806F09AFC58
:1027C0009921DFE70026D4E9003213605A60637B69
:1027D000C4E9006623F002036373A66004F11800E5
:1027E00002F02AFAAC6094F90E3020462B61C4F84E
:1027F0008C6001F0ADFA39460A4801F04BFC94E7D1
:1028000087F31188BFF36F8F8FE76FF015008DE7A7
:102810004FF0FF308AE700BF1B650400442004002E
:10282000E05B0020005C0020BB200400CF640400BB
:1028300008B5836843B90B490B48992206F05AFC46
:102840009921084806F04DFCD0E9003213605A6027
:102850000023427BC0E9003322F00202427383600E
:1028600008BD00BFCF640400442004002DE9F047F8
:1028700004460D4691469A469DF8206000F10807EF
:10288000EFF31188402383F31288BFF36F8F38462C
:1028900002F0B2F838B946498822464806F02AFCC8
:1028A0008821434817E0384602F0CAF806B1656847
:1028B000EFF31183402282F31288BFF36F8F83F30B
:1028C0001188BFF36F8F43B93B493A48B02206F0F5
:1028D00011FCB021384806F004FC234653F80C6F75
:1028E0009E4215D0A6B13046FFF7A2FF06F11800B0
:1028F00002F0A2F900233046C6F88C30C6F81490D6
:1029000001F026FA3846414601F0C4FB00201AE0E7
:10291000BAF1000F29D00821002002F02BFBA0B94A
:10292000384602F077F840B9214940F23112214887
:1029300006F0E0FB40F23111B3E788F31188BFF3F2
:102940006F8F6FF00B00BDE8F0870122C0F8049094
:102950000260016801F003015DB922680A43026068
:10296000626820606AB960600BE04846C9F800A060
:10297000EFE72A68032A10D80160616839B9C4E911
:102980000000042104F1140002F06AFABAE70A68B0
:1029900002F0030202430A60E5E722F003020A4361
:1029A00002602A6802F0030240EA02032B60E8E7B3
:1029B000BB20040044200400CF6404002DE9F74349
:1029C000054690461F4600F10806EFF311894023A3
:1029D00083F31288BFF36F8F304602F00DF840B9D1
:1029E00020498822204806F085FB88211D4806F0F2
:1029F00078FB304602F024F82C68D4B123686A686A
:102A000023F00303944220464FF001012B6008BFDE
:102A10006B600BF03AF80446304601F0FBFFC0B99A
:102A2000104940F23112104806F064FB40F23111B7
:102A3000DCE758EA0703EFD049463046CDE9008786
:102A400005F10C0201F038FA38B9084B9B685C6953
:102A500003E089F31188BFF36F8F204603B0BDE810
:102A6000F08300BFBB20040044200400E05B002092
:102A700008B5836843B90B490B48992206F03AFB25
:102A80009921084806F02DFBD0E9003213605A6006
:102A90000023427BC0E9003322F0020242738360CC
:102AA00008BD00BFCF6404004420040070B5044694
:102AB000EFF31186402585F31288BFF36F8F23480B
:102AC00001F09AFF40B922492248882206F012FB01
:102AD00088211F4806F005FB1C4801F0B1FFEFF309
:102AE000118385F31288BFF36F8F83F31188BFF3CF
:102AF0006F8F3BB918491748B02206F0FBFAB02196
:102B00001548E7E72568AC4213D095B12846FFF792
:102B1000AFFF05F1180002F08FF800232846C5F832
:102B20008C3001F015F93146BDE87040074801F0DE
:102B3000B1BAD4E902329A4218BF01330221A3602C
:102B400004F1100002F08CF9EDE700BF045C0020F6
:102B5000BB20040044200400CF640400F7B5044601
:102B600016461D46EFF305835BB152EA050308D014
:102B700026492748882206F0BDFA8821234806F016
:102B8000B0FAEFF31187402383F31288BFF36F8FFE
:102B9000204801F031FF38B91F4988221C4806F04F
:102BA000A9FA88211C48EAE71A4801F049FFA368FE
:102BB000ABB1013B1748A36001F02CFF40B91649A7
:102BC00040F23112124806F095FA40F23111E9E76D
:102BD00087F31188BFF36F8F002003B0F0BD56EA72
:102BE00005030BD10B4801F015FF0028E7D087F350
:102BF0001188BFF36F8F6FF00F00EEE72246394662
:102C0000CDE90065034801F057F9E6E73D650400AA
:102C100044200400045C0020BB2004002DE9F041A6
:102C20000446EFF31187402686F31288BFF36F8FB7
:102C3000214801F0E1FE40B920492148882206F0F0
:102C400059FA88211D4806F04CFA1B4801F0F8FE9D
:102C50006FF00A08EFF3118386F31288BFF36F8FCA
:102C600083F31188BFF36F8F3BB916491448B02224
:102C700006F040FAB0211348E5E72568AC420DD0D4
:102C800065B12846FFF7F4FE05F1180001F0D4FF06
:102C90002846C5F88C8001F05BF8DBE7002304F1DF
:102CA00010000221A36002F0DBF83946BDE8F041D4
:102CB000014801F0EFB900BF045C0020BB20040014
:102CC00044200400CF6404001FB5094A02AB92E817
:102CD00003004FF4006283E80300009305494FF0BE
:102CE000FF33054800F094FB002005B05DF804FBBD
:102CF000780A0400709D0020985300202DE9F043CD
:102D00000446714E714F85B0EFF31188402383F371
:102D10001288BFF36F8F304601F06EFE40B96C49E8
:102D200088226C4806F0E6F98821694806F0D9F94E
:102D3000304601F085FED4F89050F5B9022104F137
:102D4000A8000AF0E4FE00283BD004F1A005002210
:102D50000121284601F0E8FC0028F8D100234FF0BB
:102D6000FF3202934FF0FF334146CDE90023304656
:102D700004F1980201F024FDC6E7D4F894202B68F2
:102D8000954208BFC4F89430C4F89030D4F8A83005
:102D9000304643F00203C4F8A830EB68D5F804903D
:102DA00023F0040343F00103EB6001F033FED0B9DC
:102DB000474940F23112474806F09CF940F2311180
:102DC000B3E7D4F8A830DD06C8D5C4F8A8003E485B
:102DD00001F020FE0028EBD088F31188BFF36F8F3D
:102DE00005B0BDE8F08388F31188BFF36F8FB9F1A8
:102DF000000F09D13849374840F2AB2206F07AF982
:102E000040F2AB21344891E72846C847EFF31188D8
:102E1000402383F31288BFF36F8F304601F0ECFD3F
:102E200000283FF47CAF304601F00AFEEB68D9067B
:102E300023F0010231D4EA60EB689A0716D53868AE
:102E400023F00203EB6088B10021036870B142688F
:102E5000954230D1036841BB7A683B60824200D121
:102E60007B60002340F8083BFFF720FED4F8A83031
:102E7000304623F00203C4F8A830C3F3002501F064
:102E8000C9FD002894D088F31188BFF36F8F002DFF
:102E90007FF43AAF01F010FA36E723F01103EB604C
:102EA00005F11000FFF702FEC6E70B607B68834266
:102EB00008BF7960D5E723B11A6801461846134662
:102EC000C4E71A46F9E700BF105C0020085C002048
:102ED000BB200400442004006665040070B5C3688C
:102EE0000546C3F340069B070C460DD50122002181
:102EF00004F108000AF0FBFD00232360054B656028
:102F00005A681AB9C3E90044304670BD14605C6069
:102F1000FAE700BF085C0020F8B5C36804469A07CA
:102F20000F46C3F3400638D45B0724D40B680BB9B3
:102F300083680B60E368DD0720D5A36853B928498F
:102F400028484FF4AA7206F0D5F84FF4AA71244825
:102F500006F0C7F802263B603D68002D3CD0224BAE
:102F60009B68AB420CD0D5F8A830D807C3F38002D9
:102F700016D46FF0120600233B6027E00126EBE732
:102F80000AF02AFED5F8A8300028EED1D907C3F3FD
:102F9000C002EED552B15B0708D46FF00F06EAE726
:102FA000002AFAD1C3F3C003002BF6D1002323601B
:102FB000D5F8943063B9C5E9244428460AF0C2FD27
:102FC000E36843F00403E3603B68A3603046F8BD68
:102FD0001C60C5F89440F0E76FF01506CBE700BF22
:102FE0006665040044200400E05B002073B50446DD
:102FF000EFF31185402383F31288BFF36F8F1948D5
:1030000001F0FAFC40B918498822184806F072F815
:103010008821154806F065F8124801F011FD0023DB
:103020000321201F0193A4F110060AF070FD28B1BE
:10303000A369304601A90193FFF76EFF094801F02B
:10304000E9FC40B9084940F23112084806F052F84C
:1030500040F23111DDE785F31188BFF36F8F02B0C5
:1030600070BD00BF105C0020BB20040044200400A1
:1030700038B50D46044640B90B4999220B4806F075
:1030800039F89921084806F02CF831B906499A22F6
:10309000064806F02FF89A21F4E7102200210CF0E0
:1030A00074FD656038BD00BF6665040044200400FF
:1030B000F8B5C368064603F00503002B0C4614BFA1
:1030C0000127002728D0856855B91C491C484FF4B2
:1030D000DF7206F00FF84FF4DF71184806F001F8C0
:1030E0000122002104F110000AF001FD20461549DB
:1030F000FFF7BEFFE36843F01003E360F3685B078C
:1031000012D5336823606BB9D5F8943033B9C5E96B
:10311000244428460AF016FD3846F8BD1C60C5F860
:103120009440F6E73460F4E7D5F890302360D5F8A2
:103130009430C5F89040002BEBD1F0E766650400B1
:103140004420040025DB030038B50446EFF3118565
:10315000402383F31288BFF36F8F134801F04CFCB8
:1031600040B912498822124805F0C4FF88210F484F
:1031700005F0B7FF0C4801F063FCE4680A4804F06E
:103180001F0401F047FC40B9084940F231120848D9
:1031900005F0B0FF40F23111E9E785F31188BFF384
:1031A0006F8F204638BD00BF105C0020BB2004009C
:1031B0004420040037B50C46019051B922494FF420
:1031C000BD72224805F096FF4FF4BD711E4805F010
:1031D00088FF4B6843B91C4940F27B121B4805F03D
:1031E00089FF40F27B11F1E7EFF31185402383F370
:1031F0001288BFF36F8F164801F0FEFB38B91549EE
:103200008822124805F076FF88211248DFE710482F
:1032100001F016FC204601A9FFF77EFE04460C488B
:1032200001F0F8FB40B90B4940F23112074805F0B4
:1032300061FF40F23111E8E785F31188BFF36F8F2A
:10324000204603B030BD00BF666504004420040082
:10325000105C0020BB200400014601480AF0ACBC11
:103260009853002070B50C46054650B931494FF4CB
:10327000E572314805F03EFF4FF4E5712D4805F049
:1032800030FFC368DB0508D52A4940F2CB122A4833
:1032900005F030FF40F2CB11F0E70AF09DFC40B1A1
:1032A00024494FF4E672244805F024FF4FF4E671F8
:1032B000E4E744B91F4940F2CD121F4805F01AFF58
:1032C00040F2CD11DAE7EFF31186402383F3128841
:1032D000BFF36F8F194801F08FFB38B91849882266
:1032E000154805F007FF88211548C8E7134801F085
:1032F000A7FB28462146FFF7DBFE05460F4801F0F5
:1033000089FB40B90E4940F231120B4805F0F2FE3C
:1033100040F23111E8E786F31188BFF36F8F3DB1BA
:103320004FF0FF324FF0FF3304F11000FFF716FCAF
:10333000284670BD6665040044200400105C00202F
:10334000BB20040038B5044650B922494FF40A7234
:10335000214805F0CFFE4FF40A711E4805F0C1FE6A
:10336000C368DB0508D51B4940F229221A4805F03D
:10337000C1FE40F22921F0E7EFF31185402383F3EA
:103380001288BFF36F8F154801F036FB38B9144926
:103390008822114805F0AEFE88211148DEE70F486B
:1033A00001F04EFB20460AF0D4FB04460B4801F026
:1033B00031FB40B90A4940F23112074805F09AFE44
:1033C00040F23111E9E785F31188BFF36F8F204692
:1033D00038BD00BF6665040044200400105C002076
:1033E000BB20040008B550B9074908484FF43372B0
:1033F00005F080FE4FF43371034805F072FEB022F1
:1034000000210CF0C2FB08BD6665040044200400E6
:10341000F0B589B004460E9D50B92D4940F2DB222B
:103420002C4805F067FE40F2DB21294805F059FEE3
:1034300041B927494FF43772264805F05BFE4FF437
:103440003771F2E7D0F8A80010F0010008D0204949
:1034500040F2DD221F4805F04DFE40F2DD21E4E799
:10346000C4E9240004F19800C4E9260004F1A00096
:10347000C4E928004DB32879002840F2011008BFA4
:103480000120C4F8A80000204FF0FF364FF0FF37AE
:10349000CDE90330CDE90100CDE9066720460E4BAA
:1034A000009400F0CBFA55B1296811B120460AF01A
:1034B00099FB6B791BB1237B43F0010323732046F7
:1034C00009B0BDE8F04001F00DB80120D9E700BF18
:1034D0006665040044200400FD2C030038B50D4649
:1034E000044650B90E4940F27A320E4805F002FE09
:1034F00040F27A310A4805F0F4FD41B9084940F23A
:103500007B32084805F0F6FD40F27B31F2E73022CD
:1035100000210CF03AFB4FF480736560E36038BD26
:103520006665040044200400F7B50C4616461D46A7
:10353000019050B92D4940F2F5322D4805F0DAFDE1
:1035400040F2F531294805F0CCFD41B9274940F258
:10355000F632274805F0CEFD40F2F631F2E7EFF300
:103560001187402383F31288BFF36F8F214801F046
:1035700043FA38B9204988221D4805F0BBFD88214F
:103580001D48E0E71B4801F05BFAE36813F01E0FEB
:1035900022D155EA060211D1204601A9FFF7BCFC51
:1035A0000446144801F036FAC0B9134940F231120A
:1035B0000F4805F09FFD40F23111E1E743F00803A9
:1035C000E360019B04F11000A36232462B460B49D5
:1035D00001F088FA0124E4E70024E2E787F3118888
:1035E000BFF36F8F204603B0F0BD00BF66650400D7
:1035F00044200400105C0020BB200400ED2F0300D9
:1036000001460148FFF790BF98530020F7B50C46DC
:1036100016461D46019050B92C494FF483622C4840
:1036200005F068FD4FF48361284805F05AFD41B963
:10363000264940F21942264805F05CFD40F2194146
:10364000F2E7EFF31187402383F31288BFF36F8F04
:10365000204801F0D1F938B91F4988221C4805F0EB
:1036600049FD88211C48E0E71A4801F0E9F92046A5
:103670000AF059FA55EA060311D1204601A9FFF7CD
:103680004BFC0446134801F0C5F9B8B9124940F2A1
:1036900031120F4805F02EFD40F23111E2E7E368E8
:1036A00004F1100043F00803E360019B3246A3627B
:1036B0000A492B4601F016FA0124E3E787F3118843
:1036C000BFF36F8F204603B0F0BD00BF66650400F6
:1036D00044200400105C0020BB200400ED2F0300F8
:1036E00001460148FFF792BF9853002038B50446C1
:1036F00050B91D491D4840F23A4205F0FBFC40F22A
:103700003A41194805F0EDFCEFF31185402383F3AE
:103710001288BFF36F8F164801F06EF938B915495A
:103720008822124805F0E6FC88211248EAE7104892
:1037300001F086F920460AF0F6F920460AF009FA67
:1037400004460B4801F066F940B90A4940F23112CB
:10375000064805F0CFFC40F23111E6E785F3118809
:10376000BFF36F8F204638BD666504004420040017
:10377000105C0020BB200400F8B50D46044650B98B
:10378000384940F24B42384805F0B4FC40F24B4116
:10379000344805F0A6FC41B9324940F24C42324867
:1037A00005F0A8FC40F24C41F2E70AF015FA40B1EE
:1037B0002C4940F24D422C4805F09CFC40F24D4112
:1037C000E6E7EFF31186402383F31288BFF36F8F90
:1037D000264801F011F938B925498822224805F018
:1037E00089FC88212248D4E7204801F029F9E368C0
:1037F00003F01F03002B14BF0127002712D11B4821
:1038000001F008F940B91A4940F23112164805F0A2
:1038100071FC40F23111E5E786F31188BFF36F8F39
:103820003846F8BD20460AF07EF920460AF091F9A4
:1038300020462946FFF752FB04460C4801F0EAF8FF
:103840000028E0D086F31188BFF36F8F002CE7D0FB
:103850004FF0FF324FF0FF3305F10800FFF77EF91C
:10386000DEE700BF6665040044200400105C002011
:10387000BB20040008B5836843B90B490B48992263
:1038800005F038FC9921084805F02BFCD0E90032FE
:1038900013605A600023427BC0E9003322F0020229
:1038A0004273836008BD00BFCF640400442004005D
:1038B0002DE9F8430646EFF31188402787F3128875
:1038C000BFF36F8F2B4801F097F840B92A492B4876
:1038D000882205F00FFC8821274805F002FC2548C6
:1038E00001F0AEF8EFF3118387F31288BFF36F8F07
:1038F00083F31188BFF36F8F3BB921491F48B02272
:1039000005F0F8FBB0211E48E7E73468A64227D04F
:1039100074B300252046FFF7ADFF04F1180001F055
:103920008BF9A9462046C4F88C9000F011FA0135B5
:10393000EFF3118387F31288BFF36F8F83F311883E
:10394000BFF36F8F002BD8D03468A64209D044B1A2
:103950002046FFF78FFF04F1180001F06DF9E1E751
:1039600000254146034800F095FB2846BDE8F88352
:103970002546F6E7145C0020BB2004004420040028
:10398000CF6404002DE9F04385B098460F9B0446B0
:103990000F2B0F463BD1254988453CD104F15801F6
:1039A000C4E916111099002621730421073222F070
:1039B000070507EB05096173A37349462046C4E96F
:1039C0000666A660E673EEF72BF90E9B073020F033
:1039D0000700E067C4E91D7502930D9BA9EB000980
:1039E00001930C9B4A460093394643462046EEF726
:1039F000BFFC0F4B66659B6884F870600BB1D3F811
:103A000080304846C4F8803005B0BDE8F08303F14B
:103A100010011E29C2D9074907484FF4017205F069
:103A200069FB4FF40171034805F05BFB3925030086
:103A3000E05B00208765040044200400F0B587B0F7
:103A40000446DDE91276EFF3058555B117491848AC
:103A500040F2912205F04EFB40F29121134805F00F
:103A600040FB0595109D04950F9D03950E9D0295B5
:103A70000D9D01950C9D0095FFF784FFB6F1FF3F6A
:103A800008BFB7F1FF3F05D056EA070305D120462E
:103A900000F028FD204607B0F0BD3A463346054900
:103AA00004F1180001F01EF8F4E700BF8765040078
:103AB000442004004FDC03006FF00A01094A9368B8
:103AC000C3F88C100849C3F888004B6843F0805352
:103AD0004B60002383F31188BFF36F8F9368D3F893
:103AE0008C007047E05B002000ED00E038B590F9F5
:103AF0000D200146002A437B10DA03F07F03437355
:103B0000184B984208D118491848562205F0F2FA85
:103B10005621154805F0E5FA0AF069F8144D2A46D1
:103B200052F8184FAB68944200D004B9EC688B424D
:103B300010D03BB90F490D48D62205F0DBFAD6214B
:103B40000C48E7E75A7BD20604D1DA897F2A01D9EB
:103B5000A2692AB1A34202D0204600F0D3FE234638
:103B60006B6138BD78520020AA650400442004002F
:103B7000E05B0020CC65040008B5836843B90949BF
:103B80000948992205F0B6FA9921064805F0A9FAE4
:103B90000AF02DF8437B23F0020343730023836074
:103BA00008BD00BFCF6404004420040070B590F944
:103BB0000D20437B002A50DBD9064ED18269002AB2
:103BC0004BD163F07F034373254B984208D12549BD
:103BD00025484F2205F08EFA4F21224805F081FA40
:103BE000224C224652F8183F934226D1E169C0E99F
:103BF00000210860E06111E09942F8D01B68002BB9
:103C0000F5D090F90E5093F90E60B542F4D0AE4263
:103C1000F2DD5968C0E9003108605860A569954235
:103C200000D005B9E568A3684BB911490E48D62202
:103C300005F060FAD6210E48D0E7E169DFE75A7B4C
:103C4000D20604D1DA897F2A01D9AA6932B1AB42FE
:103C500002D0284600F056FE656170BD6361FCE746
:103C600078520020AA65040044200400E05B002094
:103C7000CC65040070B590F90D200146002A437B05
:103C80002E4C0FDA03F07F03A042437308D12C4976
:103C900056222C4805F02EFA5621294805F021FA23
:103CA00009F0A5FF4B7BA14263F07F034B7306D164
:103CB00023494F22234805F01DFA4F21EDE7224CFE
:103CC000224652F8183FE069934207D1C1E900202B
:103CD0000160E16111E09842F8D01B68002BF5D03B
:103CE00091F90E5093F90E60B542F4D0AE42F2DD78
:103CF0005868C1E9003001605960A569A368954220
:103D000000D005B9E5688B4210D03BB90F490D488A
:103D1000D62205F0EFF9D6210C48BFE75A7BD20630
:103D200004D1DA897F2A01D9AA692AB1AB4202D02B
:103D3000284600F0E7FD2B46636170BD78520020F5
:103D4000AA65040044200400E05B0020CC65040068
:103D500038B50446EFF31185402383F31288BFF38F
:103D60006F8F124800F048FE40B91149882211486F
:103D700005F0C0F988210E4805F0B3F90B4800F0B2
:103D80005FFE2046FFF712FF084800F043FE40B9EF
:103D9000074940F23112074805F0ACF940F2311101
:103DA000E9E785F31188BFF36F8F38BD185C0020F9
:103DB000BB2004004420040038B50446EFF311850D
:103DC000402383F31288BFF36F8F134800F014FE73
:103DD00040B912498822124805F08CF988210F4811
:103DE00005F07FF90C4800F02BFEA36813B12046C4
:103DF000FFF7C2FE084800F00DFE40B9074940F247
:103E00003112074805F076F940F23111E7E785F302
:103E10001188BFF36F8F38BD185C0020BB200400F1
:103E20004420040070B504460D46EFF3118640238C
:103E300083F31288BFF36F8F1C4800F0DDFD40B99B
:103E40001B4988221B4805F055F98821184805F0C0
:103E500048F9164800F0F4FD002394F87010627BD6
:103E600084F8703069B165B1104800F0D3FDC0B975
:103E70000F4940F231120F4805F03CF940F2311180
:103E8000E4E712F0280FEFD1A36813B12046FFF743
:103E900073FE637B204623F004036373FFF786FE03
:103EA000E2E786F31188BFF36F8F70BD185C0020C6
:103EB000BB200400442004002DE9F047DFF8B0A047
:103EC0002C4F1646DDE90898DAF808202A4BB8424C
:103ED00004460D461A600AD12849294840F26D224D
:103EE00005F008F940F26D21244805F0FAF8EFF3E7
:103EF0001183402383F31288BFF36F8F384600F09D
:103F00007BFD38B91F4988221D4805F0F3F8882148
:103F10001C48EAE7384600F093FDDAF808703146AD
:103F2000384609F06CFEB8F1FF3F08BFB9F1FF3F1A
:103F300006D04A464346144907F1180000F0D2FD66
:103F4000204600F067FD40B90E4940F26B120C4864
:103F500005F0D0F840F26B11DAE7064800F05AFDA0
:103F60000028F1D02846BDE8F047FFF7A5BD00BF07
:103F7000E05B0020185C00201C5C0020AA650400A7
:103F800044200400BB2004004FDC0300F8B50446C5
:103F90000D46EFF31187402383F31288BFF36F8F31
:103FA000364800F029FD064638B93549882235489B
:103FB00005F0A0F88821324814E0304800F040FDB8
:103FC000637BDA0610D1A26972B903F07F036373D1
:103FD0002D4B9C4218D12D492A48562205F08AF8CB
:103FE00056212A4805F07DF80026A573234800F0E5
:103FF00011FD00283CD1224940F23112214805F040
:1040000079F840F23111D6E769B2214D204609F026
:10401000EEFD2A46637BA17363F07F03637352F85E
:10402000183F934222D1E869C4E900200460EC61A2
:104030000FE08342F8D01B68002BF5D093F90EC037
:104040006145F6D08C45F4DD5968C4E900310C6057
:104050005C60AC69944200D004B9EC68AB689C42E7
:1040600002D0204600F04EFC6C61BFE7E869E3E750
:1040700087F31188BFF36F8F3046F8BD185C0020BE
:10408000BB2004004420040078520020AA650400EC
:10409000E05B002038B503460C46D1B9EFF3058547
:1040A000BDB9154A51699268914212D000F0B2FC34
:1040B00050B9124940F26B12114805F01BF840F25A
:1040C0006B110E4805F00DF82846BDE83840FFF7A3
:1040D000F3BC184600F09EFC40B9084940F231128A
:1040E000074805F007F840F23111EAE784F3118838
:1040F000BFF36F8F38BD00BFE05B0020BB20040022
:1041000044200400034648B9EFF3058232B9064A59
:1041100051699268914201D0FFF7CEBC83F31188B8
:10412000BFF36F8F704700BFE05B002010B5EFF367
:104130001184402383F31288BFF36F8F1D4800F072
:104140005BFC38B91C4988221C4804F0D3FF882145
:1041500019480CE0174800F073FCEFF3058343B1F6
:1041600017498F22154804F0C5FF8F21144804F029
:10417000B8FF144B9A68D37B012B06D110499022CB
:104180000E4804F0B7FF9021F0E7013BD3730948D4
:1041900000F040FC40B9084940F23112074804F0F1
:1041A000A9FF40F23111D3E784F31188BFF36F8F79
:1041B00010BD00BF185C0020BB2004004420040098
:1041C000CF640400E05B002070B5EFF3118640235C
:1041D00083F31288BFF36F8F2E4800F00DFC38B9BF
:1041E0002D4988222D4804F085FF88212A480FE0B8
:1041F0002B4D284800F024FCAB68DA7B52B92949E2
:1042000040F2FE22254804F075FF40F2FE212548C9
:1042100004F067FFEFF3058141B1224940F2FF222C
:104220001E4804F067FF40F2FF21F0E70132DA7325
:104230002A4652F8184F944200D004B9EC685A7BD1
:10424000D20604D1DA897F2A01D9A2692AB1A34210
:1042500002D0204600F056FB23460E486B6100F06A
:10426000D9FB40B90C4940F231120C4804F042FF2E
:1042700040F23111BAE786F31188BFF36F8FEFF385
:104280001180402383F31288BFF36F8FBDE8704025
:10429000FFF738BF185C0020BB2004004420040056
:1042A000E05B0020AA650400024B03F11802C3E999
:1042B00006227047E05B002070B5EFF3058353B131
:1042C0003249334840F2144204F014FF40F21441E2
:1042D0002E4804F006FFEFF31186402383F3128883
:1042E000BFF36F8F2B4800F087FB38B92A4988222B
:1042F000274804F0FFFE88212748EAE7274C254895
:1043000000F09EFBA168E0690B68814214BF1A4669
:10431000002249680B605960A368E1692AB9204A04
:10432000C3E900210B60E3610CE093F90E0092F900
:104330000E50A84220D085421EDD5168C3E90021FD
:104340000B605360A569164B9D4200D005B9E56826
:10435000A3689D4202D0284600F0D4FA0D4865615A
:1043600000F058FB60B90C4940F26B12084804F0A9
:10437000C1FE40F26B11BFE78A42D0D01268CDE790
:104380003046BDE87040FFF797BB00BFAA65040048
:1043900044200400185C0020BB200400E05B0020E7
:1043A000F85B00202DE9F04105460E46EFF3058449
:1043B00054B12E492E4840F22F4204F09BFE40F2A9
:1043C0002F412A4804F08DFE50EA010304D1FFF783
:1043D00073FF2046BDE8F081831C71F1FF3315DBCC
:1043E00009F06FFC2C18EFF31188402383F3128837
:1043F000BFF36F8F1F4800F0FFFA58B91E4988229B
:104400001B4804F077FE88211B48DBE76FF00104AE
:10441000241AE8E7194F174800F012FBB868184B48
:104420001860FFF763FBB8682A4633461830154911
:1044300000F058FBBA680F48537B43F004035373F2
:1044400000F0E8FA40B90C4940F26B12084804F059
:1044500051FE40F26B11D7E74046FFF72DFB09F004
:1044600030FC201A20EAE070B4E700BFAA6504001F
:1044700044200400185C0020BB200400E05B002006
:104480001C5C00204FDC0300F8B507460E46EFF336
:10449000058454B11149124840F25B4204F02AFEEF
:1044A00040F25B410D4804F01CFEFFF77BFFB6F1C4
:1044B000FF3F08BFB7F1FF3F05460CD04FF47A76B7
:1044C00047F61120214647F612220023C5FB0601BC
:1044D000E6F788F9F8BD4FF0FF30FBE7AA65040066
:1044E0004420040038B50446183000F0A5FBEFF373
:1044F0001185402383F31288BFF36F8F1A4800F0B1
:104500007BFA40B919498822194804F0F3FD882143
:10451000164804F0E6FD144800F092FA637B5A074F
:104520000CD4114800F076FAC0B9104940F23112AB
:104530000F4804F0DFFD40F23111E9E723F00403F6
:1045400020466373FFF732FBEFF30583002BE8D1BE
:104550002946BDE838400448FFF79CBD85F3118823
:10456000BFF36F8F38BD00BF185C0020BB20040074
:1045700044200400014B9868704700BFE05B0020B6
:104580002DE9F8430446EFF31187402383F31288A3
:10459000BFF36F8F5C4800F02FFA40B95B49882267
:1045A0005B4804F0A7FD8821584804F09AFD56485E
:1045B00000F046FA267B16F001061AD0524800F0A9
:1045C00029FA40B9514940F23112514804F092FDA4
:1045D00040F23111E8E787F31188BFF36F8F4D493F
:1045E00040F235524A4804F085FD40F235514948C1
:1045F000DBE7637B1A070AD5434800F00BFA002873
:10460000E0D087F31188BFF36F8FBDE8F883D90935
:1046100043F0080259D16273A36813B12046FFF733
:10462000ABFA04F1180000F007FBA56D04F158087F
:10463000A84511D04FF0000975B12846FFF79CFA44
:1046400005F1180000F0F8FA2846C5F88C90FFF73D
:10465000ADFAA56DA845EFD12F4DAB689C4204D1B2
:10466000EFF30586003E18BF0126D5F818802B4AC7
:10467000904502D0B8F1000F01D1D5F80C80434528
:1046800002D0404600F03EF9C5F814804EB140F229
:104690000112234B9A810022C3E91D22C3F8802016
:1046A000AB60AB689C42A7D1EFF30583002BA3D18D
:1046B000154800F0AFF9D8B9144940F26B1214480C
:1046C00004F018FD40F26B116EE703F07F0343F036
:1046D00008036373134B9C4206D10E4956220C48C3
:1046E00004F008FD562182E7204609F080FA93E79E
:1046F0003846FFF7E1F9074940F2B512044804F0E3
:10470000F9FC40F2B51172E7185C0020BB200400F0
:1047100044200400AA650400E05B0020F85B002050
:1047200048540020785200202DE9F8430646884678
:104730001746EFF31189402383F31288BFF36F8F7D
:104740001C4800F059F9054640B91B4988221B480E
:1047500004F0D0FC8821184804F0C3FC154800F090
:104760006FF93468A6421AD0DCB12046C4F88C80B8
:104770006761FFF701FA04F1180000F05DFA2046C6
:10478000FFF714FA0B4800F045F960B90A4940F206
:1047900031120A4804F0AEFC40F23111DBE700258B
:1047A000F0E72546EEE789F31188BFF36F8F2846BF
:1047B000BDE8F883185C0020BB20040044200400FE
:1047C000D3B5DDE90667089CCDE90067FFF774FB08
:1047D0001CB1034B9B685B69236002B0D0BD00BF76
:1047E000E05B00202DE9F84306460F469046EFF3C4
:1047F0001189402383F31288BFF36F8F1A4800F0AA
:10480000FBF840B919498822194804F073FC882143
:10481000164804F066FC144800F012F93468A64209
:1048200017D10025104800F0F5F8A8B90F4940F25B
:1048300031120F4804F05EFC40F23111E8E74146C6
:104840002046B84705460028ECD17368A342E8D05B
:104850002468002CF3D1E4E789F31188BFF36F8F4C
:104860002846BDE8F88300BF185C0020BB20040088
:104870004420040008B568B10E4B98420AD303F1F6
:104880001802904206D21822C01AB0FBF2F302FBC3
:10489000130343B108490948382204F02BFC38219E
:1048A000054804F01EFC0122054BC0105843054B7F
:1048B0001A5408BDD8540020F865040044200400B0
:1048C000ABAAAAAAA4680020C3897F2B12D80A4BDE
:1048D0001B6863B1094B90F90E201B689A4209DBF3
:1048E000437BDB0606D1064BC31A18BF012303F036
:1048F000010070470023FAE7245C0020205C0020C0
:104900007852002070B50E4B0E4C1E7C054606EB0F
:10491000460304EBC304204600F08EF900220A4B44
:1049200028469A55FFF7D0FF48B1084B2046BDE80E
:1049300070401A680649013AD31700F0D3B870BD29
:10494000E05B0020D8540020A4680020245C0020F4
:104950007548030038B5EFF31185402383F31288BF
:10496000BFF36F8F1E4800F047F840B91D498822F9
:104970001D4804F0BFFB88211A4804F0B2FB184818
:1049800000F05EF8194B1A4A9C681068A0420ED1DC
:10499000FFF7B8FF124800F03DF8E0B9114940F2C6
:1049A0003112114804F0A6FB40F23111E4E7002176
:1049B0001B7C11600F4AD35C002BEBD02046FFF725
:1049C00083FF0028E6D0637BDB0602D12046FFF799
:1049D00051F92046DCE785F31188BFF36F8F38BDAE
:1049E000185C0020BB20040044200400E05B002091
:1049F0001C5C0020A4680020006838B1044B00F063
:104A000003001B7CC01A18BF0120704701207047AB
:104A1000E05B0020002302680360EFF30581074B91
:104A200019B19968497BC90706D4197C986808436D
:104A3000831A58425841704701207047E05B0020BC
:104A4000024B1A7C9B68134303607047E05B0020B5
:104A5000074808B5074A0849121A08F0E2FFBDE8FE
:104A600008400648064A0749121A08F0DABF00BF94
:104A7000002100209C2E0020406B0400F820002024
:104A800000210020386B0400024B1868984208BFD0
:104A900000207047142B0020034B1B680BB9F9F75B
:104AA000F9BE0020704700BF285C002030B570B10F
:104AB0000B4B5B6898420AD0036843B1D3E90421E9
:104AC000D0E90445121941EB0501C3E90421D0E9FD
:104AD000003213605A600023C0E9003330BD00BFCC
:104AE000142B0020B3F1FF3F08BFB2F1FF3F2DE9C7
:104AF000F047044692461D46164600F08D80D0F8D9
:104B00000080B8F1000F08D0444945486E2204F0F7
:104B1000F1FA6E21414804F0E4FA8160EFF3118765
:104B2000402383F31288BFF36F8F3E48FFF764FF83
:104B300038B93D4988223A4804F0DCFA88213A48DD
:104B4000E9E73848FFF77CFFBAF1FF3F75F1FF3323
:104B500021DA6FF001033549D1E900209B1A4FF0AB
:104B6000FF3262EB0000B3EB0A0660EB0500012E9A
:104B700070F1000301DA01264046C4E904602C4EBE
:104B8000FFF782FFD6F804C070B9C4E9006CCCF816
:104B9000004074601AE0FFF77FFF013645F1000521
:104BA000361845EBE070E8E7D0E90425D4E9043194
:104BB000934271EB050E22DAD21A436865EB0105C8
:104BC000C0E90425C4E900031C604460FFF75CFFF2
:104BD000844207D1174B1C6824B909F059F82146C3
:104BE000F9F76EFE0F48FFF715FF88B90E4940F23E
:104BF00031120B4804F07EFA40F231119FE79B1A04
:104C000061EB05016045C4E90431BED00068BBE733
:104C100087F31188BFF36F8FBDE8F087206604002B
:104C2000442004002C5C0020BB200400F054002031
:104C3000142B0020285C002070B50446EFF3118689
:104C4000402383F31288BFF36F8F1B48FFF7D4FE16
:104C500040B91A4988221A4804F04CFA88211748AA
:104C600004F03FFA1448FFF7EBFE2368D3B1FFF7D7
:104C70000BFF05462046FFF719FFA54204D109F0B6
:104C800007F80021F9F71CFE00240B48FFF7C2FECD
:104C900058B90A4940F23112094804F02BFA40F29F
:104CA0003111DCE76FF01504EFE786F31188BFF3ED
:104CB0006F8F204670BD00BF2C5C0020BB2004001D
:104CC000442004002DE9F0470446EFF31188402307
:104CD00083F31288BFF36F8F3E48FFF78DFE40B914
:104CE0003D4988223D4804F005FA88213A4804F0FD
:104CF000F8F9DFF8EC903748FFF7A2FEC9F800405A
:104D0000FFF7C2FE002604460027DFF8D8A0D9F836
:104D10000030DAE900C0D91754B1D4E90452AB42EB
:104D200071EB020E1EDAED1A62EB0102C4E90452C5
:104D3000002413EB0C0340EB0101CAE90031C9F870
:104D4000004008F0A5FF2146F9F7BAFD2148FFF71A
:104D500061FEB0B188F31188BFF36F8FBDE8F047F3
:104D6000FFF7F8BD15EB0C0340EBE570CAE9003026
:104D7000C4E904672046FFF799FE1648FFF74AFE8C
:104D800040B9154940F23112144804F0B3F940F229
:104D90003111ABE788F31188BFF36F8F2046A3680A
:104DA0009847EFF31188402383F31288BFF36F8F86
:104DB0000848FFF721FE002892D00648FFF740FE82
:104DC000D9F800305B1BC9F80030FFF75DFE0446E0
:104DD0009DE700BF2C5C0020BB20040044200400A1
:104DE000285C0020F054002070B5EFF311864023BA
:104DF00083F31288BFF36F8F1548FFF7FDFD40B9AD
:104E000014498822144804F075F98821114804F0E7
:104E100068F90F48FFF714FEFFF73EFE0F4AD2E98C
:104E20000045041945EBE0750948FFF7F3FD40B96B
:104E3000084940F23112084804F05CF940F231119F
:104E4000E4E786F31188BFF36F8F2046294670BDD3
:104E50002C5C0020BB20040044200400F0540020FF
:104E600070B504460D46EFF31186402383F3128894
:104E7000BFF36F8F1748FFF7BFFD40B9164988226F
:104E8000164804F037F98821134804F02AF911482C
:104E9000FFF7D6FD2068844209D0D0E900321360C4
:104EA0005A6000232946C0E9003308F055FF09483D
:104EB000FFF7B0FD40B9084940F23112074804F04D
:104EC00019F940F23111DFE786F31188BFF36F8FD4
:104ED00070BD00BF305C0020BB20040044200400F3
:104EE00070B504460D46EFF31186402383F3128814
:104EF000BFF36F8F1C48FFF77FFD40B91B49882225
:104F00001B4804F0F7F88821184804F0EAF816481E
:104F1000FFF796FD01212068E5608442A1600CD175
:104F20001148FFF777FDC0B9104940F2311210481F
:104F300004F0E0F840F23111E6E7D0E90032136006
:104F40005A600023C0E9003308F006FF31460446EA
:104F50000548FFF79FF8204670BD86F31188BFF320
:104F60006F8F0024F7E700BF305C0020BB200400F7
:104F70004420040073B505460E4608F02DFEF8B92E
:104F8000114B9B68D3F88040DCB1321D18D2002051
:104F90000021CDE90001204645F00401FDF7E0F8CD
:104FA00070B10460041D65B1013D2C4209D0074970
:104FB0000748252204F09EF82521044804F091F8C2
:104FC0000024204602B070BDE05B0020656604004E
:104FD0004420040001680E4A0346914215D1C1697C
:104FE000A2F11022A2F1EF1291420ED18268012AA1
:104FF0000BD8C26812B101698A4206D0586928B13B
:105000009B691B1A5842584170470120704700BFE6
:1050100055AA00FF70B50D4B9E68A6B13046FFF74C
:10502000D9FF044678B9F3686BB935690DB92046E4
:1050300070BD2846FFF7CEFF28B9EB68B34202D116
:105040002E462D69F2E70124F1E700BF345C002011
:105050002DE9F041444B454C05461B6820468846E7
:10506000984718B100242046BDE8F081A4F1140748
:1050700054F8144CFB68DCB1BC68CCB1002D66D090
:10508000B8F1000F65D008FB05F6B6FBF5F5A845AD
:1050900061D1311D5FD8B20711D026F0030204326E
:1050A0001C4603E06168914257D2A469002CF9D1F3
:1050B0002F4B2E481B6898470028D4D0D2E73246A1
:1050C000EEE7891A232904F120051CD80123A360E7
:1050D000D4E90523AAB19361A3690BB162695A614E
:1050E0000023C4E905333B69DB0703D5FFF792FFD3
:1050F000002835D13246002128462C460AF045FDCD
:10510000D6E7FB60E8E702F1200C04EB0C03203942
:10511000C3E90110DC6021691648196144F80C00EC
:10512000A0F11020A0F1EF10D86101B1CB6061694E
:105130005961A069986141B18B61996901B14B6175
:1051400001212361C4E90121CAE7FB60F5E72C4690
:10515000AEE74446ACE70446AAE7A0680028B0D012
:10516000012003F0A9FA00BF4C2B0020485C00206E
:10517000482B002055AA00FF70B5464B464C05460B
:105180001B6820469847002840F08280002D43D0BD
:1051900054F8143CA4F11406002B3DD0B268002A48
:1051A0003AD09D4203D3726813449D4202D301203A
:1051B00003F082FAA5F120042046FFF70BFF002838
:1051C000F5D155F8183C012BF1D155F8143C45F8B0
:1051D000180C3BB39A682ABB55F81C2C02F120012D
:1051E0005A680A445A6055E905321A6155F8145C48
:1051F0002B6903B1DD602022002120460AF0C5FCA6
:10520000286910B18368002B2ED033699B0703D522
:10521000FFF700FF0028CAD1BDE870401F4B1E48B1
:105220001B68184755F8100C00282AD0836843BB28
:105230004268636813442033636003692361D4E9DF
:1052400005239AB9CBB9436963618269A261B3B19D
:105250009C61A36903B15C61236903B1DC60202216
:1052600000210AF092FCD0E72C46E1E79361A369A4
:10527000002BE8D062695A61E5E7F360F7E7F46074
:10528000E7E7F36845F8083C03B15C61F460BCE70C
:1052900070BD00BF4C2B0020485C0020482B002034
:1052A00038B50C4628220021054615480AF06DFC49
:1052B000144B15481B6898471449154800F038F8F6
:1052C000232C1CD915F003031FBF043CE418C3F1C1
:1052D0000403ED182246002128460AF056FC084B2C
:1052E0000C49C3E90054203C9D606C609A681160D1
:1052F0009A68A1F11021A1F1EF11D161DA6038BDF6
:10530000345C0020502B0020485C002079510300C1
:105310005150030055AA00FF014B1B68184700BFFE
:10532000202B0020014B1B68184700BF1C2B0020BE
:10533000024B1860024B002019607047202B0020A0
:105340001C2B002010B50A46044619B1024B00215F
:105350001B68984710BD00BF242B0020F8B50D4EE8
:105360000D4C0E4D33680E48984767782B680C48F3
:10537000984733680B489847022F08D12478E31FD9
:105380005C425C412B68074898472046F8BD0024E2
:10539000F8E700BF4C2B00205C5C0020482B00206D
:1053A0006C2C0020582C00200E4B0340B3F1607F82
:1053B00006D1B1F5885F14BF6FF0860000207047FA
:1053C000B3F1707F0BD101F4E043B3F5005F06D178
:1053D00011F4E06F0CBF6FF08600002070476FF093
:1053E000860070470000C07F8A42F8B506460C462A
:1053F00000F0DB806F4922F4FF7323F001038B423E
:105400000ED06D4B22F0FF01994209D06B4822F477
:105410007F7323F00303834202D0694B994228D162
:10542000684B24F0FF0199420FD114F0FF000BD01C
:10543000654B40F00070984240F0B98082EA040069
:10544000FF288CBF00200120F8BD5B4B9942ECD0B7
:10545000A3F588539942E8D024F4FF7323F00103A5
:10546000B3F1062FE1D056488142DED053498B423A
:10547000DBD004F0FE43B3F1A06F14D102F0FE4381
:10548000B3F1A06F40F0938082EA040333F47E13FB
:1054900040F08D8014F40040D6D0C4F30540C2F330
:1054A00005429042CDE7B3F1407F6AD102F0FE435E
:1054B000B3F1407F7BD182EA040535F47E1576D1C5
:1054C00031462046FFF770FF002870D13F4B12F4A1
:1054D0007C1703EA02031BD0B3F1607FC2F30547D8
:1054E0003FD13B49D3B243F000738B423DD003F12F
:1054F0007E43043B112B01D83649CD5C14F47C1F4C
:10550000C4F3054333D1BD4214BF002001209BE703
:10551000B3F1607F0DD12E49D3B243F000738B42BB
:105520001DD003F17E43043B112BDAD82A49CF5C0E
:10553000D7E7B3F1707FE1D106F4E043B3F5005F44
:1055400003D10127C6F302239F4006F4E043B3F5DD
:10555000005FD3D10125C6F302218D40CEE710278D
:10556000BFE7B3F1707FC9D1EFE71025C6E712F4AA
:105570007C1F01D1AB4218D022047FF565AFBB423E
:105580005FE7B3F1106F12D124F01F6020F4702098
:1055900068B902F0FE43B3F1106F7FF455AF0F48C6
:1055A000104040F01060A042AEE701204CE7002020
:1055B0004AE700BF000200060013000600040006D0
:1055C0000009000600030006FF0000020000C07F83
:1055D0000300000289660400896604000000FFF6EB
:1055E0002DE9F843884617461C4600F00FFC054697
:1055F00088BBD8F80060B6F8009009F4E043B3F532
:10560000804FB36808BF27F0010737EA03031AD1B8
:105610000CB3254B24F0FF029A421FD114F0FF0374
:1056200004D0224A43F00073934232D022464846C7
:10563000F168FFF7D9FE074668B922464846316946
:10564000FFF7D2FE70BB6FF0840500233046C8F828
:10565000003000F0A1FC2846BDE8F883144B9A42C4
:10566000DCD0A3F588539A42D8D024F4FF7323F0FA
:105670000103B3F1062FD1D00E498A42CED00E4A93
:105680009342CBD004F0FE43B3F1407F04D1230416
:10569000CCD56FF08605D8E7B3F1A06FF7D0034BF8
:1056A0009C42C2E73D46D6E700030006FF00000229
:1056B00000130006000900060004000670B5114B37
:1056C00005461B6810480E469847044618B16FF00F
:1056D0008F04204670BD6B6933602B7F012B04BFA4
:1056E00002232B77094B18BF30601B68064818BF90
:1056F0006FF0960498470028EBD0002CE7D06FF0AD
:105700009604E6E74C2B0020442C0020482B002078
:1057100038B500F0FE43B3F1407F04460D4602D099
:105720006FF0860038BDFFF73FFE0028FAD114F471
:105730007C1F12D0C4F30543032B137022D9284ACF
:105740002240B2F1607F3DD1264AE4B244F00074B9
:1057500094422BD1102BE5D9E2E7214B2340B3F142
:10576000607F15D11F49E3B243F000738B4202D131
:1057700010231370D6E703F17E43043B112B04D9A9
:10578000002313706FF08500CCE71749CB5CD3E79B
:10579000B3F1707FF4D101F4E043B3F5005FEFD1D2
:1057A0000123C1F302218B40DBB2C5E704F17E4443
:1057B000043C112CB4D80D4A125D9342B0D8202B72
:1057C000B0D9DFE7B2F1707FAAD105F4E042B2F5BB
:1057D000005FA5D10122C5F30225AA40EDE700BF75
:1057E0000000C07F0300000289660400896604008F
:1057F00000232DE9F34113604768D0F81480044674
:105800000E463846114608F07AFE054688B93846F5
:1058100008F077FE054660B9FFB277B9B8F1000F1E
:1058200005D1A36823F0031323F47F4363B16FF022
:105830008605284602B0BDE8F0810121606908F0C4
:1058400038FE0028EDD1F2E74FF6F87362889A42ED
:1058500027D8154B15481B682779984710B16FF06A
:105860008F05E6E707B901A8314600F08DFA104B25
:1058700005461B680D48984710B1002DD9D1EEE7B9
:10588000002DD6D10FCCD6F800C066460FC694E8DE
:10589000070086E80700002FCBD1019BCCF814301D
:1058A000C7E76FF08505C4E74C2B0020442C00208F
:1058B000482B002010B5044660B1074B07481B6811
:1058C0009847204608F0D2FBBDE81040044B03483F
:1058D0001B68184710BD00BF4C2B0020442C002033
:1058E000482B002037B50446C0B101A900F08EFA5C
:1058F000044698B91F4B20481B6898471F4D38BB7A
:105900000198037F032B11D108F0E4FD2B680446B6
:105910001948984728B10CB96FF08F04204603B09E
:1059200030BD002C08BF6FF08704F7E7022B1BD1B6
:10593000032303770379FF2B19D04369104A03F13E
:105940004043A3F58053934202D800F0B7FC0446CD
:10595000019808F0BFFD2B68002818BF04460648D0
:1059600098470028DAD0D6E76FF09604F0E76FF09A
:105970008404EDE74C2B0020442C0020482B002011
:10598000FFDFFF3F2DE9F04116461F46002288B099
:10599000038805468846CDE9042207963A60002E22
:1059A00062D0B6F1005F80F09E8023F0FF03B3F574
:1059B000E24F02D0B3F5824F22D1284608F026FAF2
:1059C0000446002840F08380EB686BB16A885AB1C6
:1059D0002B8803F44F41B1F5824F05D1DBB2222B66
:1059E00037D02DD8122B39D04246002308EB0601C0
:1059F00012F8010B914243EA0003F9D1002B33D096
:105A0000284605AA04A9FFF7F3FE0446A0B9049BA3
:105A10009B6A63B3049B41465A882846069206AAAD
:105A2000029203F1280201929A6A00925B6A32465E
:105A300000F028FB044678B30498FFF73BFF46E0EC
:105A4000273BDBB21B2BCFD8284921FA03F3DB0716
:105A5000CAD50732B6EBD20FC6D205E040F2092311
:105A60009A42F6D1402EBFD86FF086042FE06B68C3
:105A70001B0A07D10799049808F0B8FA04460028D1
:105A8000C8D0D9E732464146284607AB00F0A2FA13
:105A900004460028EED0CFE70499069B4A88D2B985
:105AA0004B804FF6F873069A04989A4218D82B88C0
:105AB00013B102889A4210D16B8813B142889A427E
:105AC0000BD13946FFF7FAFD04460028B4D1204631
:105AD00008B0BDE8F0819A42E3D06FF08604ABE7EE
:105AE0006FF08504A8E76FF08504F0E70102000C71
:105AF00038B504460D46FFF731FC30B12A46214641
:105B0000BDE83840024808F03DBD6FF0880038BD60
:105B1000605C002070B51D4E1D4C33681D489847D1
:105B20002378590744BF23F00403237023789A078E
:105B300005D500F00FF9237823F002032370164DEA
:105B400014482B689847336814489847637813B112
:105B5000134808F01AFD0023042111486370FFF771
:105B6000F1FB2B680D48984733680A48984723781B
:105B7000DB0705D508F0CEFC237823F00103237062
:105B80002B680448BDE87040184700BF4C2B00202C
:105B90005C5C0020582C0020482B00206C2C00203E
:105BA000605C00202DE9F041FFF7D8FB18B100241C
:105BB0002046BDE8F081364F36483B68984704469A
:105BC00020B16FF08F04FFF7A5FFF1E7324D2B787E
:105BD000D80706D408F09CFC04462B7843F0010358
:105BE0002B702E4E2B483368984710B1002CE8D00C
:105BF000E9E7002CE7D13B6826489847044600288F
:105C0000DFD12B78990706D400F09CF804462B7856
:105C100043F002032B7033681E4898470028E5D1F3
:105C2000002CD0D13B681B4898470028C9D1336865
:105C3000184895F8008098470028C2D13B6818485A
:105C4000984704460028BCD16B7843B918F0010F7F
:105C500005D0144808F093FC022304466B703368A7
:105C60000F4898470028C1D1002CACD13B680948A7
:105C700098470028A5D12B7806485A075CBF43F007
:105C800004032B7033689847002890D099E700BF31
:105C90004C2B0020582C00205C5C0020482B00205E
:105CA0006C2C0020605C002038B5074C074B204668
:105CB0001B689847064B204693F88055054B1B6898
:105CC0009847284638BD00BF582C00204C2B002098
:105CD000645C0020482B002000F140431F2B70B56E
:105CE00005460E460CD82C22154C02FB0344237F9C
:105CF000022B02D16369834218D06FF08B001AE047
:105D0000012108F0D6FBB8B10D4B00221C46197FCB
:105D1000022902D15969A94205D00132202A03F192
:105D20002C03F4D1E9E72C2303FB0244204608F0BE
:105D3000B3FB00B9346070BD6FF08700FBE700BFB4
:105D4000645C00200122024B002083F8802570470C
:105D5000645C00202DE9F0410A4C002526464FF0F6
:105D6000010803272046C4F820802777013508F072
:105D70007DF9202D04F12C04F4D1002386F8803520
:105D8000BDE8F081645C0020F8B506460F46FFF7D9
:105D90008BFF80B300241B4B22461D46197FD1B1D7
:105DA0003CB9022905D1196A19B91979002918BF16
:105DB0001C460132202A03F12C03EFD114B96FF0F5
:105DC0008C0006E0204608F067FB204608F04EF9FC
:105DD00010B100240DE01C46237F7BB901232377FB
:105DE00036B1094B651BAD105D4305F1804535604B
:105DF00000203C60F8BD6FF08800EAE76FF0960085
:105E0000E7E700BF645C0020A38B2EBA00232DE9D6
:105E1000F0410B6090B005460E46FFF745FF0028A5
:105E200000F0AF80584B59481B689847804668B9C6
:105E300031462846FFF750FF10F18C0F0446544FAF
:105E40000AD03B685148984710B10CB96FF08F04E5
:105E5000204610B0BDE8F08131464046FFF794FF80
:105E6000044618B13B6849489847F1E70122336876
:105E700001465D61336809A85A601C22356809F043
:105E800084FE002200236869CDE90623414A00F11F
:105E90004043A3F580539342CDE90444039405D9CC
:105EA000284608F0E3F86FF0870420E006AA03A96B
:105EB00001F0C6F90446002837D1039B6A690A93AA
:105EC000DBB2002B08BF00220346CDE90000DDE96C
:105ED00006010E9209AA00F063F910F18A0F044638
:105EE00008D030680CBB08F0C1F86FF096040023AE
:105EF0003360A6E704A909A800F084F80446A0B915
:105F00002846049908F072F8044670B9DDE90601E4
:105F100005AB0193AB6A09AA00936B6A00F040F9E4
:105F2000044648B1284608F096F8306808F09EF814
:105F300014F18C0FDBD1B6E7059B09ACAB620FCC3B
:105F40000FC594E8070085E8070033689A68D00415
:105F500013D49A68910444BF42F400629A60336893
:105F60001A7F012A04BF02221A77306808F094FAD7
:105F7000044600283FF465AFB9E742F480629A60B6
:105F8000E7E76FF0880463E74C2B0020442C0020E7
:105F9000482B0020FFDFFF3F10B50B4B04461B686A
:105FA0000A48984718B16FF08F04204610BD20466C
:105FB00008F090FA064B04461B68044898470028EE
:105FC000F3D0002CF1D1EEE74C2B0020442C002024
:105FD000482B0020194610B4002443680C60074C7D
:105FE0001A0AB4EB132F02D0054B9A4202D110BC0F
:105FF00000F044BB6FF0860010BC7047004E80007C
:106000004B4E800010B4002443680C60074C1A0A01
:10601000B4EB132F02D0064B9A4202D110BC00F011
:106020002DBB6FF0860010BC704700BF004E800093
:106030004B4E80002DE9F041456804462D0A0E467E
:106040001746984606D00E4CA54214D06FF0860035
:10605000BDE8F08105886D0407D443463A463146D1
:106060002046BDE8F04108F08AB901F059F810F176
:10607000860FEDD1F1E7BDE8F04101F051B800BF66
:106080004B4E80002DE9F04FDFF880B0D0F804E0EF
:1060900085B0BBEB1E2F0446DDE90E890D46164682
:1060A0001F46DDF840A04FEA1E2C1CD0DFF860E050
:1060B000F44518D0BCF1000F22D1CDE9019ACDF8FA
:1060C000008000F041FF10F1860F1BD13B463246A5
:1060D00029462046CDE90F9ACDF8388005B0BDE8B5
:1060E000F04F07F096BF3B46324629462046CDE9A1
:1060F0000F9ACDF8388005B0BDE8F04F00F024BF0E
:106100006FF0860005B0BDE8F08F00BF004E800044
:106110004B4E800030B44468240A06D0064DAC4291
:1061200006D030BC6FF08600704730BC07F0BBBFB4
:1061300030BC01F0A5B800BF4B4E80002DE9F743FD
:106140000D46DDE90A891646134942681F46B1EB40
:10615000122F04464FEA12230ED0104A934200D069
:10616000ABB93B46324629462046CDE9008900F0CE
:1061700057FE10F1860F0CD13B4632462946204689
:10618000CDE90A8903B0BDE8F04300F049BE6FF0E5
:10619000860003B0BDE8F083004E80004B4E8000C7
:1061A000F0B4DFF82CC05468DDE90456BCEB142FC2
:1061B0004FEA142702D0074CA74204D1CDE9045678
:1061C000F0BC00F0EBBF6FF08B00F0BC704700BF7D
:1061D000004E80004B4E80002DE9F043DFF84490E4
:1061E000DDB2446845F000754D45DDF82C804FEA7E
:1061F0001424DDE90767DDE909CE0CD014B10A4D9E
:10620000AC420CD1CDE90AE8CDE9087C0796BDE89F
:10621000F04308F086BB6FF08500BDE8F0836FF0B7
:106220008600FAE7050000024B4E8000F7B5089E95
:106230000E4FF5B2044645F000754868BD424FEA7E
:1062400010200DD010B10A4DA8420CD1009604F1D7
:10625000080008F0EEFA08B90523236003B0F0BD8A
:106260006FF08500FAE76FF08600F7E7050000029F
:106270004B4E8000F7B5089E0E4FF5B2044645F030
:1062800000754868BD424FEA10200DD010B10A4D8C
:10629000A8420CD1009604F1080008F0CCFA08B925
:1062A0000523236003B0F0BD6FF08500FAE76FF0BF
:1062B0008600F7E7050000024B4E80004268044B61
:1062C000B3EB122F01D108F005BC6FF085007047C9
:1062D0004B4E800010B50C4C206802F0F5F80B4ACC
:1062E0001368591C11604BB9094A4820D2F8003490
:1062F00043F00703C2F80034EBF7D4FF2068BDE891
:10630000104002F0F7B800BF2C2B0020E8610020FD
:106310000080045038B5164D286802F0D5F8154BAA
:106320001C68013C1C60ECB94820EBF7C9FF072250
:10633000114BC3F80823D3F8002422F00702C3F856
:106340000024C3F80041D3F80021C3F80441D3F876
:1063500004214FF48072C3F80841D3F80831074B89
:10636000C3F888212868BDE8384002F0C3B800BFF0
:106370002C2B0020E86100200080045000E100E0A8
:1063800070B50D4D0D4E2B68B34209D0FFF7A2FF3B
:1063900001F02EFE01F07CFE20B9FFF7BBFF2E605E
:1063A000002406E008F0F6F80446FFF7B3FF002CDF
:1063B000F5D0204670BD00BF282B0020117365006A
:1063C0001FB5114CD4F84034012B14D0B72000F085
:1063D00013FB18B16FF0210004B010BDB82000F01D
:1063E0000BFB0028F6D1B92000F006FB0028F1D104
:1063F0000123C4F8403410220021684609F0C5FB8F
:10640000684609F02BF8E7E70080045000230B6092
:1064100010F0FF0319D043F0007303F17E43053BF6
:106420000E2B12D8DFE803F00A1111080F0A0A1127
:106430001111110A0A0A0A00094B0B600B6863B9B3
:106440006FF085007047074BF7E700F0FE40B0F1B2
:10645000007FF5D06FF0860070470020704700BFC6
:10646000F01B0400D01B0400302817D00DD81238C0
:10647000C0B2192806D8012383401E481840A8BB83
:10648000DB0721D46FF086007047412801D04228F5
:10649000F8D1FF292AD0B1F5E07F09E0B1F5A07F5E
:1064A00024D00BD821F02003C02B1FD0B1F5807F62
:1064B0000CBF6FF085006FF086007047B1F5C07FAC
:1064C00014D0B1F5007FF3E7B1F5807F0BD003D88E
:1064D00021F02001C029EBE7B1F5C07F06D040F2E2
:1064E00009239942E4E7044B136070476FF085007D
:1064F000704700BF20022102201C0400A0F11203FB
:10650000DBB21E2B9DBF0348D84000F001000020E5
:10651000704700BF210221422DE9F0411D4B94B08C
:10652000D0F8048006460F4601A8196801F0CEFD98
:10653000DDE90154DCB922463146284603AB09F0B7
:10654000A4F8044698B9284609F047F8DDE9031293
:106550000346384608F0C4FE284608F06CFF28467B
:1065600008F034FF0446284601F0DAFD2CB120463D
:1065700014B0BDE8F04108F00DB8414603A808F09A
:10658000B8F803A8414608F0B4F8204614B0BDE8B6
:10659000F08100BF2C1C0400F8B507460D461846D4
:1065A0001C2116461C4608F0A4F87B682A491A0AE2
:1065B000B1EB132F1BD1294A2B782261284A13F003
:1065C0000303E26065610CD0023303F00303012B87
:1065D0003CD87B880733DB086360224B23600020B4
:1065E000F8BD7B880733DB0863601F4BF6E71F4B62
:1065F0009A4228D11E4B2246E3601E4B1E4923615E
:10660000002342F8183F62617A698A4208D001315A
:106610008A4207D002398A420BD10123A360DEE708
:106620000223FBE72021104AC4E90333C4E9002117
:10663000D5E776B1022E04D12B78A3606B78A361E5
:10664000CDE7C4E90333C4E90056C8E76FF084001E
:10665000C6E76FF09600C3E74B4E800075730300EA
:10666000C3EB03000000002040008151004E800079
:10667000C163030091E5030003C0FF7F10B51E4C0A
:106680004368B4EB132F4FEA132215D142691B4B19
:106690009A420CD003F5FF437D331344012B03D8FA
:1066A0000388B3F5105F24D06FF0860019E047F23D
:1066B000121302889A42F6E7114B9A42F4D10288EB
:1066C00002F44F43B3F5824F0CD1438844F21210C9
:1066D000073382424FEAD30301D15B00013300202C
:1066E0000B6010BDB2F5885F03D143880733DB0828
:1066F000F5E70223F3E700BF004E800001C0FF7FF3
:106700004B4E80004FF480732DE9F04796B08046E1
:1067100003A80393002407F0F8FF4FF010091E4E62
:106720000DF12F0525F01F0506F1200A0122102189
:106730001A4809F0DEF82B19009352461023202145
:106740001548CDF8049001F073F90746F8B9D6E979
:106750000C321034013342F10002302CC6E90C3205
:10676000E4D1B8F1000F04D022464146284609F092
:10677000CAF82E46084C0FCE0FC496E80F002035FD
:1067800084E80F0095E80F00103484E80F003846C5
:1067900016B0BDE8F08700BFF8540020185500205F
:1067A000F0B5184D184FAB6B8DB0BB4228D0174ECB
:1067B000306801F089FE402300221946284607F080
:1067C0008DFF684607F0AEFF044678B96846FFF7CC
:1067D00099FF044690B9302302461946684607F0EF
:1067E0007DFF01220023C5E90C23AF63306801F06F
:1067F00081FE204607F0CEFE0DB0F0BD0E24F5E779
:106800000020F9E7F8540020B4A5B4A5302B0020EF
:106810002DE9F04F99B00DF1570802F10F098246AA
:106820000E46144628F01F084FEA191922B1002914
:106830006CD0B2F5803F69D8364F374D386801F0DB
:1068400043FED5E90C3213430BD15046FFF7A8FFA6
:10685000834630B1386801F04DFE584619B0BDE8A6
:10686000F08FD5E90C2319EB020243F10003B3F5D5
:10687000803F13D302A807F055FFE8B902A8FFF73D
:1068800041FF83460028E5D130230246194602A87D
:1068900007F024FF00220023C5E90C234FF4807386
:1068A00002A8029307F031FFDFF870A03CB9204640
:1068B000FFF728FF8346CDE76FF0920BCAE7102C55
:1068C0004FF001024FF010015046A14628BF4FF093
:1068D000100909F00EF8102352462021CDE900835B
:1068E0000D4801F0A5F883460028B3D14A4630464A
:1068F000414609F023F9D5E90C32013342F1000297
:10690000C5E90C32A4EB09044E44CFE76FF0860BC7
:10691000A3E700BF302B0020F854002018550020BA
:106920000022074BC3F81021C3F80C21C3F8002143
:10693000C3F80421C3F80821C3F81421704700BF2D
:106940000050045008B5FFF7EBFF01230360104B24
:106950000A6832B9D3F80C211AB9D3F80821002AF1
:10696000F6D00B687BB90B4B99420ED0A3F584731C
:10697000D3F80831002B0CBF4FF0FF306FF002004E
:10698000FFF7CEFF08BD0020FAE74FF0FF30F7E732
:10699000005004500851045070B506460D46F9B138
:1069A0004B6913F00F0408D00F491048502202F031
:1069B000A1FB50210C4802F094FB2146012006F077
:1069C00016FB0B480B49C0F80065C0F80455FFF7EB
:1069D000B9FF21460546204606F009FB284670BD52
:1069E0006FF00105FAE700BFA2660400442004002E
:1069F0000050045000510450034B0449C3F80005F3
:106A00000348FFF79FBF00BF0050045004510450DB
:106A10000450045010B504460021012006F0E7FAA6
:106A2000064B0749C3F800450648FFF78BFF0021D6
:106A30000446084606F0DBFA204610BD005004501C
:106A4000085104500850045038B50C4659B1074D50
:106A50000749C5F800050748FFF774FF10B9D5F8D6
:106A60000835236038BD6FF00100FBE7005004508B
:106A7000105104500C5004502DE9F341089C1E465F
:106A800004F0FE43B3F1407F05468846174608D020
:106A900053495448AB2202F02DFBAB21504802F081
:106AA00020FB0368002B40F092804F4B14F47C12C3
:106AB000046003EA04032CD0C4F30542B3F1607F01
:106AC00042604DD10023E0B201A940F00070019373
:106AD000FFF79CFC0446C0B905F15008602240460F
:106AE00005F5167108F0A3FE33463A460199404673
:106AF00001F0FCFB404608F0D7FE404608F0A1FE3E
:106B0000672859D007F046FD0446204602B0BDE88C
:106B1000F081B3F1607F12D1344BE0B240F00070ED
:106B2000984202D110236B60CCE700F17E4004381C
:106B3000112801D96A60C5E72D4B1B5CF3E7B3F15F
:106B4000707F01D06A600BE00B8803F4E041B1F57F
:106B5000005FF7D10122C3F3022302FA03F343607B
:106B6000244B24F47E149C4234D1B8F80030B3F5A1
:106B7000105F2FD1A6F11003102B2ED805F5B47499
:106B800039463246204605F5A67708F0D7FF21465C
:106B90003B4632464046FFF7FFFC04460028B4D18E
:106BA000394605F1500000F095FF044648B102B0A7
:106BB000BDE8F04107F0EEBC019808F0BCF9A86010
:106BC000A3E71023AB60012385F848319DE76FF000
:106BD00088049AE76FF0850497E76FF0860494E7DE
:106BE000F1660400442004000000C07F030000029E
:106BF0003C6704000002C0032DE9F74F0368044618
:106C000089461646002B66D0002A67D0364D1D40B7
:106C1000B5F1607F55D1002213F0FF0018BF40F09E
:106C2000007001A90192FFF7F1FB054680BB0198B6
:106C300008F081F98046A06804F10C0B8642A8EBAD
:106C4000000008D232464946584408F077FFA3684E
:106C50009B1BA3601CE004F1500A024659465046B3
:106C600008F011FEA7684946F31BB3FBF8F308FBD5
:106C7000037750463A4608F006FE504608F014FEE8
:106C8000504608F0DEFD672806D007F083FC054675
:106C9000284603B0BDE8F08FA6EB070A402158460E
:106CA000C4F8088007F025FDBAF1000FF0D0524675
:106CB000584609EB070108F041FFA3689B1B3B44C2
:106CC000C7E70A4C23F47E13A34209D103B0BDE801
:106CD000F04F07F0B2BD6FF08805D9E71546D7E74A
:106CE0006FF08505D4E700BF0000C07F0002C0033D
:106CF0002DE9F041046805460F461E469CB3A9B332
:106D0000A2B34368934234D81B4BDFF87080234012
:106D1000B3F1607F0DD024F47E14444512D128468F
:106D200007F058FD044684B1002333602046BDE8D7
:106D3000F08107F020FD2B68044623F47E134345C1
:106D4000F1D1ECE76FF09604EEE705F10C0138465F
:106D50006A6808F0F3FE6B684FF42E7128463360C2
:106D600007F0C7FCE2E76FF08804DFE76FF0860406
:106D7000DCE76FF08904D9E70000C07F0002C003A0
:106D80002DE9F0410388C76803F44F44B4F5824FFE
:106D900008BF1D4603F4E0441F4B18BF0025002028
:106DA0009E46EDB21E78AE4224D1D3E9026CD2F8F1
:106DB0000080B4F5804F08BF6646B8F1000F0CD1D3
:106DC0008E420AD1142303FB00E3596811601B7C37
:106DD000B3B96FF08500BDE8F081D3F804C0E04599
:106DE00008D18E4202D06FF08600F4E7142303FB33
:106DF00000E3ECE70130132803F11403D2D1F2E7EA
:106E0000422D06D1054B9F4203D003F20B139F4244
:106E1000E9D10020DFE700BF0C1A040000080006DB
:106E20002DE9F3470646DDE90A08894617469A46E2
:106E300053B940494FF451723F4802F05BF94FF4A7
:106E400051713C4802F04DF9B8F1000F08D13949B1
:106E500040F24532384802F04DF940F24531F0E752
:106E600000243388C8F8004000285DD023F0FF03D9
:106E7000B3F5E24F4CD13588718805F44F43B3F533
:106E8000824F1AD1EDB2422D18D8402D12D8A5F15B
:106E90001203DBB21E2B11D8284A42FA03F3DA0799
:106EA0000CD4CC1DE40864000134A04206D26FF07B
:106EB000890013E0CC1DE408F7E72546284601AA1F
:106EC000FFF7D2FA50B972681D4BB3EB122F08D1FD
:106ED000022F0CBF6FF085006FF0860002B0BDE896
:106EE000F087123DEDB21E2D21D8164BEB40DB078B
:106EF0001DD551460423019A01F8013B484601F093
:106F00004BFA07F047FB0028E8D1C8F80040E5E756
:106F1000B3F5824F0BD19042C9D3504608F00EFE14
:106F20002046C8F80070D9E76FF08600D6E76FF00A
:106F30008500D3E74E67040044200400DEFFFFBF56
:106F4000004E8000210000402DE9F04F9DB0064624
:106F50008B4615469846DDF89890DDF8A0A053B909
:106F60006A4940F26A326A4802F0C4F840F26A3173
:106F7000664802F0B6F8279B43B9644940F26B3289
:106F8000634802F0B7F840F26B31F1E7BAF1000F55
:106F900008D15E494FF45B725D4802F0ABF84FF4E4
:106FA0005B71E5E7002227990388CAF800200A6090
:106FB000B9F1000F60D04268564C110AB4EB122FA1
:106FC00025D107A94769FFF759FB0446D8B9079BA4
:106FD0004B4500F29580FFB22B465A463946304663
:106FE00000F0FCF9044670B9279B2146CDE90093D7
:106FF000384643460BAA00F063FB044618B9BDF8B7
:107000002E30CAF8003020461DB0BDE8F08F0029B0
:1070100079D123F0FF03B3F5E24F17D14388A94597
:107020000B936DD329460BAAFFF7AAFE044600284E
:10703000E9D12B465A464946404607F03DFBD8B1B8
:107040000B9BCAF80030279B1D60DCE7B3F5824F2D
:1070500059D143880788059307F44F43B3F5824F0E
:10706000C3685A4603934FF041012B460BA818BF43
:10707000002707F021FB10B96FF08604C3E7A9458C
:107080003ED32946304605AAFFF77AFE044600287B
:10709000B9D1F8B21228059E01D0302828D19DF828
:1070A0002C10F31DDB085A00042902F10102E3D180
:1070B0009542E1D1184A0399114041F010621749F5
:1070C0008A4215D10DF12D020BA9CDE907325A1CC8
:1070D0000A44CDE90932314606AAFFF7C5F908B1DD
:1070E000044690E7069807A9FFF716FA0028F7D19B
:1070F0002A4640460BA908F021FDCAF80060A2E725
:107100006FF089047FE76FF085047CE74E67040029
:10711000442004004B4E80000000FFF600000209EE
:107120002DE9F04151B91A494FF49162194801F023
:10713000E1FF4FF49161164801F0D3FF43B91449C0
:1071400040F28942134801F0D5FF40F28941F2E74D
:107150004468DFF844C00588BCEB142F4FEA1427BD
:1071600003D1BDE8F04107F081BC6FB942B125F011
:10717000FF04B4F5E24F07D1BDE8F04107F000BCD1
:107180006FF08600BDE8F0816FF08500FAE700BF80
:107190004E670400442004004B4E80002DE9F3416B
:1071A00050EA010E0546DDE9088714461E460DD05B
:1071B00010F1FF3E41F1FF3CBEF1020F7CF1000CEB
:1071C0001BD302B0BDE8F04100F07ABA1849194B60
:1071D0001046C2E90013184B4FF47051D36007F00A
:1071E0003BFC01A9FFF74AFA20B9019B434519D995
:1071F0006FF0890002B0BDE8F081104A0D4B4FF4EA
:107200004041C4E900234FF008232046E36007F023
:1072100023FC01A9FFF732FA0028EBD1019B43457B
:10722000E6D8E8B23B60307000207070E2E700BF43
:107230001271000103004E800906000600240001BF
:1072400070B40D4E0C46B042154608D00136B0421F
:107250000ED0023EB0420DD070BC00F00FBA012239
:107260000023C5E90023054B0020236070BC704754
:107270000222F5E70022F3E702C0FF7F03004E8001
:107280002DE9F8430D461F464168244B9146DDE940
:107290000828B3EB112F064639D1048804F44F4374
:1072A000B3F5824F0CD0B4F5885F0ED14A4629461B
:1072B000384608F043FC0020C8F80090BDE8F88389
:1072C000E4B2422CF2D0122CEFE773880733B2EB12
:1072D000D30F4FEAD3091DD3114E306801F0F4F8F3
:1072E000284607F06EFC044630B94A4638460D4938
:1072F00008F024FCC8F80090284600F03BF83068FD
:1073000001F0F8F82046BDE8F84307F043B96FF004
:107310008B00D3E76FF08900D0E700BF4B4E8000B1
:10732000342B0020000000204029F8B505460E4609
:1073300018D80E4F386801F0C7F8284607F041FC0E
:1073400007F028F9044640B909493246284608F0B2
:10735000F5FB4021064807F0CCF9386801F0CAF87F
:107360002046F8BD6FF08904FAE700BF342B0020F7
:107370000000002008B54021024807F0BAF90020BB
:1073800008BD00BF0000002037B51349436804461C
:10739000B1EB132FDAB21BD1032A15D0057D01A959
:1073A000284607F0B8FB88B96A462146019807F0DD
:1073B00093FB58B92846009907F0C8FB30B903B0D1
:1073C000BDE8304007F0DABB6FF0840003B030BD99
:1073D0006FF08B00FAE700BF4B4E80002DE9F04FB5
:1073E00089B005460F4690461E4607F0C7FB044687
:1073F00078B96B690090C3F3013363F305148DF81A
:10740000004014F0300408D1AA68920710D06FF041
:107410008604204609B0BDE8F08F102C08D1BDF8D5
:10742000022022F4F87242F4A872ADF802206BE058
:10743000EA688B498A4249D08A498A4238D08A49C7
:107440008A4240D10D219DF8022061F303028DF89C
:10745000022000224FF0010B964611461046D5F847
:1074600008C0DFF8089259F804AB1CEA0A0F08D0EC
:107470000BFA00F242EA0E0202F07F0E012241EA0C
:107480000A0101300728EED12AB19DF803206EF3DE
:1074900047028DF803203CEA010114D16A88FF2AD3
:1074A00049D017D8802A48D0C02A0CD1022215E032
:1074B00005219DF8022061F303028DF802202A883D
:1074C000B2F5105FC5D06FF08504A2E709219DF8E1
:1074D0000220F0E7B2F5807FF5D104229DF802107A
:1074E00062F306118DF8021014B91CF0030F8ED14F
:1074F0002A79022A2ED022D8012A88D1BDF802107A
:1075000062F3C811ADF80210012B73D0032B26D003
:10751000002B7FF47CAF2B88B3F5105FD3D1182EEE
:1075200070D0202E73D0102E7FF471AF0125DFF8BC
:1075300040A11F261BE00322D0E70122CEE7032A49
:1075400002D0FF2A7FF463AF0221BDF8022061F36D
:10755000C8126AE7BDF8022042F4C07265E7412E06
:107560003DD104254F26DFF80CA108F101080024C5
:10757000381907F0F6F800286FD00134AC42F7D183
:107580001F2E07D02946384607F0E0FA04460028A7
:107590007FF43FAF009B4FF0FF39079300239B46DA
:1075A000CDF818A0BDF802204344C2F3C1120592E1
:1075B00001AC03F1100C224618685968083303C265
:1075C00063451446F7D101A907EB0B00FFF7E4F977
:1075D000044648B307F0D2FA6FF0920419E7182E68
:1075E0001AD0202E1CD0102E7FF411AF0125DFF809
:1075F00084A09EE7302E7FF40AAF03253F26DFF8F4
:1076000078A0B4E70225DFF868A02726AFE70225B7
:10761000DFF85CA02F26AAE70225DFF858A0F4E7E0
:107620000225DFF850A0F5E71C2101A80BF1010BA2
:1076300007F05FF8AB4506D00AEB0B12CDE906293F
:107640004FEA0B13AEE71F2E3FF4E3AEFA20FFF72D
:10765000E1F900283FF4DDAEBEE76FF08A04D8E61A
:107660000002C0030044400409008003881B04009A
:1076700040008151000000201084045073B5C5B251
:107680000E46284601A9144607F045FA88B9BDF808
:107690000630C3F3C113013BDBB2022B8FBF6FF087
:1076A0008600054AD25C054B9EBF13433360C4E994
:1076B000005002B070BD00BFA4670400004B4E80B4
:1076C0002DE9FF4101A9804614461F460A9D07F097
:1076D00022FA002840F0B68007F050FA002840F067
:1076E000B180002C00F0B1809DF8041011F00F0261
:1076F00040F0AE80BDF80630C3F3C113013BDBB2EE
:10770000022B00F2A8805A48C05C5A4B03436360C6
:1077100001F03003102B3DD103F1C07303F6F17378
:107720002360204602A9FEF7A9FF002840F08A80C6
:10773000029BAB4200F2988044F212122188019819
:10774000914204BF042207F8012B0B9A21461360D3
:107750009DF804303A78C3F3011363F301023A70E1
:1077600003AA08BF05F1FF3507F0B6F9002869D173
:107770003B78039A87F8018062F384033B70238887
:1077800003F44F42B2F5824F59D129463846FFF7EC
:10779000CBFD57E013469DF807C0DFF8DCE04FEA69
:1077A0005C0018BBD60454BF134642F480639804AF
:1077B00048BF43F40063A3609DF8063003F00F0058
:1077C00009281DD00D2820D005284AD14FF410508B
:1077D000DFF8A8C0C3F30213013B2080C4F80CC03B
:1077E000032B19D8DFE803F016242628C60704D592
:1077F000062B33D85EF82360324340080133D0E7CC
:107800004FF41050DFF878C0E4E74FF48850DFF809
:1078100074C0DFE78023638011F0300F81D1B0F5B1
:10782000105F02D193073FF47CAF6FF0960009E040
:10783000C023F0E7FF23EEE74FF48073EBE7B3F5E7
:10784000885FA2D004B0BDE8F0816FF08600F9E750
:107850006FF08800F6E76FF09100F3E76FF08300B8
:10786000F0E76FF09200EDE76FF08900EAE700BF04
:10787000A4670400004B4E80881B040000444004B1
:107880000002C003090080032DE9F0471546028875
:107890001E4602F44F43B3F5824F4FF00003B4B0DD
:1078A000DDE93F74894641883B605D4B04F0FE4C46
:1078B00018BF00222340BCF1106F43F01063DFF8C3
:1078C00064C10FD124F01F6424F4702454B96345BB
:1078D0000AD1038823F0FF03B3F5E24F0CD06FF019
:1078E000860006E0634502D04F4A9342F7D16FF01D
:1078F000850034B0BDE8F0875FFA82F8404602AAFE
:10790000FEF7B2FD824600286ED1029B5B68AB4257
:10791000E5D14046FEF7F2FD0028E8D012AB102278
:10792000CDE90B35514623AB0EA80D93CDE9035994
:10793000DDF808800A9508F028F93C9A6B000133BD
:107940009A42CCD13378042BC9D13E9B9D4248D872
:10795000731CCDE90E536B1C1E4440460EA9CDE9A5
:107960001056FEF7D9FD0028C3D10A262F4B1B68FD
:107970000193019905A800F0A9FBDDE9055424BB9A
:1079800022464146284607AB07F07FFE0446E0B991
:10799000284607F022FE04460246079903A807F08E
:1079A00076FCDDE9081223460EA807F099FC28466C
:1079B00007F041FD284607F009FD0446062C28463D
:1079C00014D100F0ADFB013ED3D1DDE90A1006F081
:1079D00090FEDDE90C1006F08CFE204606F0DAFD84
:1079E00087E76FF0890084E7204682E707F031FEE1
:1079F0000646284607F0F1FD0AAB0246D6E900012B
:107A000007F05EFC284600F08BFB002CDDD10A9AC3
:107A10003D990AA807F03BFC0A9B3B60D5E700BFF5
:107A20000000FFF60000020900000109441C0400E8
:107A300010B543F0005392B0109321234FF480749B
:107A40000E9201221193149B01940293159B01AC99
:107A500041F0005106940C91112440F6110143F0BD
:107A60000053CDE903232023DFF864C00A90CDE959
:107A700008C40D9100200EA90AAC07940B910F9237
:107A8000059300F033FABFF35F8F4FF0A34306AACC
:107A90001A60BFF35F8FBFF35F8F02AA1A61BFF353
:107AA0005F8FBFF35F8F03225A63BFF35F8FBFF314
:107AB0005F8F9A63BFF35F8F07F00FF9431C044693
:107AC000FAD0002000F03CFA204612B010BD00BFF2
:107AD0000400002070B504460D4619B10A688B6891
:107AE0001AB953B96FF021063BE033B94B6823F064
:107AF0000802102A01D0202B35D12046256107F03D
:107B000043FA064600282CD1184B04F17801236073
:107B100001236360AB6804F114009A069B01DBB299
:107B200002F0E0421A4342F48032112300F020F8C0
:107B3000AB6893B92A68A3691A606B68A26943F0BD
:107B4000005393602268A36992699268DA60A3691E
:107B50001033A36163680133636000221023C4E91A
:107B60000223304670BD6FF04106FAE7A41B040003
:107B7000026100F11402826000F110024160C260F3
:107B80000A604268034991604268D36043681033D9
:107B90004360704704000020C36870B57BB9C369B7
:107BA00000F128021A60C369454A9A604368C269B5
:107BB000DB6843F48063D360C3691033C361836AB5
:107BC0009B052FD40368C268DD6800F1EC04302DFA
:107BD00034BF082610261D6901366B1E1340EB1AB0
:107BE000B34238BF5B191C44D50004F8015C03F1B3
:107BF000EB045209044400F1ED05A5425CD180225A
:107C000080F8EC20426AC469C4322260C269936081
:107C10004468C269E468D460C2691032C261026912
:107C20001A4402610269C469D31C23F003039B1A3E
:107C300054F8042C42EA032244F8042CC26952F896
:107C4000084C234443F0005342F8083C026A03689E
:107C5000DB6811600168026AC96803339160026AD7
:107C600023F0030302F1100101620168C96899421F
:107C70000BD0002111610168026AC9685B1A43F0E8
:107C800080439360036A10330362836A13F4806352
:107C900011D102685169D26891420CD0026A136016
:107CA0000268016A5369D2689B1A43F080438B6073
:107CB000036A1033036270BD04F8012D120A9CE7B9
:107CC00004000020B1F5AA7F70B505461BD30368F8
:107CD0001C6814F0400419D100F11806304600F079
:107CE00005F929460B4B30466B6051F87C2B13236A
:107CF0001268FFF73DFF084B20466B610123C5E981
:107D00000344AB6070BD6FF02200FBE76FF0020030
:107D1000F8E700BF101C0400997B0300BFF35F8FDE
:107D2000094A1368BFF35F8F43F48071BFF35F8F1D
:107D30001160BFF35F8F23F48073BFF35F8F136015
:107D4000BFF35F8F704700BF0010805108B5FFF789
:107D5000E5FFBFF35F8F064A1368BFF35F8F43F001
:107D60000103BFF35F8F1360BFF35F8F08BD00BFD8
:107D70000010805170B50026C0E9006605460C462B
:107D8000FEF7A8FA01232B70FFF7C8FFBFF35F8F40
:107D9000204BDB68BFF35F8F9B08013BACB32268CD
:107DA00042B19A4205D9FEF7B5FA6FF03F002E7046
:107DB00070BD1346D4E90115E068002908BF4FF4EF
:107DC0000071002808BFF1202469BFF35F8F114ABA
:107DD0009360BFF35F8FBFF35F8F1564BFF35F8F57
:107DE000BFF35F8F5064BFF35F8FBFF35F8F51634B
:107DF000BFF35F8F44F4802444F00104BFF35F8F2E
:107E00001460BFF35F8F0020D2E74FF40071F120C0
:107E10002546DAE70010805170B503780D46144608
:107E2000002B53D0BFF35F8F2D4A136BBFF35F8FCF
:107E30005908C3F34203052B4BD011F0060F02D1B2
:107E40004FF0FF3070BD4368D3B9BFF35F8F536805
:107E5000BFF35F8F032BF3D9224B2349BFF35F8F0F
:107E6000D2F88060BFF35F8FBFF35F8F43F8046B7E
:107E7000BFF35F8F8B42F1D1FFF768FF01234360AF
:107E8000BFF35F8F164B9A68BFF35F8F0132B4EB7D
:107E9000021F21D8BFF35F8F5A68BFF35F8FB4EB27
:107EA000820FCDD884B1BFF35F8FD3F88020BFF3AA
:107EB0005F8F291D05F8012B8D424FEA122204F134
:107EC000FF34EFD0002CF5D10020BBE76FF020008D
:107ED000B8E76FF05100B5E76FF03F00B2E700BFC1
:107EE00000108051101080512010805110B50446B0
:107EF000FEF7F0F9104B186800F0E6FA0CB1012318
:107F00002370BFF35F8F4FF0A3430022DA61BFF30A
:107F10005F8FBFF35F8F4FF0FF321A63BFF35F8F46
:107F2000BFF35F8F3422DA61BFF35F8F0122034B0F
:107F3000C3F8042310BD00BF342B00200080045080
:107F400010B5044638B9FEF7E5F9BDE81040074B17
:107F5000186800F0CFBA03783BB1FEF7DBF9034BAA
:107F6000186800F0C7FA0023237010BD342B0020DE
:107F700038B51A4CD4F80051C5B1BFF35F8F4FF03C
:107F8000A343996ABFF35F8FBFF35F8F4FF0FF3258
:107F90001A63BFF35F8F0023C4F80031D4F80031B7
:107FA0000F4B1868BDE8384007F09DBDD4F8083184
:107FB00053B100F0B1F807F0ECF9C4F80851D4F867
:107FC00008310121074BECE707490848442201F03A
:107FD00091F84421044801F084F800BF0080045067
:107FE0003C2B0020382B0020A7670400442004000D
:107FF00008B5074B186807F065FD064B186807F0D1
:1080000061FDBDE80840002248201146EAF76CB93E
:108010003C2B0020382B002038B5094B1C7864B16C
:10802000084B4FF0FF311D68284607F04DFD4FF01B
:10803000FF310446284607F054FD204638BD00BFF6
:10804000A36800203C2B002038B5074B4FF0FF31D0
:108050001D68284607F038FD04464FF0FF312846DA
:1080600007F03FFD204638BD382B002010B5064CE8
:10807000236D3BB9214651F8503B986907F06EFBE0
:1080800001232365014810BDEC6100203C62002003
:1080900038B500240B4D0C4BEC662B6003F5C04348
:1080A0006B60FFF7E3FF50B16B6D2046B3F5007FC7
:1080B000CCBF4FF480634FF40073AB6038BD0E202B
:1080C000FCE700BFEC6100200020805170B50E4637
:1080D0000E4B0F4C0546186800F0F6F9C4E904642D
:1080E000FEF7F8F804220B4BC3F80423204607F0F0
:1080F00032F938B9204607F033F918B9C5E900401C
:10810000284670BDFFF7A0FFF0E700BF402B00201E
:10811000EC6100200080045000487047EC610020B2
:108120000422084B10B5C3F808230446FEF7F2F802
:1081300000232361A364044BBDE81040186800F0DD
:10814000D9B900BF00800450402B00200048704780
:10815000EC610020004870473C62002010B50C46DE
:1081600041F22C0107F047F9C0F3812003280EBF2C
:108170000023024B1B56236110BD00BF0D68040095
:10818000244B0340B3F5806F2FD017DC402B2ED04B
:1081900008DC102B2DD0202B2DD0181E18BF01204D
:1081A00040007047B3F5807F27D0B3F5007F26D01D
:1081B000802B08BF0B2018BF02207047B3F5804FFB
:1081C0001FD00ADCB3F5805F1DD0B3F5005F1CD073
:1081D000B3F5006F08BF0620EDE7B3F5004F16D0EA
:1081E000B3F5803F08BF0320E5E7112070470A2060
:1081F00070470C20704709207047082070470720FF
:1082000070471420704705207047042070470F20E6
:10821000704700BFF0FF0100036813F4700F0AD12C
:10822000806858B1064B984207D0064B98420CBF65
:10823000052006207047002070470220704700BFCD
:108240001068040080680400F8B50446D0F87C018A
:1082500016460D4606F06DFEB04204F1080706D939
:10826000384606F083FD6FF040032360F8BDD4F874
:108270007C01C4F8045206F05EFE0A4BD4F880116B
:10828000C4F88C31D4F800320144C4F8883104F5C4
:10829000C4733846C4F8003206F015FE0028E5D055
:1082A0002060E3E7A9F7030010B50446D0F87C117D
:1082B00000F0DAF80C4BD4F87C01C4F8743106F005
:1082C0003AFED4F8803102461818984206D120466A
:1082D000D4F8801107F0D7FA672010BD197881F023
:1082E000360103F8011BF0E7498203002DE9F04154
:1082F00004460846C4F87C1190461D4606F019FE57
:108300000646D4F87C0106F016FED4F88421331812
:108310009A42074603D26D232360BDE8F081A8424C
:1083200023D22046D4F87C1100F09EF82A4641461C
:10833000204607F0A8FA32462046D4F8801107F00C
:10834000C5FAD4E96001BB1B0022891B304406F04A
:10835000C5F9104BC4F88C31D4F80032C4F8883118
:1083600004F5C473C4F80032D7E72A464146D4F86E
:10837000800107F0E3FBD4E960017B1B2844491B23
:10838000002206F0ABF9002323602046BDE8F0414F
:10839000FFF78ABF03F803002DE9F0431E4B87B0B7
:1083A00081460F4601A819681646FFF78FFE029C0A
:1083B00074BB019D22463146284603AB07F065F9A0
:1083C000044628BBD6F8048049464246039806F086
:1083D000B4FFDDE904233146284607F028F9284692
:1083E00007F029F8284606F0F1FF044680B9284630
:1083F00007F02FF9424601680646384607F09EFB13
:1084000042467168B81807F099FB2846FFF788FEC6
:10841000204607B0BDE8F083441C040070B50F4E41
:108420000F4C0546306800F04FF8206830B98022C4
:108430000C49FEF7EDF970B9202323602368094A3F
:10844000013B2360002452F823202A60306800F0AA
:1084500051F8204670BD0224F8E700BF442B0020ED
:108460005C6200206062002038B567230D46002161
:108470000446C0E90031182200F5B07007F085FB12
:108480000C4B4FF4AA72C4F860310B4B2946C4F868
:1084900064310A4B04F10800C4F86831084BC4F891
:1084A0006C31084BC4F8743106F063FC00B12060F5
:1084B00038BD00BF67FA030093FA030037FA0300E0
:1084C00023FA0300EFF9030008B54FF0FF324FF035
:1084D000FF33FAF751F840B104490548172200F07C
:1084E00009FE1721014800F0FCFD08BD5D6A04008B
:1084F0004420040008B5FAF7F5F840B104490548EE
:108500001F2200F0F7FD1F21014800F0EAFD08BD21
:108510005D6A0400442004002DE9F74F00278246DD
:108520000C469346009700F10C06EFF311894023A7
:1085300083F31288BFF36F8F3046FCF75DFA40B9C2
:1085400017491848882200F0D5FD8821144800F00A
:10855000C8FD3046FCF774FADAF8085050466C4013
:1085600004EA0B0205EA0B0855400F496A46CAF8AF
:1085700008500195FCF736F9009C44B12046C4F838
:108580008C70A5660021646EFBF74CFCF5E7304665
:108590004946FBF77FFD404603B0BDE8F08F00BFC2
:1085A000BB20040044200400EBFA03002DE9F04F47
:1085B00085B09046DDE90E2B05460C46EFF30581AC
:1085C00059B152EA0B0108D038493948F72200F076
:1085D00091FDF721354800F084FD0292002C52D025
:1085E00008F001030393FBF7C5FF05F10C070646EE
:1085F000EFF3118A402181F31288BFF36F8F384661
:10860000FCF7FAF9029A38B92A498822284800F07A
:1086100071FD88212748DEE738460292FCF710FA00
:1086200018F0020F1CBF0021A960D5F8089008F0CF
:108630000103029A09EA040173B18C420ED1384653
:10864000FCF7E8F9C8B91B4940F23112184800F0AC
:1086500051FD40F23111DDE70029F0D152EA0B0162
:1086600015D13846FCF7D6F90028ECD08AF31188EA
:10867000BFF36F8F4FF0000903E08AF31188BFF357
:108680006F8F04EA0904204605B0BDE8F08FC6E903
:108690001A485146CDE9002B38462A46FBF70CFC18
:1086A0000028E7D1D6F86890EBE700BFA26A040083
:1086B00044200400BB20040008B5054B044613B158
:1086C0000021AFF3008000F011FB2046EAF70CF91F
:1086D00000000000F8B50E4B06461D68AB789B07FE
:1086E00012D56F6816F8014B29462CB90A20B847F5
:1086F000002805DB204609E02046B8470028F1DACB
:10870000AB7843F00403AB704FF0FF30F8BD00BF0F
:10871000C01204000CB430B589B005460C461C22CA
:10872000002101A807F031FA022305958DF80630E3
:108730000D4B029323462CB1B4F1004F28BF4FF0EC
:108740000043013B1D440DAA0C9901A80695009217
:1087500000F072F814B1059B00221A7009B0BDE850
:10876000304002B0704700BF8BFC0300242AF0B5F4
:10877000044601D8012A40D12E4B162207F08EFA6A
:108780001A5001B10C600020F0BD2F463D4615F88F
:10879000010B2028F9D0A0F109060346042EF4D9D4
:1087A0002B282CD02D282CD10126BD1C7B78302BDA
:1087B0002DD1287840F02000782824D132F0100004
:1087C00021D16B782C46102202350020392B82BF34
:1087D00003F1FF3343F02003263B303B9A421AD982
:1087E000A0FB02040CB9C01801D346F002062F46C4
:1087F0002C4617F8013B3D46E8E70746C6E700264A
:10880000D3E70026D3E7002A08BF0822DDE7002AC5
:1088100008BF0A22D9E701B10C60F20748BF404205
:10882000B307B1D5034B222207F038FA1A504FF0A4
:10883000FF30A9E70C0000002DE9F04F43688DB030
:1088400015468046029383789A0740F10D810024F3
:108850000E78002E00F00A81252E0BD04B1C0393BE
:10886000013441463046029B98470028C0F2F6800A
:108870000399EDE74E788B1C252E0393F0D000274B
:10888000B946BB46BBF11F0F38D8A6F12003102B09
:108890000AD8DFE803F02A09093009090921090982
:1088A0000928092D09091F00A6F13003092B33D926
:1088B0002A2E37D11BF0400F55F8043B40F0828040
:1088C000002BA7BF4BF0200B9946C3F100094BF0DA
:1088D000280B01E04BF0010B039B13F8016B039392
:1088E000002ECFD130E04BF0020B4BF0040BF3E73E
:1088F0004BF0080BF0E74BF0100BEDE7BBF17F0FEF
:1089000019D8A6F13003092BD2D81BF0400F03D0A1
:108910000A2101FB0737DFE70A214BF0200B01FB9F
:108920000939D9E72E2E06D11BF0400F40F09E806A
:108930004BF0400BD0E76C2E31D02BD8682E36D0C0
:108940006A2E3CD04C2E3AD0002F46F02003B8BF00
:108950002BF04002A3F16501BCBF00271FFA82FB88
:10896000022901D9612B2FD107350727DFF8ACA2E7
:1089700025F0070508351BF0080F66D00AEB070B3A
:1089800056465E4563D1A4EB0A0AA9EB070906EB3C
:108990000A026FE1742E9FD07A2E9DD0D4E71BF08F
:1089A000800F18BF4BF4007B4BF0800B94E71BF457
:1089B000807F18BF4BF4007B4BF4807B8CE74BF43B
:1089C000207B89E71F4687E7A6F16301122900F2A1
:1089D000F080DFE811F013004F00EE00EE00EE0033
:1089E000EE004F00EE00EE00EE00EE00EE00FE00A6
:1089F000E900EE00EE001B00EE00AF0055F8043B6E
:108A000001270DF1180A8DF81830B4E755F804ABBA
:108A1000834BBAF1000F08BF9A461BF0400F504637
:108A200014BF39464FF0FF3104F07DFC0746A2E742
:108A300041462020029B984700280FDB013EB742A9
:108A4000F6D34C44B146A41B98E74E46F7E741469F
:108A500016F8010B029B9847002892DA98F802302A
:108A600043F0040388F802304FF0FF3420460DB085
:108A7000BDE8F08F1BF0800F34D01BF4007F2CD0AA
:108A8000073525F00705AA4669685AF8080B2BF048
:108A900010050029ADB237DA404245F4806561EB3C
:108AA00041010DF1180B0A235A4607F098F8A0EB84
:108AB0000B0301936B0662D5019B25F001019F42D8
:108AC00089B240F3A180002E00F0998015F01002C9
:108AD00040F09C80BB460D4623E0AA465AF8040BA2
:108AE000C117D4E7AA461BF4807F5AF8041B01D1B2
:108AF0000846F5E71BF4007F19BF48B241F3C011E7
:108B000008B241F3C031C2E750EA0103C9D11BF0FA
:108B1000400FC6D0002FC4D12BF01102BB460197E5
:108B200095B240F2064115EA01021CBF0BF1010BA0
:108B300000222CE02BF010020A231FFA82FB1BF00C
:108B4000800C49D01BF4007115BF0735AA4625F0EB
:108B500007055AF8040B1EBFAA4669685AF8080BA5
:108B600050EA010545D12BF016051BF0400FADB2C0
:108B700042D0002F40D12BF01702019795B215F08B
:108B8000100248D0019B002E42D103F1010B2907AE
:108B90005AD4EB0706D5D9456FDDA9EB0B03019934
:108BA000CB465F185B4649E04BF0100B102378264C
:108BB000C5E7782B04D1C6F1780343F01003BEE774
:108BC00041462520029B98470028FFF647AF023414
:108BD00047E608230026B2E7AA461BF480715AF83C
:108BE000040BBDD01BF400711ABFC0B2614680B245
:108BF000B6E72BF0060295B20DF1180B54E725F0FD
:108C00001105BB46ADB28CE70D46B8E73B460D46B5
:108C100003F1020BBBE7DDF804B082E72F6B040021
:108C2000286B0400CDE9043241462020029B98477E
:108C30000028FFF613AF049B059A01339945F1DC38
:108C4000A4EB0B019B46CC180AB341463020029B93
:108C500098470028FFF602AF8EB901342744391B2C
:108C6000019B994224DC1D4655BB019AA9EB0B09D7
:108C7000554622441446914433E0019F92E7023462
:108C800041463046029B98470028E7DAE6E640F284
:108C900006410D42E2D015F0020F04F101044146F5
:108CA00014BF2B20202015F4806F18BF2D20E9E77A
:108CB00041463020029B013498470028CFDACDE6A8
:108CC00006AB013D4146585D029B98470028CBDA30
:108CD000C4E641462020029B013498470028FFF655
:108CE000BDAEA9EB0403002BF3DCC1E538B5074D9D
:108CF000074C641BA41024B9064B0BB1AFF30080E2
:108D000038BD013C55F824309847F4E700000000D6
:108D10000000000000000000704701460220F6F746
:108D200067B9836800EBC101B3F5004F2CBF51F860
:108D3000220031F81200704700EBC1018068B0F5E5
:108D4000004F2CBF41F8223021F812307047012229
:108D500008B5FFF7E6FFD04008BD836800EBC1010E
:108D6000B3F5004F08D34B681AB143F001034B60D1
:108D7000704723F00103FAE74B881AB143F001036F
:108D80004B80704723F00103FAE753000122FFF7FD
:108D9000D3BF8368B3F5004F34BF04230823C91A37
:108DA000081AC0087047B0F5004F34BF04230823E9
:108DB0000731C818C00870470A4608B50121FFF7F7
:108DC000F2FF0132121AB2FA82F0C0F11F0008BDA0
:108DD0002DE9F041174603220E460446FFF7A1FF96
:108DE0008642054607F104080AD10122E368BA4029
:108DF00023EA0203E360002344F82830BDE8F08151
:108E0000314602222046FFF78CFF06462B460146DC
:108E10000322204644F82850FFF78EFF33462946A8
:108E20002046BDE8F0410222FFF786BF70B50D462F
:108E300086680446FFF78BFFB6F5004F014601D365
:108E4000012809D03046FFF7B7FF294602462046E1
:108E5000BDE87040FFF7BCBF70BD2DE9F047054687
:108E600080688846FFF7A8FF05EB800ADAF81090C3
:108E70000646B9F1000F1BD00327DAF81040284648
:108E80002146FFF764FF404507D332462146284676
:108E9000FFF79EFF2046BDE8F087032221462846C3
:108EA000FFF73FFF013FCAF8100001D08145E4D130
:108EB0004FF0FF34EB680136B4401C40EAD094FA1E
:108EC000A4F2B2FA82F2131D55F82340DEE72DE931
:108ED000F04114460E460546FFF739FFA4EB06089D
:108EE000371B0744424631462846FFF74EFF3A46B5
:108EF00021462846FFF749FF4346002221462846DF
:108F0000FFF71AFF21462846FFF721FF3B462118AD
:108F100000222846BDE8F041FFF70EBF2DE9F041E1
:108F2000164604460F46FFF712FF31460546204617
:108F3000FFF70DFF05442A4639462046FFF725FF77
:108F400031462046FFF703FF2B463118002220460A
:108F5000BDE8F041FFF7F0BE2DE9F0410D4686680F
:108F60000446FFF7F4FEB6F5004F014601D3012891
:108F700032D03046FFF720FF04EB80010E6996B92E
:108F80000122E36882401343E36002220D612B4615
:108F900029462046FFF7D0FE032229462046BDE899
:108FA000F041FFF7C9BE022231462046FFF7B9FE65
:108FB0000746034629462046FFF7BEFE03223346F6
:108FC00029462046FFF7B8FE39462B462046FFF7D4
:108FD000B3FE02223146E1E7BDE8F081F8B50C4668
:108FE0000546FFF7B4FE2618012231462846FFF752
:108FF00098FEC3070CD431462846FFF717FF2146D9
:109000002846FFF7A4FE214622182846FFF786FFD0
:10901000002221462846FFF784FE271A01223946FE
:109020002846FFF77EFE10EA020613D1394628468D
:10903000FFF7FCFE214632462846FFF772FE224625
:10904000211A2846FFF76AFF214632462846FFF7D5
:1090500068FE241A21462846BDE8F840FFF77CBF89
:1090600070B5066809B9002070BDB068B0EBD10FCB
:10907000F9D9FFF798FE014605463046FFF7EDFEA9
:1090800004460028EFD001463046FFF760FEA842B4
:1090900009D92544214630462A46FFF718FF2946BC
:1090A0003046FFF759FF304601222146FFF755FEB3
:1090B000B368B3F5004F34BF0423082303EBC403A4
:1090C0001844D1E7002070470FB407B504A951F840
:1090D000040B0191E7F77CF903B05DF804EB04B0F1
:1090E0007047002383F31188BFF36F8F0423184662
:1090F00002DF70470FB407B504A951F8040B0191C2
:10910000E7F766F903B05DF804EB04B07047F0B51B
:1091100064230546042600200A2769B9F0BD9A4257
:10912000B2FBF3F40CD2012B0AD048B903FB142292
:109130000A24B3FBF4F3D2B2013EF0D12E70EDE776
:10914000303405F8014BB2FBF3F403FB1422B3FBFC
:10915000F7F301390130C9B2C0B2D2B2DBB2DCE7F9
:10916000A0F13003DBB2092B02D800200B7070474E
:10917000A0F16103052B02D85738C3B2F5E7A0F17F
:109180004103052B01D83738F7E76FF0150070471A
:10919000F7B5054601F0010000EB51069E424FEA8B
:1091A000510703D90026304603B0F0BD58B12878E6
:1091B0000DF10701FFF7D4FF0028F3DB9DF807301E
:1091C000013502F8013B01351744BA42EBD015F8DE
:1091D000010C0DF10701FFF7C3FF0028E2DB9DF84A
:1091E00007402401E4B2147015F8020BFFF7B8FF32
:1091F0000028D7DB9DF807301C4402F8014BE4E758
:10920000838B13F0070305D10368002B0CBF0020EC
:1092100003207047022B05D1C08BB0FA80F04009C3
:1092200080007047012B05D10368002B0CBF002084
:10923000052070470020704710B50C4600B111B9E9
:109240006FF0150010BD081D00F02FF80028F9D1AF
:10925000A368032BF6D9F3E72DE9F0410D46074645
:109260001946281D90461E46E7F73EFB044638B1D6
:109270003346424629463846A446BDE8F041604799
:10928000BDE8F08138B50C46054658B151B10B68C0
:1092900043B14B6833B12022002106F076FC002058
:1092A0002C6138BD6FF01500FBE7034640B1426802
:1092B00002F00302022A06D0032A04D0012A05D0B4
:1092C0006FF0150070471A68002AF9D000209860E6
:1092D0007047704770B41E461546DDE90323816967
:1092E0000468806B06FB0141294484682468A44615
:1092F00070BC604700224B6801334B60C0699242EA
:1093000008BF834208BF4A60704710B5411C04463D
:109310000F22FF20E6F7B6FE207010BD10B543788F
:1093200004468B4209D1411C0F22FF20E6F7AAFE1A
:1093300023781B1A5842584110BD0020FCE710B595
:1093400041780446FFF7EAFF40B14FF6FF736288A9
:109350009A4206D16068431C5842584100F001000F
:1093600010BD0020FAE70368012B81BFC91801F185
:10937000FF315B42194008467047F9F7B3B92DE950
:10938000F04F036C9046D1E9002400265B00B2EB5D
:10939000030B64F1000407460D46A146C1E900B481
:1093A000C8E9006489B00DF1100A5E4579EB040349
:1093B00004D30023184609B0BDE8F08F10235A46A5
:1093C000CDE900A338462346FFF784FF0346002873
:1093D000F0D1039097F820105046FFF79FFF78B127
:1093E000BDF81210039B08291E4607D9F86BFFF73A
:1093F000BAFF069B18448619C8E90069C5E900B49C
:109400003B6CBBEB03039B4664F10004CDE710B556
:10941000016C826986B0521A4FF0100102AC63F100
:10942000000301910094FFF755FF002808DB204658
:10943000FFF785FF30B100209DF80920089B1A70C6
:1094400006B010BD6FF00100FAE72DE9F3414FF0CF
:109450001008026C85695200AD1A63F10006099B81
:109460002A460093CDF8048033460446089FFFF750
:1094700031FF58B92046226CCDE90878521946F1DF
:10948000000302B0BDE8F041FFF724BF02B0BDE821
:10949000F081F7B5DDE90876CDE900760546FFF7FE
:1094A000D4FF0446D8B93846FFF749FFB8B1304673
:1094B0007178FFF733FF90B1738883B97368013314
:1094C0000DD1B268AB699B1A2A6CB3FBF2F102FBB7
:1094D000113323B97C787378E31A5C425C412046EF
:1094E00003B0F0BD30B50C46D1E900130546026C5F
:1094F0008BB0521843F10003C4E90023006CA96942
:10950000A1EB40018A4213D1ABB9E9699A184B1E0D
:1095100006A9C4E90023019102A928460091FFF79A
:10952000B8FF002805DB08D1D5E90223C4E90023F0
:1095300000200BB030BD013BEAE7089B2360F7E752
:10954000102337B5CDE90023D1E9002305460C46A9
:10955000FFF7C0FE30B92146284603B0BDE83040D1
:10956000FFF7C0BF03B030BD2DE9F04F06464FF006
:10957000FF398DB0CDE906230F46DDE916A10DF1C7
:10958000170B03913046DDE9068508AA06A9FFF707
:10959000D7FF044680BB099ABA4217D14FEAE97255
:1095A000904208BF4D450AD02B4642463046CDF882
:1095B00000B0FFF72CFF831C22D18DF817409DF8D7
:1095C000171008A8FFF7AAFEF0B9A946DDE90612B0
:1095D000039B9A4208BF5145D4D1189E08AB0CAFEB
:1095E0001A4603CABA4230607160134606F1080693
:1095F000F6D1199BC3E9008520460DB0BDE8F08F78
:109600000028DCD00446F7E70124E6E72DE9F04323
:1096100089B00746DDE910851DB9002009B0BDE815
:10962000F0838169066803FB0166C36B16441C68FE
:1096300064422C400DD0806B83684246D3F804907E
:1096400031462346C8470028E8D12D1BE5D02644E3
:10965000A0442A464146684606F070FAFC6B0DEBC2
:10966000050022686179521B06F08FFAB86B2368F7
:109670008268314654686A46A047CFE737B510255F
:10968000CDE90015D0E902230446FFF7BFFF0246EB
:1096900050B92946E06BFFF766FED4E902311B1A88
:1096A00061F10001C4E90231104603B030BD4FF052
:1096B000FF322DE9F04188B00592ADF8122044F256
:1096C00001224FF0000807920DF10F02009242466E
:1096D0001D460446CDF81880FFF799FE831C1ED165
:1096E0008DF80F809DF80F3004A801338DF81130EC
:1096F000FFF70BFED4E90267A169236C11EB0801A7
:1097000045F10005C91A65F10005C4E902152046B6
:1097100004A9FFF7B3FF20B9C4E9026701E00028FC
:10972000E0D008B0BDE8F0811FB500224FF0FF3354
:109730000446ADF8022002690193CDE9022390F8B6
:10974000203068468DF80130FFF7DFFD694620467E
:10975000FFF794FF04B010BD00234FF0FF3230B587
:109760008BB08168ADF80A30036C03925B18CDE9C9
:10977000043290F8203004468DF80930C36B102273
:10978000597906A806F001FAD4E9021341BB226C0C
:10979000A1695000884288BF013BA1EB4202C4E9A5
:1097A000022302A8FFF7B1FD02A92046FFF766FFDA
:1097B000204604F10801FFF79DFD04F1200300930A
:1097C000D4E902232046FFF722FE831C4FF0000558
:1097D00014D184F82050E3680020C4E904530BE05E
:1097E000D4E90402814273EB0202D0D3204606A9D9
:1097F000FFF744FF0028C7D00BB030BD0028EAD0E7
:10980000FAE737B5CDE900121546D0E9042304463E
:10981000FFF7FCFE00280CDB2946E06BFFF7A3FDF9
:10982000D4E904321B184FF0000042F10002C4E9F1
:10983000043203B030BD2DE9F04F00F12005A9B08E
:109840000095D0E902230446FFF7E1FD831C12D105
:10985000D4E902232046E7F771F8002830D1D4E993
:1098600002232046FFF723FF50BB00952046D4E992
:109870000223FFF7CCFD18BB002294F820302046CD
:109880000693E3680AA9CDE90A23FFF733FD0A9B93
:10989000A569DDF82CA0ED180593236C4AF10006AC
:1098A000ED1A10AB66F1000601931CAB00932A463B
:1098B00033462046CDE90C56FFF7EBFD002802DACF
:1098C00029B0BDE8F08F22D09DF8713084F82030A7
:1098D000236C5B00EB1A089366F100030993129B5B
:1098E000CDE90C36DDE90CB9204614AA0CA9FFF726
:1098F00027FE0028E4D194F8201014A8FFF70EFDED
:10990000D0B9DDE90832914508BF9B45EAD1069BF5
:10991000204684F82030FFF707FF0028D0D15346B7
:109920002046059AE7F70AF80028C9D15346204691
:10993000059AFFF7BCFEC3E7BDF85230002BE0D01C
:10994000D4E902230EA9039118A902912046CDE97A
:1099500000231599CDE90EB9FFF706FE0028AFDB0D
:10996000DDE90E234B4508BF5A45CAD1BDF8526008
:10997000082E23D9C8462269169F1692E26B1268F8
:10998000524202F020030793079D20ABB54228BF47
:10999000354600933A46434620460195FFF79AFC28
:1099A00000288DD12A46204620A9FFF72AFF00284B
:1099B00086D1EF1948F10008761BE5D1069B14A863
:1099C0008DF85130FFF7A1FC204614A9FFF756FE91
:1099D000002896D074E700231A46E7F737BA37B560
:1099E000002500951C46E7F7D7FA002802DBA042C5
:1099F00028BF204603B030BD002307B51A460093A8
:109A0000E7F7CAFA03B05DF804FB0FB407B504A981
:109A100051F8040B0191E6F7DBFC03B05DF804EBB1
:109A200004B070477047002930B4044618460BDB79
:109A3000A5680844A84207D8E0686468214484689F
:109A40002468A44630BC60476FF0150030BC7047F6
:109A5000002930B4044618460BDBA5680844A84228
:109A600007D8E0686468214484686468A44630BC10
:109A700060476FF0150030BC70470029034610B4F2
:109A800010460BDB9C680844A04207D8D8685B6886
:109A9000194483689B682BB110BC18476FF0150000
:109AA00010BC70476FF05700FAE70029034610B466
:109AB000104609DB9C680844A04205D8D8685B685A
:109AC000194410BC00F064BA6FF0150010BC704768
:109AD00008B5C0688368DB689847006808BDC0683F
:109AE000704708B5C0688368DB689847407908BD4F
:109AF00070B54C680368A34201D2012070BD8A682A
:109B00002244934201D30020F8E74E69D1E90325AE
:109B1000B54203D36FF00B038B61F4E71B1B42F8D4
:109B200035304368086902EBC00253600B690133AA
:109B30000B61E2E737B50C46C0B201A91546E7F75D
:109B4000F5FA00280CDB019850B121462A46E7F7C8
:109B500013FB04460198FFF765FF204603B030BDB4
:109B60006FF01504F9E72DE9F04789461646984647
:109B7000044698B38268036913448269334493426C
:109B800030D80025D4E90170A6EB050A3F1ABA4582
:109B900015D2B54209D223685246184409EB050193
:109BA00005F0CCFFA3685344A360B8F1000F1CD0AC
:109BB000A068A8B12046BDE8F047E7F751BB23688D
:109BC0003A46184409EB050105F0B8FF63682046E2
:109BD000A360E7F745FB18B93D44D3E76FF00D00EC
:109BE000BDE8F0876FF00B00FAE74046F8E7006940
:109BF00070472DE9F04300F50179054685B04846E8
:109C00000F4690461E46FFF7F2FF78B133464246B4
:109C100039464846FFF7A7FF044656B3D5F8000279
:109C2000FFF700FF0023C5F8003222E0D5F800322C
:109C3000986802F070FB0446D5F80002FFF74FFF6A
:109C40008368DB6898470379DB0716D4D5F80002F0
:109C5000FFF745FF214601AA02F0EEFB044640B99A
:109C6000DDE90112D5F80002FFF71FFF04460028C6
:109C7000CCD0204605B0BDE8F0830368E118013977
:109C80005B421940D5F800329A68521AEAE730B5BB
:109C9000054685B0084605F50071E7F747FA044622
:109CA00098B9D5F80002FFF71AFFD5F800320294F0
:109CB0009A68014601925B682A46009305F5017097
:109CC0004FF40073E7F734FB0446204605B030BD7F
:109CD0000020E7F7D5BB00221146E7F79BBB034600
:109CE00010B508460AB10021116053B1D0B1411E30
:109CF00011F8010F80B113F8014BA04201D13D28AA
:109D0000F6D100200EE0013313600AE03D2808D0B0
:109D1000B0FA80F0400905E018782F28F6D1002A23
:109D2000F1D1012010BD10B509B100230B6058B16D
:109D300003461A781C4601332AB13D2A03D02F2A44
:109D4000F7D101B10B60201A10BD083070471346DF
:109D50000A46D0E90001FFF742BEF0B500260446EE
:109D60004FF0004585B080F85C6000F108070823DB
:109D70006A4629463846FFF732FE831C21D1B5F1E9
:109D8000004F4FF000060FD10823294638460DEB4F
:109D90000302CDE90266E7F759F8002802DB3046F6
:109DA000C4E9155605B0F0BDA36D3846CDE90236BD
:109DB0000823616D0DEB0302E7F748F800EAE07055
:109DC000F0E70028EEDB0099B1420BD03846FFF7F0
:109DD00002FE0028E6DB08236A462946384600963C
:109DE000E7F734F894F85C20C5F34303934288BF47
:109DF00084F85C300198009B2E466565A3650028B9
:109E0000D0D00546B3E77FB500F1080504462846E3
:109E10000E46FFF7E0FD002818DB284606F18041DA
:109E2000FFF7D9FD002811DB46F0010608236A463A
:109E300031462846FFF7D3FD002807DB009939B9E2
:109E400031462846FFF7C7FD002818DA04B070BD78
:109E5000082328460DEB0302FFF7C1FD0028F5DBC0
:109E6000019B0BB9029AA265039308232846009927
:109E70000DEB0302E6F7EAFF0028E1DAE6E70199D5
:109E8000C1B1082328460DEB0302FFF7A8FD002807
:109E9000DCDB009B28460293082301990DEB0302AB
:109EA000E6F7D4FF0028D1DB039B0BB9009BA36529
:109EB0000020CBE7009B6365FAE72DE9F0410D46F2
:109EC00007464A2194B0284603F02DFA0146284659
:109ED000E6F7EEF8002620F0404424F01F0407F1D6
:109EE000080866F344044923404601AA44F00041AF
:109EF000FFF775FD031E09DC97F85C300136B342AD
:109F0000EFDA0024204614B0BDE8F081002250337F
:109F10006B44284601A903F84C2CE5F78AFB00287E
:109F2000F0D0E9E710B5044671B1FFF7C6FF68B19C
:109F300020F0404121F0010104F1080041F04041CE
:109F4000BDE81040FFF758BD6FF0150010BDF8B523
:109F5000044616461D46C1B1BAB1FFF7AEFFB0B117
:109F600020F0404020F0010040F0404708342B46EC
:109F7000324639462046FFF732FDA84207D139461E
:109F80002046BDE8F840FFF737BD6FF01500F8BD7B
:109F90002DE9F04187680446FB680D461646984750
:109FA0000379DB0707D4BB682BB13246294620462C
:109FB000BDE8F0411847417933462A462046BDE8BE
:109FC000F041E7F723BD01460068E7F7EDBD08B5AE
:109FD000E7F722FEBDE80840E7F742BE0021012076
:109FE000E7F7E2BD436F83F30B88704761B662B653
:109FF00080F31188BFF36F8F704772B6002383F32D
:10A000001188BFF36F8FBFF34F8F30BF62B6BFF3BE
:10A010006F8F704772B6002383F31188BFF36F8F81
:10A02000BFF34F8F20BF80F31188BFF36F8F62B6ED
:10A03000704740E800F313F4803FD8B208BF6FF0D8
:10A040001500704730B50C684B6885B00A894D899A
:10A050000094013B24F01F04234402F01F0242EA53
:10A06000451223F01F0369468DF808200393E8F793
:10A0700019FA05B030BD08B5E8F73EFC002008BD70
:10A080007047C16A8968E8F7C3BC03680B6043681E
:10A090004B6083688B60704710B5036802211C8891
:10A0A000E8F7ECFE204610BD02688068101A704781
:10A0B0008388C2888168D21A03685B1AD01A7047F5
:10A0C00038B50D4614461146E8F70CFF22462946DE
:10A0D000BDE8384005F032BD10B50C460121E8F767
:10A0E00001FF047010BD03898B420AD9436803EB5A
:10A0F000C10053F831302BB94368002B08BF002052
:10A10000704700207047F0B5037885888779C67955
:10A11000002013F0070FC3F3C10314BF032401246D
:10A12000012B28BF01230860087844EAC30320F00C
:10A130001F006DBA034352BA0B704A808D808F7135
:10A14000CE71F0BD37B50C4605460846E8F742FC2F
:10A150000823204645F8044B238250F80C4F1C443A
:10A16000FFF7A6FF0022034600920221224628465E
:10A1700003F024FC03B030BD2DE9F04F85B0054657
:10A180000E4690461F4603F012FA20B96FF04C00BD
:10A1900005B0BDE8F08F4FF01409002334464FF0AE
:10A1A000010A09FB08693B60284602A903F0FCF993
:10A1B000DDE90232009368BB284603F021FA00284B
:10A1C000E4D00020E4E7A14598BF344661688A42A4
:10A1D00014D121680098019205F0DFFC019A68B95A
:10A1E000237CD3B9D4E9023128469847C0B184F81A
:10A1F00010A03B68143401333B60D5E714340BF1F5
:10A20000010BD845DFD10021284603F050FA002881
:10A21000CAD1D1E74FF0000BF3E76FF06F00B7E75B
:10A220006FF02200B4E7F8B51423044603FB0106DF
:10A23000154603469E4207D82846E5F70CFA07461E
:10A24000A64208D8002003E01A68AA4201D1187C6F
:10A25000F8BD1433EEE76368BB4207D13A4628469F
:10A26000216805F09AFC08B9207CF1E71434E7E78F
:10A2700020B101280CBF0620FF2070470320704743
:10A2800002780B789A420FD30CD842784B789A42D6
:10A290000AD307D842884B889A4205D38CBF012045
:10A2A00000207047012070474FF0FF30704770B5B5
:10A2B00006460D4600F03EF80446304602F029F806
:10A2C000012C034601D9E9F7E1F9013B84F00100D3
:10A2D000032B0CD8DFE803F008060902022305B1BE
:10A2E0002B7070BD0123FAE720460023F7E74FF0FB
:10A2F000FF30F6E7012837B5054601D9E9F7D6F969
:10A30000002000F017F8044600200DF107018DF839
:10A310000700FFF7CCFFA84203D19DF80730022BBE
:10A3200004D0631B5842584103B030BD0120FBE705
:10A3300070477047002070470020704770B5054691
:10A340000E46002490B000236A4631462046E9F7C5
:10A350002BFC28B940222946684605F01EFC10B1A6
:10A3600024B14FF0FF34204610B070BD0124EAE75D
:10A37000002301461A461846E9F716BC042804D8FB
:10A38000022807D808D00120704706280CBF0520F6
:10A39000012070470520704703207047002008B552
:10A3A000E6F748F8022805D00338012894BF0020BA
:10A3B000012070470520704770B50446BCB000F11D
:10A3C000100517AE002200232846F8F7F7FA0146D9
:10A3D00008B93CB070BD03AB6846CDE900460293B6
:10A3E000E8F774FEEEE7E8F771BC70B505460E4677
:10A3F000E9F7C8FE044618B1736B1BB129469847AC
:10A40000204670BDEA7A05F11801183005F096FB78
:10A41000F6E710B5044640B18B6B0BB11830984786
:10A420002046BDE81040E8F751BC10BD002303648E
:10A43000A0F844307047036C13B1B0F84400704783
:10A440006FF015007047F8B5036C04460F461646CA
:10A450000BBB072A26D940F6AB134D889A426DBA3A
:10A4600005F10805ADB220D89D421ED8AA4216D8E3
:10A47000E9F788FE2064D8B1A4F84450206C324635
:10A4800039460C30FFF71CFEB4F844309B1B98B2E1
:10A49000A4F84400F8BDB0F844309342EED26FF017
:10A4A0008A00F7E76FF03C00F4E76FF03E00F1E759
:10A4B0006FF00B00EEE738B50B46016C044661B156
:10A4C000B0F8445005B15BB12046E9F783FE0023A4
:10A4D000A4F844302364284638BD6FF01505FAE728
:10A4E0006FF03C05F7E710B50446006C30B1FFF79C
:10A4F0007AFF0020A4F84400206410BD6FF015001E
:10A50000FBE7006C00B118307047036813B10023FB
:10A510000360037170478B6913B183610B7F03770D
:10A520000020704710B50446084659B1E9F79EFE71
:10A5300040B1A3698B4206D190F86930227F9B1A03
:10A540005842584110BD0120FCE770B50546E9F7B7
:10A550008DFE044698B1284600F0E5FC034604F160
:10A56000380043B1783306D0BDE8704047F6122278
:10A570000023F9F7B5B8BDE87040F9F7B7B870BD7A
:10A5800008B5806918B101F0ACFB033880B208BD92
:10A5900008B5E9F76BFE20B1BDE808406C30F8F76C
:10A5A00085BA08BD30B5054614460A8885B08B7853
:10A5B000ADF8002000210D220DF103008DF80230CE
:10A5C00005F0E3FA6A466946284602F0EAFA28B935
:10A5D000BDF800209DF802302280A37005B030BD88
:10A5E00013B50C4601AA0331FFF7DCFF48B903227B
:10A5F000204601A905F0D1FAB0FA80F0400902B076
:10A6000010BD0020FBE770B50D4600210446FFF7A2
:10A610008AFB0D2818D1237B302B13D0312B13D17B
:10A62000012305F8063B04F10C062A4620460123C7
:10A6300002210234FEF7ACFDB44205F1FF35F4D13E
:10A64000002070BD0023ECE76FF01500F9E7002053
:10A65000704710B50C46017822788AB08A420FD034
:10A660006946EAF7F3F9204605A9EAF7EFF910225F
:10A670000DF115010DF1010005F08FFA0AB010BDC2
:10A68000012A06D0022A07D072B940886388C01A0E
:10A69000F4E740686368FAE71022611C01300AB0F1
:10A6A000BDE8104005F079BA6FF01500E6E7042A1E
:10A6B0000AD0102A0DD0022A4FF0000315D10370E2
:10A6C0000B88438001207047012303700B684360AF
:10A6D000F8E7022300F8013B01F1100351F8042BC5
:10A6E000994240F8042BF9D1ECE718467047012352
:10A6F00010B50621044600F8013BF5F707FA18B932
:10A70000A37963F03F03A37110BD0B6803608B88CE
:10A7100083808B798371037823F002030370704781
:10A720000078C0F34000704738B50446807AE8F7F7
:10A7300025F96169054649B1637ADB0704D4C36A28
:10A7400020461B689B689847002363612146284682
:10A75000BDE8384003F0BDB9438A23B9C068B0FAF8
:10A7600080F04009704700207047D0F8A03083B1D6
:10A770005A7BD1070DD5D2060DD51B7B102B14BFEC
:10A78000032304234372807A98428CBF0020012067
:10A7900070470223F6E70323F4E70F2807D80D28B4
:10A7A0000BD8052808BF032018BF022070471328C4
:10A7B00003D01A2808BF0120F6E70120704703469E
:10A7C00010B5D3E8EF0F40EA0102C3E8E42F002CF4
:10A7D000F7D110BDD0E8EF3F0B40C0E8E23F002AC0
:10A7E000F8D17047C0F30723537000231070000E98
:10A7F000D070C1F30720090E9370137150719371DB
:10A80000D17170470020704781767047704710B54E
:10A8100003884288934219D8052B17D9B2F5486F9F
:10A8200014D88388B3F5FA7F10D240F67644C088F6
:10A83000A0F10A0189B2A14208D801339BB2534367
:10A84000B3EB800F34BF0120002010BD0020FCE7D7
:10A850000020704708B5F2F797F918B1C0890038A1
:10A8600018BF012008BD70B506460D4640F20640EF
:10A870000321EAF7D5FD044668B103210C30E8F75F
:10A8800031FB068085702146BDE87040002240F211
:10A890000640EBF701B96FF0680070BDC368187827
:10A8A00008B1EAF7C9BB1846EBF77CBA38B5022104
:10A8B000054642F21600EAF7B3FD044668B10221EC
:10A8C0000C30E8F70FFB2B88214603800022BDE8FF
:10A8D000384042F21600EBF7DFB86FF0680038BD81
:10A8E000F8B507460E4642F2220006211546EAF761
:10A8F00097FD044678B106210C30E8F7F3FA3B885F
:10A900004680038085802146BDE8F840002242F25F
:10A910002200EBF7C1B86FF06800F8BD2DE9F047F1
:10A920008146884642F23200072117461E469DF8AE
:10A9300020A0EAF775FD0546A0B107210C30E8F725
:10A94000D1FAB9F8003080F802800380C770067130
:10A95000A0F805A02946BDE8F047002242F23200E7
:10A96000EBF79AB86FF06800BDE8F08708B50020F3
:10A970000021EBF72DF818B1BDE80840EAF71EBF3B
:10A98000BDE80840EDF7ACB9072208B505F005F9B8
:10A99000B0FA80F0400908BD0B6803608B888380A3
:10A9A0008B7983717047D0E8AF0F7047F8B50F46C9
:10A9B000144630BB272142F22700EAF731FD054655
:10A9C00010B327210C30E8F78DFA224606463946A7
:10A9D000FFF7E2FFC31D04F1100152F8040B8A4295
:10A9E00043F8040BF9D11022002106F1170005F0FD
:10A9F000CCF82946BDE8F840002242F22700EBF7E8
:10AA00004BB86FF01500F8BD6FF06800FBE7037AF4
:10AA100002465B0705D501462A3211F8010BFFF704
:10AA2000C5BF704738B50121054642F22D00EAF74F
:10AA3000F7FC044658B129460C30FFF74DFB214680
:10AA4000BDE83840002242F22D00EBF725B86FF048
:10AA5000680038BD10B400F11003D3E8EF2F22F4E2
:10AA60000041C3E8E41F002CF7D1130403D50121F2
:10AA700010BC00F032B910BC704700F1100208B5EC
:10AA800003461046FFF78FFF01060DD5D2E8EF0F02
:10AA900040F40040C2E8E10F0029F7D11846BDE8B4
:10AAA0000840002100F019B908BD10B50C4630B9B6
:10AAB00019B1F2F71BF800B1441C204610BD002468
:10AAC000FBE718B111B10846EBF712BB6FF01500A8
:10AAD000704713B5044680B106216846F5F716F8AD
:10AAE00048B99DF80530694603F03F0320468DF8CC
:10AAF0000530FFF7E6FF02B010BD6FF01500FAE772
:10AB0000003818BF01207047037AD90704D523F015
:10AB100001030372EBF7A6BB990704D523F00203E8
:10AB20000372EBF74FBC704700207047034610F4E8
:10AB3000004F0CBF07200620DA0348BF00F00500D5
:10AB40009B0348BF00F0FB007047D0E8AF0F704791
:10AB5000034610B5D3E8EF0F00EA0102C3E8E42F83
:10AB6000002CF7D110BD012310B403FA01F1044603
:10AB700042B1D4E8EF3F0B43C4E8E23F002AF8D1EA
:10AB800010BC7047C94310BCFFF7E2BF2DE9F04F7E
:10AB900087B09DF8486005460C469046002110227B
:10ABA00002A81F46DDF840909DF844A004F0EDFF98
:10ABB000CEB9CDE90248012242F2080002A9EBF722
:10ABC00011FE044658B9BAF1000F3AD11035D5E854
:10ABD000EF3F43F00403C5E8E23F002AF7D12046E7
:10ABE00007B0BDE8F08FEAF7E5FD8346E4B937BB6F
:10ABF0005846E4F730FD0923012ECDE901B48DF864
:10AC000000308DF80100CDF80C80D4D10222CDF8AF
:10AC100010D00596D0E714F83320083A012A24D939
:10AC200001339845F7D1E2E70023FAE717F833201C
:10AC3000083A012A19D901339945F7D1D8E70023F9
:10AC4000FAE70122022E08BF059242F2090008BF6E
:10AC5000324602A908BFCDF810D0CDE90279EBF752
:10AC6000C1FD0028B2D00446B9E76FF01504B6E77D
:10AC7000436813F008000AD05A0307D403F4C063F2
:10AC8000B3F5806F14BF0220012070470120704788
:10AC900070B506460D4642F20A00012186B0EAF779
:10ACA000BFFB0446B0B10C3095B10121FFF714FA97
:10ACB000204606F1100203A907230095EAF79EFB40
:10ACC0000022214642F20A00EAF7E6FE06B070BD15
:10ACD0002946EBE76FF06800F8E7FFF7D9BF1830B7
:10ACE000F8F704BD0368D90444BF43F480630360EC
:10ACF00003689A0444BF43F4006303607047002371
:10AD00000B60436813B9C0E90011704719604160D6
:10AD10007047D0F8B000003818BF01207047D0E865
:10AD2000AF0F7047034610B5D3E8EF0F40EA0102BA
:10AD3000C3E8E42F002CF7D110BD73B504460D46CF
:10AD4000CDE9003222B96B46D0F8A86001AAB0471D
:10AD50002846E7F7BBFF019B23B16FF06D02204649
:10AD60000099984702B070BD2438ECF7B3BB0022BD
:10AD700003680BB9184670478B4210D10B6842B973
:10AD800042680360914200D14360002301200B60C0
:10AD9000704713604368994208BF4260F5E71A465E
:10ADA0001B68E6E710B50446006918B1E7F78EFFA7
:10ADB0000023236110BD2DE9F84307460E46904657
:10ADC00000244FF0D009B44203D100231846BDE857
:10ADD000F88309FB0470ECF7C5FC034658B1457BCA
:10ADE000012D02D0073D012D03D81A884245EDD030
:10ADF0001846ECF795FD0134E5E710B50446D0F8A8
:10AE0000A00028B9207A04F17001F1F7BDFE38B135
:10AE1000E278C3892AB913F0210F14BF0120002062
:10AE200010BD13F0240FF8E70346C07A18B1D3F829
:10AE3000A00000B1007B704738B5437B0446072B68
:10AE400022D10B0601F07F050BD54FF400410430F1
:10AE5000FFF768FF2046A572F1F71AF988B90020BC
:10AE600038BD437AAB42FAD2837AAB42F7D2031DA4
:10AE7000D3E8EF1F21F40041C3E8E21F002AE9D024
:10AE8000F6E7637AA372EBE76FF07F00E8E7407ABA
:10AE9000704738B5037A04468B42154615D100F148
:10AEA00070010722284604F078FE80B1E37807227B
:10AEB00043B904F17E01284604F06FFEB0FA80F039
:10AEC000400938BD04F17701F5E70020F9E70120DA
:10AED000F7E770307047F8B507460D4642F21300A9
:10AEE0000E21EAF79DFA0646D0B10E210C30E7F7A5
:10AEF000F9FF04460E22002104F047FE3B8831464C
:10AF000023802B88002263806B8842F21300A38089
:10AF1000AB88E380EB882381BDE8F840EAF7BCBD4D
:10AF20006FF06800F8BD38B5041D03462046FFF7F2
:10AF3000F6FEC0F3C02500050A4604D51846BDE854
:10AF40003840EDF715BA09882046A3F888105188D3
:10AF5000A3F88A109188A3F89010D2884FF400517A
:10AF6000A3F89220FFF7DEFE284638BD70477047F1
:10AF7000012210B400F15003D3E8EF1FC3E8E42F1F
:10AF8000002CF9D141B9034653F84C2BC164D2F8D7
:10AF9000B41029B9C2E92C33006810BCECF70ABC24
:10AFA0000B60C2F8B430F7E770B50446D0E900355D
:10AFB0002BB30021D3F8B0204C306AB1904230D18D
:10AFC000E26C31BBD3F8B410C3F8B020884201D191
:10AFD000C3F8B4200023E364002204F15003D3E853
:10AFE000EF1FC3E8E02F0028F9D104F13006236BEE
:10AFF000D3B96B680BB12046984700232360E36800
:10B000000BB1204698472B6AB3B12046BDE870408B
:10B0100018470A60D3F8B420904208BFC3F8B410B0
:10B02000D8E711461268C8E7002200233046F7F738
:10B03000C5FCE7F74BFEDAE770BD38B5406B30B1C1
:10B0400050F8084904B1083CFFF7AEFF04B938BD19
:10B05000A5682DB12046083DFFF7A6FF2C46F7E76F
:10B060002046BDE83840FFF79FBF38B5436B0D461B
:10B07000BBB1184650F8084904B1083C53F8043CE9
:10B080009B680BB1294698475CB12046A468436889
:10B0900024B19B68083C002BF4D1F6E79B68002B99
:10B0A000F0D138BD406B28B1838B08388B4201D07A
:10B0B0008068F8E7704710B54AB989B2FFF7F2FF28
:10B0C00028B143689B6913B1BDE81040184710BD13
:10B0D00038B50D460521FFF7E5FF002329461A463E
:10B0E000EDF736FB044610B12846E7F7EFFD2046A2
:10B0F00038BD406B28B1838908388B4201D0806805
:10B10000F8E7704770470346006828B1596802683D
:10B1100088421A6008BF5A6070470346002003B98E
:10B1200070471A8A5B681044F9E710B5D468023199
:10B13000237813B92170012010BD8B42FBD0038A04
:10B14000023B038200201061F6E70620704773B5CA
:10B150001446014605464FF49572206800F0C3FD81
:10B16000207500BB237A2068ABB1A3F118025342CB
:10B1700053419B000193638A29460093AE68238A5A
:10B18000E268B047002808DB238A98420ED10023EA
:10B190000120237508E00223ECE710F1FF0F05D32F
:10B1A0004042C0B22075002002B070BD0E20F9E709
:10B1B0001FB5CDE9012300231A460093EFF73CFBAE
:10B1C00005B05DF804FBF8B5936805460F461446D4
:10B1D000166863B9506801210C30E7F783FEA06060
:10B1E0002B681B78002B14BF022301230370A36874
:10B1F0001B78012B03D0022B1FD000201CE02B68F2
:10B200001B78002BF9D1606804210C30E7F76AFE47
:10B21000E06007802A68E36852885A806168728D0E
:10B22000738B088A9A4294BFC0EB0200C0EB030004
:10B23000042894BF00200120F8BD2B681B78022B46
:10B24000DBD1606812210C30E7F74CFEE06007802C
:10B250002B68E268591C0232113351F8040B9942F1
:10B2600042F8040BF9D16168728D738B088A9A4297
:10B2700094BFC0EB0200C0EB03001228D9E770B402
:10B280000568AA6A52B3136803B1B03BA2F1B004D7
:10B290000022114600E0B03B844207D0668D648BEB
:10B2A000B14238BF3146A24238BF22461C462BB1BC
:10B2B000D3F8B030002BEED18442EFD1438D408BD8
:10B2C0008B4201D890420BD9824238BF0246994244
:10B2D000286838BF194670BCF0F7CAB81146EDE7C8
:10B2E00070BC7047D0680431037813B90170012035
:10B2F00070478B42FBD0002091680B8A043B0B8285
:10B30000106170472DE9F04F044685B01046904615
:10B310009946FFF702FF638B628D8B46934228BFED
:10B320001346834240F29380636840460393E7F7F5
:10B330000FFD4FF0000A06464046FFF7EEFE628B17
:10B34000638D06F10C079A4294BFC0EB0205C0EB77
:10B3500003053846FEF7ACFE854217D24046FFF79C
:10B36000DCFE628B638D9A4294BFC0EB0205C0EB9A
:10B3700003058DBB98F80A00E7F700FB00220023C5
:10B38000FEF77FFE064630B9574636E03846FEF7F0
:10B390008FFE0546EDE701464046E7F717FD4046BC
:10B3A000FFF7BBFE628D638B06F10C079A4294BFD8
:10B3B000C0EB0205C0EB03053846FEF779FE854277
:10B3C0001FD24046FFF7A9FE628D638B9A4294BF5D
:10B3D000C0EB0205C0EB0305F168328ACDF800909E
:10B3E000DBF804700A4403985946ABB2B847071E0D
:10B3F0000CDABAF1000F18BF5746384605B0BDE861
:10B40000F08F3846FEF754FE0546E5E70E9BB3B9CC
:10B41000394606F10C00E7F765FD4046FFF77DFE73
:10B42000638D628BB944934228BF13468342BA446A
:10B430001FFA89F9A8D9AF423FF47EAFA4E7394695
:10B4400030460F9A0E9B98470028E1D19CE70027D1
:10B45000D3E70022036803B970478B420FD10B6812
:10B460003AB942680360914200D1436000230B6007
:10B47000704713604368994208BF4260F6E71A4676
:10B480001B68E8E706207047D0E8EF3F43F008026A
:10B49000C0E8E12F0029F7D1C3F3C000704773B5AE
:10B4A00000230546166814467068294613739522D2
:10B4B00000F019FC207380B9CDE900002946304620
:10B4C000A388A268FFF71EFF002809DA10F1FF0F1A
:10B4D00032BF0E204042C0B22073002002B070BDC7
:10B4E0000120FBE72DE9F3410023074616681446C7
:10B4F000706839461373952200F0F5FB05462073FA
:10B5000008BBA068718D728B038A914294BFC3EB14
:10B510000103C3EB0203012B15DD02210C30E7F719
:10B52000E1FCCDE900558046A38839463046A26843
:10B53000FFF7E8FE031E0ADA13F1FF0F32BF0E23F6
:10B540005B42DBB22373002002B0BDE8F081012032
:10B55000A8F80030F8E72DE9F04104468868FFF7C5
:10B56000DCFD638D628B0D46934228BF13468342F8
:10B570001DD300272166D1F808808F60F8F7D6FD2B
:10B5800041462046EDF79EFC064638B1C5F80880D6
:10B590002766F8F719FE3046BDE8F081618D638BB0
:10B5A0002846994228BF194600F067FCF1E76FF082
:10B5B0007906F0E738B50546D1E8AF3FDB0717D588
:10B5C00050F8040CA0B1EB6D93B90430FFF79BFD6C
:10B5D000044668B10146281FEDF7DEFC002807DAB3
:10B5E00055F8043C5A6822609A685C6002B99C6015
:10B5F00038BD2DE9F041846A07463CB354F8B06980
:10B6000006B1B03E002307F104081D4601E03446B0
:10B610001646226E9AB905B98BB94046FFF773FDFD
:10B62000054658B101462046EDF7B6FC00280DDA74
:10B630007B682B60BB687D6003B9BD6023462EB17B
:10B64000D6F8B020002AE2D0B03AE0E7BDE8F081B9
:10B6500070B504460E46002200230846F7F7AEF9FF
:10B66000054658B101462046EDF72CFC044618B1BA
:10B670002946304602F02DFA204670BD6FF00104D5
:10B68000FAE7F8B5054650F8044C071F00F15803D7
:10B69000D3E8EF1F21F00401C3E8E21F002AF7D12D
:10B6A00004B3EB6D8BB963687BB1201DFFF72BFDF5
:10B6B000014606463846FFF74EFF002812DA636857
:10B6C0003360A368666003B9A660384605F160017F
:10B6D000FFF7BEFF30B1384604F10C01BDE8F84079
:10B6E000FFF7B6BFF8BD38B504460D46EDF7EAFBE7
:10B6F00030B1294604F16400BDE8384002F0DEB9FB
:10B7000038BD2DE9F041884617460121042205463F
:10B710001E46EDF707FD044670B104210C30E7F733
:10B72000E1FB80F80080A0F80170C6702146284631
:10B73000BDE8F041FFF7D7BFBDE8F08137B50C4653
:10B74000054601F10C00FEF7A7FC228A0346019290
:10B75000E2681221009228461322EDF791FD03B012
:10B7600030BD37B50C46054601F10C00FEF794FCE0
:10B77000228A03460192E26828460092002211467E
:10B78000EDF77EFD03B030BD07B5CA680C21138804
:10B79000528800920D22EDF73FFF03B05DF804FBE5
:10B7A00007B50022CB680A211B8800920B22EDF717
:10B7B00033FF03B05DF804FB70B5CB6804461E8808
:10B7C000B3B2162B1AD90321EDF7EAFD0546B8B13D
:10B7D00002210C30E7F786FB6FF00D0303700123A5
:10B7E000294643702046FFF77EFF4FF4F973204649
:10B7F00063836685FFF743FD002070BD0420FCE7EE
:10B800000E20FAE7EEF74EBF08B5EDF713FB08B3CD
:10B81000826A02B3136803B1B03B32F8960C32F877
:10B82000862C904228BF104643B913E0934228BFAC
:10B830001346984238BF1846A1F1B003D3F8B010B0
:10B840005A8B5B8D0029F1D19A4228BF1A4690424B
:10B8500038BF104608BD1046FCE70A8A0023C968B5
:10B86000EEF77AB870B5054650F8043C044655F832
:10B870000469002B32D031B1C36D7BB31B7CDA0776
:10B880002CD505231DE03046EFF706FE737A012B19
:10B8900024D0E46D14B3237CDB071FD5E368002BB1
:10B8A000EFD028466269617CEDF73CFC064638B172
:10B8B000D4E90512E368984750B13046E7F706FA35
:10B8C0000E2300222846BDE870401146EEF744B82A
:10B8D00031462846EDF7F6FA0028EED170BD01207A
:10B8E000704708B5EDF7A6FA78B1836A6BB1B03B43
:10B8F00003F15C02D2E8EF0F20F00800C2E8E10F8C
:10B900000029F7D1D3F8B030F0E708BD08B504211D
:10B91000FFF7EFFB20B15830D0E8AF0FC0F3C00005
:10B9200008BD70B51C460E461546EDF7A7FA012373
:10B93000C0E90365C380047570BD106000207047C6
:10B9400010B5029CA36833B1B1F5807F28BF0E21EA
:10B95000CAB221469847A37DE268013BDBB2A375DA
:10B9600022B11BB92046BDE81040104710BD106041
:10B9700091800020704700207047F0B507680646A8
:10B980003D78144689B0E5B97B88B3F5245F04D0CF
:10B9900011D8A3F52053032B13D8ADF80A100222B7
:10B9A00020460DF10A01EEF74BF970B16FF0150268
:10B9B000C4F8C42206E003F55643FF339BB2042BC0
:10B9C0001DD90125284609B0F0BD7B8802222046FA
:10B9D0000DF10A01ADF80A30EEF732F90028E5D191
:10B9E000009003AA132331467768B847021EDFDBB5
:10B9F00003A92046EEF724F90028E2D0D6E7ADF8F7
:10BA00000A10022220460DF10A01EEF719F900286A
:10BA1000CCD17B880222ADF80A300DF10A01E8E7AB
:10BA2000072208B504F0B9F8B0FA80F0400908BD63
:10BA300010B503780446934207D10130FFF7F0FFB9
:10BA4000002814BF2046002010BD0020FCE703465C
:10BA500010B5D3E8EF0F40EA0102C3E8E42F002C51
:10BA6000F7D110BD034610B5D3E8EF0F00EA01028D
:10BA7000C3E8E42F002CF7D110BD0B6803608B885E
:10BA800083808B7983717047D0E8AF0F704770B5B2
:10BA90000D46064611F8010BECF7AAFB044610B15F
:10BAA0002C89EBF73DFF6B89A34207D0EB686C81D3
:10BAB00023B121463046BDE87040184770BD08B537
:10BAC0000C3029B10121FFF7C2FFC043084008BD77
:10BAD0006FF00101FFF7C6FF00F00100F7E710B5B6
:10BAE0000446FFF7ECFF38B12146BDE810400122C3
:10BAF00011F8010BEEF7C4B910BD38B50446154670
:10BB0000FFF7EDFE48B12046EEF778F928B1037A49
:10BB1000DB0702D50121FFF7E2FF55B9207A04F1D6
:10BB20007001EEF7F3F820B18560BDE83840EEF71C
:10BB3000F5B938BD022A10B508D1002300F1700113
:10BB40001A46007AEEF7FEF9022010BDEEF726FC49
:10BB5000FAE730B585B0C96814461D46EEF77CF9A2
:10BB600000B100890223ADF80E000093294620465B
:10BB7000BDF820200DF10E03EEF730FC05B030BD0E
:10BB80001FB50C461946E36810461C78BDF818200E
:10BB90003CB110240133069404B0BDE81040EEF728
:10BBA0001DBC5B88ADF80E30022300930DF10E032F
:10BBB000EEF714FC04B010BD30B51D46002385B06F
:10BBC00014468DF80C30EEF719F910B1037A8DF8A0
:10BBD0000C300123294600932046BDF8202003ABFA
:10BBE000EEF7FCFB05B030BD2DE9F04114461D46D3
:10BBF000BDF81870E9F7DEFD0646E3F72CFD80B2CC
:10BC0000069033463A4629462046BDE8F041EEF715
:10BC1000E5BB30B585B014461D46FEF719FE02237C
:10BC2000ADF80E00009329462046BDF820200DF106
:10BC30000E03EEF7D3FB05B030BD13B5044610B9C3
:10BC4000002002B010BD00238DF8043042F603033B
:10BC5000006801A9ADF80630FEF7FBFC0028EFD123
:10BC6000E36898880028ECD12046EEF7A5FD013066
:10BC700080B2E6E770B5CC681E46A37988B0084666
:10BC80008DF80C301546FFF7D8FFADF80D0024688D
:10BC900023786BB96388ADF80F30052300933146E4
:10BCA0002846BDF8302003ABEEF798FB08B070BD16
:10BCB000631C0DF10F02113453F8041BA34242F828
:10BCC000041BF9D11323E9E71FB5CDE901230023B4
:10BCD0001A460093EEF7B0FD05B05DF804FBEEF7F1
:10BCE000B7BEFFF791BD38B54C8AD3070546C4F3FC
:10BCF0000E0404D514F0950F2AD04B6843B3900777
:10BD000004D514F4957F25D08B681BB3144014F42C
:10BD1000DE7F0DD0EB7A2BB92846FFF76EF8D8B945
:10BD2000052038BD14F0300F04D114F4C07F07D1C2
:10BD30000020F6E72846FFF7AAF80228F5D8EFE733
:10BD4000D5F8A030002BEBD05B7BDB06E8D5EFE726
:10BD50000220E6E70320E4E70F20E2E72DE9F041C7
:10BD600005468846EEF74AF80446E0B1037ADB0759
:10BD700019D500F10C073846FFF786FE10F00106D2
:10BD800011D1B8F1000F0FD06FF002013846FFF764
:10BD900069FE10F0020F284609D0FFF7A2FD01212D
:10BDA0002046FFF79CFE01263046BDE8F081FFF7F4
:10BDB00096FD0028F8D02846FFF7A8FD0028F3D00C
:10BDC0006FF002013846FFF74DFE2846E5E7F8B56B
:10BDD00006460F46EDF778FF394604463046FEF733
:10BDE00039FD48B344B304F108056FF0010128465A
:10BDF000FFF738FEC20703D539463046EFF764FB3C
:10BE00006FF002012846FFF72DFE830703D5394660
:10BE10003046EEF7F7FB2846FFF736FE60B92346BB
:10BE200003F8010BC4F80100C3F80300D5E8EF3FA5
:10BE3000C5E8E20F002AF9D1F8BD10B50446A0F11B
:10BE4000170110F8180CFFF7C2FF14F80C0CA4F13E
:10BE50000B01BDE81040FFF7BABF38B5044659B131
:10BE600000F170052946007AEFF72EFB2946207A6B
:10BE7000BDE83840EEF7C6BB38BD704707207047B5
:10BE8000D0E8AF0F084100F001007047034610B53D
:10BE9000D9B1C88910F0240F17D01A7D5C7B097BBB
:10BEA000A24228BF2246914201D9002010BD82063D
:10BEB00004D4187A003818BF0120F7E70521181DAF
:10BEC000FFF7DEFF0028F4D1EFE70120EEE70123C2
:10BED0008B40DB43D0E8EF2F1A40C0E8E12F002968
:10BEE000F8D170470720704701238B40D0E8EF2F2F
:10BEF0001A43C0E8E12F0029F8D1704708B50E2198
:10BF0000FFF7F2FF002008BD38B504210446EFF723
:10BF100069FC054698B110210C30E6F7E3FF04F107
:10BF2000270304F1370253F8041B934240F8041B23
:10BF3000F9D120462946EFF7CDFB002038BD082077
:10BF4000FCE770B5D0F8EC300446DB78012B19D152
:10BF5000CD68061D10213046FFF7B9FF2B4604F1CE
:10BF6000B70205F1100153F8040B8B4242F8040BA1
:10BF7000F9D107213046FFF783FF28B10921304668
:10BF8000FFF7B2FF002070BD0A213046FFF778FFAF
:10BF90000028F3D12046BDE87040EFF7FFBC072032
:10BFA00070470720704707207047012303FA01F10B
:10BFB000CA4330B5D0E8EF3F03EA0204C0E8E54FDA
:10BFC000002DF7D1194214BF0120002030BD70B5FB
:10BFD00000F1700604460D4607223046096803F05A
:10BFE000DCFD40B96B681A6822679A88A4F874204F
:10BFF0009B7984F8763070BD38B504460025031D62
:10C00000D3E8EF2FC3E8E15F0029F9D104F5A4706C
:10C01000F7F76CFB2572D4E8EF3FC4E8E25F002A33
:10C02000F9D12046BDE838400121FFF75DBF2DE979
:10C03000F84FDDF82C80044692461F46BDF8289044
:10C04000EFF71EFB054600285AD0061DB9F1000F78
:10C0500027D15AEA070324D103213046FFF710FF06
:10C06000D0B301213046FFF70BFFA8B32C7D6B7BCB
:10C0700005F147019C4228BF1C462246404603F07A
:10C080005DFD0F2C06D80021C4F1100208EB04005E
:10C0900003F07BFD30460121FFF726FF0120BDE8BC
:10C0A000F88FD4F8A030F3B904F1700B5A46202071
:10C0B000217AF0F7F3FCC4F8A00030B95A46012009
:10C0C000217AF0F7EBFCC4F8A000B9F1000F0AD117
:10C0D0005AEA070704D006E0D4F8A030002BE3D0DA
:10C0E000D4F8A01071B90F213046FFF7C9FE20B176
:10C0F000022206212046ECF703F82846FFF77CFFD2
:10C100000020CCE7CB899B06EDD50C7B1A3122466B
:10C11000B4E76FF08500704770B504460820EFF76C
:10C1200065FA0546E0B1061D08213046FFF7CFFE4F
:10C13000BCB30721FFF7CBFE234605F1970204F1BC
:10C14000200153F8040B8B4242F8040BF9D10A2169
:10C150003046FFF795FE70B109213046FFF7C4FE67
:10C160000720EFF743FA0446E8B1EFF7D3FA0146A8
:10C17000C8B1204612E010213046FFF781FE0921A8
:10C180000028EAD13046FFF77BFE0028E8D0284699
:10C19000EFF704FC01460028E2D02846F0F7D0F87B
:10C1A000DEE70B21F9E770BD70B50446A0F1EC069F
:10C1B00050F85C3BE83CD3F8A050F7F797FA03211E
:10C1C0002046FFF75DFEA0B108213046F0F724F8C5
:10C1D0003DB1EB8913B16B7B9B0702D52846F0F785
:10C1E0002DFD3046BDE870404FF4C072002103F0D1
:10C1F000CCBC01212046FFF743FE0028E4D10F21EB
:10C200002046FFF73DFE0028DED1E1E710B5431ED2
:10C2100000F11002073013F8011F12F8014D83429C
:10C220001C701170F7D110BDF0B50E4614461D46B6
:10C2300097B00146202205A81C9FF0F7CBFD2022D5
:10C2400031460DA8F0F7C6FD2146102201A88DF851
:10C250005450F0F7BFFD3B46412205A901A8F0F775
:10C2600073FE044610B93846FFF7D0FF204617B0DA
:10C27000F0BD2DE9F04316461D4697B00446DDE9B2
:10C280001F98102205A8219FF0F7A4FD1022314627
:10C2900009A8F0F79FFD102229460DA8F0F79AFD96
:10C2A00003221E9911A8F0F795FD494611F8013BAC
:10C2B000D9F801008DF847308B880622129012A819
:10C2C000ADF84C30F0F786FD414611F8013B0622EF
:10C2D0008DF84E30D8F801300DF14F00CDF84F30C9
:10C2E0008B88ADF85330F0F775FD2146102201A878
:10C2F000F0F770FD3B46412205A901A8F0F724FEA6
:10C30000044610B93846FFF781FF204617B0BDE854
:10C31000F083F3F7E1BE30387047F8B5069F046943
:10C32000C9B2EFF31186402585F31288BFF36F8FF2
:10C330000C2569430C44A56C05F0070CBCF1010FFA
:10C340000BD1A76486F31188BFF36F8FC4E9102364
:10C3500043685B5898470020F8BD05F0C005AF4220
:10C3600086F31188BFF36F8F0CBF6FF077004FF02B
:10C37000FF30F1E713B580240094FFF7CEFF02B041
:10C3800010BD0069CBB200EB431000211047002024
:10C39000F3F7DCBC0020F3F7F9BC1046F6F786BBD8
:10C3A0008022F0F757BE0020704708461146E9F793
:10C3B0001FBC084608B51146F9F79AFB002818BFBC
:10C3C0006FF0040008BD08B5F9F7ECFB002818BFB2
:10C3D0006FF0040008BDF7B51C46002316468268BE
:10C3E0002360A3600D465369694601AA9847019BE3
:10C3F0005A1E01921BB96FF0150003B0F0BD0098F2
:10C40000A26847682168676085B9B31AD0F800C090
:10C41000634528BF634603FB07111A442160A260ED
:10C4200002689A4206D808300090E0E76B1AB3FB26
:10C43000F7F3EBE70020E0E713460022FFF7CBBF5E
:10C440002DE9F0470024836886B0884691465B69F1
:10C4500002AA01A99847A2462546029BAB4202D8F0
:10C4600006B0BDE8F0870026019F07EBC5077B6893
:10C4700004933A680AEB0603B24202D89A460135A1
:10C48000EBE749460394059303A8C0470028E7D08B
:10C49000049B01361C44ECE770B5037B04460BB1EA
:10C4A00000F0D2FB0026A06800B970BDB0F5007F97
:10C4B00028BF4FF4007005460246D4E90010F0F79B
:10C4C000E7FF63682B44636023680BB12B44236050
:10C4D000A3685B1BA360002BE5D0237B0136002BF8
:10C4E000E1D0304600F0B1FB0028DCD00120DCE7D1
:10C4F00008460021F0F7F0BF084611461A4609B178
:10C50000F0F7EABF6FF01500704743681C330B600B
:10C51000012313607047436800209B69C1E9003024
:10C520007047F6F7C3BA4FF0FF324FF0FF33F6F71C
:10C5300015BBF0B54468076900208BB000908DF8FA
:10C5400004000120119D0790109802F08006CDE9AB
:10C550000805D007CDF818D08DF8001012D53A7F15
:10C560001BBAD107049357BFBDF81130CDF8013085
:10C57000ADF801309DF813304EBF05238DF8033020
:10C5800004230793002D0CBF0122022206ABCDE944
:10C590000323029302232146059351F8040B36B17D
:10C5A00083681C68002302AAA0470BB0F0BD836813
:10C5B0001C6804ABF7E7002373B50D1E466814BF73
:10C5C00004210621CDE9003380220446FFF7B1FFA4
:10C5D00096F830309B0609D540B93DB90346CDE900
:10C5E0000000802298212046FFF7A3FF02B070BD13
:10C5F0001FB5012301930DF10F03009300230521C3
:10C600001A46FFF796FF08B99DF80F0005B05DF8D0
:10C6100004FB2DE9FF41064615461C4601270DF196
:10C620000F08002305211A463046CDE90087FFF7A1
:10C6300080FF40B99DF80F30DB0704D5284621461E
:10C64000F7F722FFEDE704B0BDE8F0812DE9F347ED
:10C650001F4643680D1E064690469B695CDBEA193F
:10C660009A4259D80069FFF75EFF00213046FFF774
:10C67000A2FF0446002844D181462FB9012130464B
:10C68000FFF799FF044640E0B7F5807FBA4628BF20
:10C690004FF4807A2A4605EB0A03002D03F1FF339D
:10C6A0004FEA1323B8BF05F1FF02B3EB222F08D0E6
:10C6B0006B42DBB25FFA85FA58BFC3F1000ACAF5D4
:10C6C000807A0023802206213046CDE90099FFF7C9
:10C6D00030FF0446A8B92B46812202213046CDE91D
:10C6E000008AFFF726FF044658B90122002330468E
:10C6F000FFF78FFFA7EB0A070446D04455440028F4
:10C70000BBD001213046FFF756FF3069FFF709FF24
:10C71000204602B0BDE8F0876FF01504F8E7F7B5E2
:10C720001E4643680D1E044617469B6914DBAA1972
:10C730009A4211D80069FFF7F6FE2B460122032129
:10C740002046CDE90076FFF7F4FE05462069FFF7A5
:10C75000E8FE284603B0F0BD6FF01505F9E7F7B520
:10C760004468054694F830309A0746D5076901F0C9
:10C77000ACFA4FF47A76A0FB060C002347F612229F
:10C7800006FB01C1DEF72EF8BB69C31A13D4628D14
:10C79000A68D9B1AB3420EDA47F6122740F2E73015
:10C7A0000021F61A4FF47A720023E6FB0701DEF748
:10C7B00019F8F7F769FE94F8303013F004031CD130
:10C7C0008022AB212846CDE90033FFF7B2FEA8B99D
:10C7D00094F830309B0710D540F2E73147F6122528
:10C7E0000E460146E48D4FF47A72E5FB04610023A6
:10C7F0003046DDF7F7FFF7F747FE002003B0F0BD46
:10C80000436800205B68DB680B607047436802EA9E
:10C8100001005B6821EA02015860002099607047BE
:10C82000436800205B6859607047436800205B687C
:10C830009960704743685A68136821EA03000B4007
:10C84000506000209360704730B543681360057AEC
:10C85000446804EBC504A34202D36FF0010030BD6D
:10C860005C798C4201D00833F0E70020F7E7436899
:10C870001B68D3F83031704743681B68D3F88004D5
:10C88000C3F88004704742681368D3F84C0150B174
:10C890000020926A12780A70C3F84C01D3F84C2138
:10C8A00001229A6270474FF0FF30704737B5044657
:10C8B000002201214FF48270E5F716FD4FF48270DB
:10C8C000E5F7F0FC626853691068C0F82435D18B35
:10C8D000938B957E0B43118C0B43518C0B43517EF4
:10C8E000127E29430A439BB21343C0F86C3561683A
:10C8F0000B68D3F8002242F48022C3F800220822F9
:10C90000C3F800254A6A0121C3F83C270022C3F876
:10C9100040271965D3F830110029FBD0C3F8002552
:10C9200063680021DD6801AA2846FFF78DFF002813
:10C9300005DB019B2A6819791868F1F70BFA0821C1
:10C9400062681368C3F80015117A51B9926AC3F886
:10C9500004270122C3F80827C3F84C11D3F84C115F
:10C960009A62002003B030BD002201214A20E5F781
:10C97000BBBC10B50B6813B91846136005E003681B
:10C980005C681CB114600368186810BD083303604C
:10C990000B68013B0B60EDE713B5002101AA0446CB
:10C9A000FFF752FF002805DB019B22681979186800
:10C9B000F1F7D0F902B010BD10B503680446DBB141
:10C9C0009868C8B149B1197B0122F1F7EBFA2368E5
:10C9D0001869BDE8104000F0FBBF12B99A88D20474
:10C9E0000AD4186900F0F4FF23680022BDE8104063
:10C9F000197B9868F1F7D6BA10BD10B50122002155
:10CA00000446FFF7D9FFA36933B9636004F110004E
:10CA1000BDE81040F6F74AB810BD10B500690368CC
:10CA20008B4206D190F86C4034B9FFF7E6FF204600
:10CA300010BD6FF01500FBE76FF00F00F8E738B599
:10CA400005690446296405F12800F6F72FF800224D
:10CA500085F86C2020691146BDE83840FFF7ACBF6F
:10CA60000121F2F7C5BA0021F2F7C2BA10B54FF0B2
:10CA7000FF304FF0FF31F2F7DDFA044628B9D2F764
:10CA800069FC044618B1F2F7DDFA204610BDF2F752
:10CA9000D9FA2046E8F74EF8F7E738B50B8A0D4685
:10CAA0007BB30B7E012B14D0042B2AD14FF0FF3027
:10CAB0004FF0FF31F2F7BEFA044640B9E868DEF7FE
:10CAC00002FA0446F2F7BEFAB4B1F2F7EFFB2046E1
:10CAD00038BD4FF0FF304FF0FF31F2F7ABFA0446AC
:10CAE0000028F4D1E868F2F7A3FC0446F2F7AAFAAA
:10CAF000002CECD1F2F7DAFB2846E6F7E7F8002441
:10CB0000E5E76FF01504E2E7F2F700BC10B531225B
:10CB10000021044603F039F8202323708023A370FA
:10CB20006FF03F0363710423A3722823A3730223CE
:10CB3000E3730423A3756FF0080363766FF03C037F
:10CB4000A3766FF00C03E3767E232377302384F8FB
:10CB500020306FF03F0384F82130792384F82230AD
:10CB60006FF0010384F82330012384F824308023FC
:10CB700084F82630042384F82730402384F82D30AD
:10CB800010BD002303604360037823F07D0343F06E
:10CB90007D030370437823F0410343F04103437066
:10CBA000704708B50323E2F755FC002008BD08B51F
:10CBB000F2F7D0FF002008BD08B5F8F7F3FF48B141
:10CBC000002383F31188BFF36F8F0423184602DF1D
:10CBD0006FF0040008BD684620F007018D4601B5DE
:10CBE000DCF712FAE5F73CF8BDE8014085467047EE
:10CBF000684620F007018D4601B5E2F751FBBDE81C
:10CC0000014085467047684620F007018D4601B512
:10CC1000DCF77AF8E5F724F8BDE80140854670476F
:10CC200008B5E2F7B2F8002008BD7047DBF722BD77
:10CC300008B5DDF771FB30B1EFF305800338032849
:10CC400094BF0020012008BD704701207047806814
:10CC5000203820F00F0020387047042809D005281C
:10CC600003D1481E18BF01207047431A584258414B
:10CC700070470120704738B515460C4661B15AB16E
:10CC8000FCF72FFF2146254411F8013B834203D1D5
:10CC9000A942F9D1012038BD0020FCE738B50C4687
:10CCA0000123114622460546FCF7BDFE00280FDB96
:10CCB000012221462846FFF7DEFF38B92378012BF1
:10CCC00014BF022301230020237038BD0323FAE799
:10CCD0000120FAE72DE9F0431D4685B006460F46D0
:10CCE0009046FCF7F5FE6C1E044440420440102CB4
:10CCF0001AD83046FCF7F5FE81462A46414668467A
:10CD000002F01CFF4946621B0DEB050002F03DFFDF
:10CD100023466A4639463046FCF79AFE003818BF6B
:10CD2000012005B0BDE8F0834FF0FF30F9E707B50B
:10CD300001238DF8042001AAFFF7CCFF03B05DF8B2
:10CD400004FB81680122203921F00F01FFF7EFBFBA
:10CD50008268203A22F00F02FFF7A0BF13B50C46FD
:10CD6000C0B201A9E4F7E2F950B921460198F3F7FE
:10CD70005DF904460198FCF755FE204602B010BD4F
:10CD80000124FAE70E2A13B5044601D9E5F79CFD04
:10CD90000E29FBD841EA02118DF80710FFF757FF63
:10CDA000012301460DF107022046FFF793FF02B071
:10CDB00010BDF7B50D1E69460CBF17462F46044639
:10CDC000F3F734F978B99DF80060022E22D0032ED3
:10CDD0000BD0012E26D135B19DF80330032B02D1A3
:10CDE0002046FFF7AEFF03B0F0BD002DFBD120467B
:10CDF000F3F7FAF80028F6D157B12046FFF7A1FF64
:10CE00000028F0D1002231462046FFF7BBFFEAE7B9
:10CE10000226F7E745B90146A2682046FCF72DFE39
:10CE20000320E0E7E5F750FD0420DCE7004700F0D1
:10CE3000CFBD70B5044608461646F3F7C3FA08306E
:10CE400034F810300D46DA0509D5C3F3432304EB5B
:10CE5000C3023146284654F8333052689847A368D5
:10CE60002BB131462846E268BDE87040184770BDD6
:10CE70002DE9F3411746DDE90858019001A80C4659
:10CE80001E46F3F7F3FA019B391E18BF012100EB90
:10CE90008300231E18BF0123002E43EA410314BF61
:10CEA0000C210021002D43EA010314BF4FF47061EF
:10CEB0000021B8F1000F43EA010314BF4FF44031E1
:10CEC0000021D0F880200B4322EA030304B1247828
:10CED0000FB13F787F001C430EB13678B6003C435B
:10CEE0008DB1297809023443B8F1000F03D098F8C6
:10CEF00000804FEA0848214341EA0801C0F8801049
:10CF000002B0BDE8F0812946EDE71FB50DF10F0332
:10CF1000019300238DF80F101A4619460093FFF76E
:10CF2000A7FF05B05DF804FB10B504792046F3F7C0
:10CF30001BFB10B12046F3F73DFB00F0010010BDD4
:10CF40002DE9F04700250446884617462E464FF047
:10CF50000109AA46BE420CD1D4F8443133B10023B2
:10CF6000C4F84431D4F8443145F400352846BDE8CE
:10CF7000F087F0B2F3F7A6FAA0F580739B0809FAE0
:10CF800003F318EA030F05D022581AB144F800A0A1
:10CF900022581D430136DDE770B506790446304658
:10CFA0000D46F3F707FBB0B13046F3F7DDFA90B961
:10CFB0003046F3F7C9FA012322688340C2F81833D8
:10CFC000226803B202EB8303D3F8102522F0030298
:10CFD000C3F8102570BD2846BDE870400021FFF75A
:10CFE00094BFF3F71DBCFFF7D7BFF3F7F5BAC9B28B
:10CFF000F4F72EBA70B50126A2F58074A40806FADB
:10D0000004F4054614EA010008D0A85830B1002104
:10D010003046A950AA581A6822431A6070BD0023EE
:10D020002DE9F34104460D460193904601AB4FF4C0
:10D030008072FFF7DFFF4FF4827229462046FFF728
:10D04000D9FF4FF48472074629462046FFF7D2FFE6
:10D05000064630B1B8F1000F1DD017B13E46D4F8E6
:10D060000C374FF4A6722946204601ABFFF7C2FFEA
:10D0700030B1B8F1000F03D016B90FB1D4F80C37A6
:10D080004FF4B4722946204601ABFFF7B3FF019875
:10D0900002B0BDE8F0814646E3E7012370B50446DF
:10D0A0000D4664264360002202212046FFF7B7FFA9
:10D0B00020B90120FFF7BBFE013EF4D100236B77BE
:10D0C000C4F8003570BD07B5019001A8F4F7D2F996
:10D0D0000123019A9340436003B05DF804FB07B558
:10D0E000019001A8F4F7C6F90123019A93408360E7
:10D0F00003B05DF804FB0369C26893429CBF81687A
:10D100005B18013B981A70472DE9F0410546D0E9BC
:10D1100002844068A8EB0406964220440F4614445B
:10D1200006D902F00BFDBFF35F8FEC60BDE8F08124
:10D130003246A4EB080402F001FD22466868B919E2
:10D14000EFE72DE9F8430646894617464FF00008F9
:10D15000C5683369B4689D4228BF1B19641BBC4273
:10D1600028BF3C46013B5B1B9C4228BF1C467068A5
:10D1700049462246284402F0E1FCB3682544AB420C
:10D1800008BF0025A044A1443F1BBFF35F8FF5609B
:10D19000002FDED14046BDE8F88308B5F4F7BEFDA8
:10D1A000002008BD30B5026A0346D2E9014084423E
:10D1B0004FF0000002D30123D36030BD18745068D3
:10D1C000242501305060186A4268541E02681846CF
:10D1D00005FB04225C1950F8045BA04242F8045B92
:10D1E000F9D101209960E8E7F0B5064604468BB016
:10D1F00001AD0F4694460FCE0FC50FCE0FC5216A65
:10D2000033684A682B602068A56822B90223CB6086
:10D2100000200BB0F0BDFB0713D524260B68013AA4
:10D2200006FB02337E0703D41A7C0AB10F23EEE714
:10D23000224603F1240153F8046B8B4242F8046B3D
:10D24000F9D1B90741BF226A536803F1FF33536034
:10D25000AC4505D2236A002BDAD00422DA60D7E786
:10D260007A0748BF20603B0701D40120D1E714347E
:10D2700006AB93E8070084E80700F6E710B5026004
:10D280001A44029B012983604FF00003C2600374BB
:10D290000375836101D8036210BD24224A43243AF6
:10D2A000841804628350026A8C1E9460026A022908
:10D2B0005360026AD360026A1374026A53741EBF19
:10D2C000036A24301860E7E7182871F100030ED3D1
:10D2D000B0F5807F71F100030BD3B0F5803F71F1A1
:10D2E000000308D3002914BF09200520704701203E
:10D2F0007047022070470320704737B5002400258F
:10D3000008290A46CDE900450AD80146684602F0D8
:10D3100015FCDDE9000103B0BDE83040FFF7D4BFE4
:10D32000002003B030BD03460020884200D1704782
:10D330001A5C002AFBD00130F7E700B1C1607047EA
:10D3400043680360836801338360006AFFF7F5BFB9
:10D3500008B50268C3689A4205D3006A0821FFF73E
:10D36000ECFF002008BD0120FCE738B504460D465F
:10D37000FFF7EEFF40B123681B78B5EB531F04D0D5
:10D380000A21206AFFF7D9FF002038BD10B50446F6
:10D39000FFF7DEFF38B123681A78FF2A05D00A218B
:10D3A000206AFFF7CAFF002010BD01332360FBE7AE
:10D3B00010B5027D044632B1FFF7E8FF48B1002303
:10D3C0004FF0FF3223752046BDE810400721FFF7DC
:10D3D0000BBF10BD2DE9F84F1D46531E072B044609
:10D3E0000E46174602D90E21206A1EE020B94FF0E2
:10D3F00000094846BDE8F88F0029F4D0FFF7A8FFE0
:10D4000081460028F3D0A3680BB90321ECE722681A
:10D4100092F8008008F01F0BBBF11F0F14D10DB361
:10D42000206A28B1037C1BB11521FFF786FFDEE7D8
:10D4300001232B7000252368013563602B44236092
:10D44000A368013BA360D4E7BBF1170F0CD9ABF184
:10D450001803D9B2032905D801259D40AF4204D253
:10D460000521C1E70721BFE70025E36805F1010AAF
:10D470005244934201D20821B6E73A460021304691
:10D4800002F083FB15B986F800B0D3E72268711E5D
:10D49000531913F801099A4201F8010FF9D1236ACF
:10D4A000002BC8D01B7C002BC5D008F107085FFA01
:10D4B00088F8B8F1020FBED939463046FFF71DFF94
:10D4C0008245B8D015218FE738B50C461146054680
:10D4D000FFF74BFF08B9002038BD0422002328467F
:10D4E000A118FFF777FF0028F5D02B682360F3E73A
:10D4F000002337B504468DF80330FFF736FFA8B197
:10D50000042220460DF103030DEB0201FFF762FF39
:10D5100060B19DF8035065B901992046FFF742FEBE
:10D5200050B963682360A3680133A360002003B08F
:10D5300030BD6FF00F01F0E72575F8E738B5044608
:10D540000D46FFF7C1FF48B12268E3689B1A6A687D
:10D550009A4204D908212046FFF7F2FE002038BD88
:10D5600038B504460D46FFF7E9FF18B123686A682D
:10D570001344236038BD70B50D460021044616469D
:10D58000FFF7F3FE38B1324629462046BDE8704029
:10D590000023FFF71FBF70BD0422FFF7ECBFFFF7AA
:10D5A000FBBF0222FFF7DCBF0322FFF7D9BF10B594
:10D5B00005210446FFF79CFF50B1237D4BB96FF066
:10D5C0000042A368934205D305212046FFF7B8FE29
:10D5D000002010BD5B00A360FBE7037D23B98068DA
:10D5E000B0FA80F0400970470368C268934205D2E0
:10D5F0001878A0F1FF035842584170470020704747
:10D60000FFF7D6BE70B50D4607210446FFF7ADFE05
:10D6100048B123681E7806F01F06182E05D90A2186
:10D62000206AFFF78AFE002070BD002301222946F0
:10D630002046FFF7CFFE0028F5D0182EF4D12B7826
:10D640001F2BF1D815212046FFF77AFEEBE737B5FF
:10D650000C460DF107010546FFF7D4FF58B19DF8C0
:10D660000730143BDBB2012B8DF8073006D90A21B5
:10D670002846FFF765FE002003B030BD03F001032C
:10D680002370F9E738B50D4606210446FFF76DFE15
:10D6900008B9002038BD0023042229462046FFF7A0
:10D6A00099FE0028F5D0A3680133A360F2E7F0B536
:10D6B00004460E468FB021B10E21206AFFF73DFED1
:10D6C00002E0FFF745FE18B9002630460FB0F0BD66
:10D6D000236800221D780023CDE9022322466D092C
:10D6E00005AB04F1200C1F4610685168083203C7CF
:10D6F00062453B46F7D110683860062D1CD00023E8
:10D7000008228DF804302B1F012B98BF01AE334641
:10D710000DEB020105A8FFF75DFE06460028D3D0F9
:10D72000042D36D017D8023D012D1FD9059B23604B
:10D73000A368013BA360C8E701A905A8FFF7A2FF02
:10D740000028C1D0059B089A934201D30821B4E771
:10D750001D786D09D1E7052DE8D1DDE90232B3F17D
:10D76000004F72F1000110D32946A6E7E368216853
:10D77000029A5B1A9A4203D8059B13440593D5E796
:10D7800008212046FFF7DCFD9EE7DB185241CDE97A
:10D7900002329DF8045025B16FF00F020023CDE94D
:10D7A0000223029B8DF82850079305A8FFF715FF69
:10D7B000014638B1002DB9D005A8FFF7E7FD0028D4
:10D7C000B4D181E705A8FFF772FF0028EDD17BE710
:10D7D000FFF754BD00B1C160704710B50368C4685D
:10D7E000A34205D30821006AFFF7F4FF002010BD13
:10D7F0001F2A01D90E21F6E742EA41121A70036886
:10D80000013303600120F2E770B505460E4610466D
:10D8100019461446FFF771FD22463146431E28463D
:10D82000BDE87040F4F798BAF8B51746C3680268C7
:10D8300004469A420D4606D30821206AFFF7CAFF24
:10D8400000263046F8BD9B1A4A689A42F4D80E4624
:10D8500056F8043B53B104213046FFF74EFD6A6889
:10D8600023681344E26803449A42E5D33246042312
:10D8700039462046FFF7C8FF06460028E0D020685A
:10D880002968884202D06A6802F065F923686A68EC
:10D8900013442360D5E7082A73B513460C4606D90E
:10D8A0000521006AFFF796FF002002B070BD8E18B8
:10D8B00016F9012C002A0EDA0A4669460C46B242D5
:10D8C00003D101214BB90E21EBE712F8015BED43C7
:10D8D00001F8015BF3E70021F4E72246FFF794FF2C
:10D8E000E3E7134610B52AB1BDE810400A4600210F
:10D8F000FFF78ABF0E21006AFFF76CFF104610BDCC
:10D9000007B5042201910DEB0201FFF7C4FF03B03C
:10D910005DF804FB07B5042201910DEB0201FFF74E
:10D92000E0FF03B05DF804FBFFF7F4BF0222FFF74E
:10D930007BBF0322FFF778BF07B5CDE90012694628
:10D94000FFF7F7FF03B05DF804FB38B50C4605465A
:10D9500011462046FFF7E7FC214602462846BDE86F
:10D960003840FFF7E9BF1F220421FFF736BF1F220F
:10D970000521FFF732BF1F220721FFF72EBFFFF758
:10D98000FABF10B50A4609781839072905D9BDE844
:10D99000104001230721FFF737BF1521006AFFF769
:10D9A00019FF002010BD07B514318DF807100DF1D7
:10D9B0000701FFF7E6FF03B05DF804FB1FB5002485
:10D9C000CDE90144069C0094FFF758FC04B010BD5B
:10D9D00008B1E5F7FDBA704740B1C368587810F058
:10D9E00001001EBF1878B0FA80F04009704710B5EA
:10D9F000D0E9003433B90020E268537843F00103E2
:10DA0000537010BD204698470028F4D00028B8BFB6
:10DA10004042FF28A8BFFF20E3681870ECE702F03F
:10DA2000B4B802F08BB8704710B400F10C04C0E930
:10DA3000034410BCE2F73ABC8169C36843EA0102BF
:10DA400012F003020FD102614269013A01FB023375
:10DA5000C2689A4201D90020704702691A6082693F
:10DA600003619B1AF4E76FF01500704790F90E30D0
:10DA70008B4201D0F6F78ABA002070470346002097
:10DA8000C3E90033C3E90200704710B5044630B162
:10DA90000268930703D0446809B100F0A3F9204657
:10DAA00010BD0023C0E90033836000F10C03C0E91E
:10DAB000033300F11403C0E905337047012307B5B0
:10DAC000009300230A461946F4F7D0FE03B05DF830
:10DAD00004FB002307B50A4600931946F4F7C6FE77
:10DAE00003B05DF804FB00210068FFF7CEBF5AB118
:10DAF0008A4209D300F11003C0E90212C0E9000014
:10DB0000C0E90433002070476FF01500704701230F
:10DB100002688B4022EA0303036022FA01F000F05E
:10DB200001007047704710B5032104460C30FFF721
:10DB3000EEFF30B104F11000F7F77EF8B0FA80F094
:10DB4000400910BD20B1002298301146F6F7ECBD17
:10DB5000704770B5C3680446C3F340069B0716D4EC
:10DB6000856802210C30FFF7D2FF80B1D5F89020F4
:10DB70006AB194421DD122689EB9D5F89430C5F897
:10DB800090209C4201D1C5F8942000232360E368D3
:10DB900013F01F001EBF43F00203E36040F00200D9
:10DBA00070BD3260D5F89420944208BFC5F89460E7
:10DBB000EBE716461268DBE710B5F5F7FBFA041E33
:10DBC00008DDEFF31180402383F31288BFF36F8FDA
:10DBD000F6F798FA204610BDEFF30580003818BF1D
:10DBE000012070476FF05700704700207047D0E960
:10DBF000003213605A600023C0E90033704738B523
:10DC000004460D46F5F772FF637B43F0020363732E
:10DC1000E5B1A5602B689D4209D16B68C4E900534A
:10DC20001C606C6012E06A689A42F6D01B68002B98
:10DC3000F3D094F90E2093F90E108A42F3D091425A
:10DC4000F1DD5A68C4E9003214605C6038BD01211E
:10DC50001838F6F7E7B810B50446F6F7ADF804F152
:10DC60001800BDE81040F6F7E7BF38B50546046870
:10DC70000020AC4200D138BD002CFCD02046FFF77C
:10DC8000EAFF2046F6F764F82C680120A542F1E788
:10DC900010B5F6F7F9FE0446F6F7FEFE74B1D4E9C6
:10DCA00004321B1A62EBE072B3F1004F72F1000113
:10DCB00004DA002AACBF1846002010BD6FF0004007
:10DCC000FBE708B5F7F790F808BDF7F78DB8B3F1A3
:10DCD000FF3F08BFB2F1FF3F70B504461D46164630
:10DCE00013D01A4315D06FF001024FF0FF33921B8F
:10DCF00063EB0501002904DAF7F776F8821941EBA6
:10DD00000501C4E90021204670BD4FF0FF321146E5
:10DD1000F7E70022FBE7B3F1FF3F08BFB2F1FF3F97
:10DD2000F8B5074616461C4610D054EA020311D037
:10DD3000F7F75AF8B0420A46A14103460AD2F31A4D
:10DD400064EB0204C7E900343846F8BD4FF0FF33F6
:10DD50001C46F7E70023FBE72DE9F0418468054600
:10DD60000E46ECB16378012B25D114F8533C9A0789
:10DD700014D5A4F160073846FFF76DFF082E0CBFDD
:10DD80006FF003030023E36214F8533CDB0605D174
:10DD900054F8483C13B93846F5F7DAFF00232370EE
:10DDA0000020EB68A860C3F38632164366F3943311
:10DDB000EB60BDE8F081022BF0D12378002BEDD091
:10DDC00054F8048CB8F1000FE8D004F11400F6F711
:10DDD00033FF0023A4F1140739464046E362F5F708
:10DDE000E9F9DBE720B1011F50F8040CF4F73CBA65
:10DDF000704700207047704710B5044608B1F7F728
:10DE0000A1FA2046BDE81040F7F78CBA0346C06877
:10DE1000E0B15888D0B11B8803F44F42B2F5824F6D
:10DE200009D1DBB2272B2AD008D8172B0FD0222BF1
:10DE300034D0122B16D06FF085007047302B2FD0C6
:10DE4000413B012BF7D8FF2839D100207047C0286B
:10DE5000FBD0E128F9D0B0F5807F0CBF00206FF037
:10DE60008600704720F02003C02BEED020F0800306
:10DE7000B3F5807FE9D040F209239842EDE7E92825
:10DE8000E3D0EF28E1D040F21B139842DDD040F2FE
:10DE900099139842D9D040F23B23EEE7E928F1E705
:10DEA00020F02003C02BD0D020F04003B3F5807FBA
:10DEB000CBD0B0F5C07FC8D0B0F5007FCDE7B0F5CE
:10DEC000E07FCAE73AB1002918BF00232121D21A06
:10DED000184401F05ABE704738B50D46F7F780FB7D
:10DEE000044640B9286843681B0A04D0F8F754F880
:10DEF0002C606FF08504204638BD2DE9F04F9B461D
:10DF0000002389B08DF81B30159B9146DDE912A7DF
:10DF1000002B0D460B460CBF4FF400624FF480629D
:10DF200007A9DDF85080F7F75BFB0446D0B9079EE0
:10DF3000284631880DF11B02F7F7EAFB044688B941
:10DF40009DF81B30BB421FD8CDE90338CDE901BA9B
:10DF5000CDF800902B46D6E909123046F8F73CF987
:10DF6000044608B1C8F800703A4621465046D8F831
:10DF70000030FFF7A7FF0798F8F70EF8002C18BF3E
:10DF8000204609B0BDE8F08F6FF08904EAE741F25E
:10DF9000062398421AD8B0F5905F09D241F20103E6
:10DFA00098420CD0B0F5885F09D06FF085007047BB
:10DFB0006923A0F5905080B2C340DB07F5D511F07E
:10DFC000070F0CBF00206FF086007047B0F5105FA0
:10DFD000EBD121F04003802B06D0B1F5807F0CBF40
:10DFE00000206FF0860070470020704770B5446ACB
:10DFF00005460E463CB90120F7F78EF9686228B154
:10E000002046AE6270BD6FF08A00FBE76FF08C00B7
:10E01000F8E7F8B51E460F4615460388C2B103F46B
:10E02000E043B3F5805F02D0B3F5005F10D1089BE9
:10E03000E90019600088FFF7AAFF044630B92A46B4
:10E040003946304601F07AFD079B1D602046F8BD39
:10E050006FF08504FAE710B50446406A10B1A16A72
:10E06000FFF7CAFE0020C4E9090010BD38B5054617
:10E07000FFF7F1FF2B7F0446012B0ED0023B012B53
:10E080000ED82B6A012B18BF6FF096042C220021AA
:10E09000284601F07AFD204638BD2B6A002BF2E7B6
:10E0A0006FF09604F2E770B514460288049D02F4FE
:10E0B000E040B0F5805F18D0B0F5005F15D044F2B5
:10E0C000010022F4405686420FD002F44F40B0F5D2
:10E0D000824F0AD0B0F5884F07D0B0F58E4F04D0EC
:10E0E00022F0FF02B2F5F04F0ED1AC420FD8184625
:10E0F000224601F023FD00212A1B204401F045FDAA
:10E100000020059B1C6070BD6FF08500FBE76FF081
:10E110008900F8E77FB50E461D461446BAB10023C4
:10E1200001222B6003A9F7F75BFA70B9CDE900452E
:10E1300003983346D0E90912F7F7ECFF0446039839
:10E14000F7F72AFF002C18BF204604B070BD6FF00F
:10E150008900FAE7F0B50F461E46154685B00AB3AA
:10E16000002303A91A463360F7F73AFA044638B990
:10E17000039803885B0406D4F7F70EFF6FF086045C
:10E18000204605B0F0BDCDE900563B46D0E9091266
:10E19000F7F7D4FF04460398F7F7FEFE002C08BFFC
:10E1A0000446EDE76FF08904EAE710B5036804461A
:10E1B00053B100F0C5F900232360A38823F4FF7353
:10E1C00023F00103A38010BD1846FCE72DE9FF41B1
:10E1D00005469846002303932B68084617467BBBE9
:10E1E000B8F1000F134603A914BF4FF480624FF437
:10E1F0000062F7F7F5F9044620BB039E38463188E4
:10E200002A1DF7F785FA0446E0B96B79314668F3C1
:10E2100000036B7100972846D6E90923B8F1000F77
:10E220000BD0F8F703F8044660B90398F7F7B4FE8B
:10E230000446204604B0BDE8F081F8F71BF8F2E789
:10E240006FF088042846FFF7B0FF0398F7F7A4FEA5
:10E25000EFE70123FFF7BABF38B50468054664B19C
:10E2600012B90024204638BD00F055F904460028B4
:10E27000F7D02846FFF799FFF4E76FF08804F1E73D
:10E280002DE9F0411746026805460E46984682B1D0
:10E290004279D2070DD502795AB1BA4216D800F0A8
:10E2A00043F9044638B9A6B92846BDE8F041FFF75E
:10E2B0007CBF6FF088040023C8F800702B7146B94A
:10E2C0002846FFF772FF2046BDE8F0816FF0890411
:10E2D000F1E721463A463046D8F80030FFF7F2FD24
:10E2E0002846FFF762FF002C08BF0446EBE71FB586
:10E2F00001240394089C0294079C0194069C0094BA
:10E30000FFF7FBFD04B010BD2DE9F04705469A4626
:10E31000002388B0079305F0FE43B3F1106F084661
:10E32000DDE910961746DDF848801CD12B464FF4E6
:10E33000804207A9FFF7D0FD0446B0B9CDE90368D4
:10E34000CDE901A9079800972B46D0E9091200F002
:10E35000FFF8044648B90798F7F71EFE0446204622
:10E3600008B0BDE8F0876FF0860431464846F7F7FD
:10E37000BFFB0798C8F80060F7F70EFEEFE703460B
:10E380001B88084603F4E043B3F5805F114602D0D2
:10E39000B3F5005F01D1F7F7ABBB6FF085007047B5
:10E3A0007FB5002203880A60CDE901224288064633
:10E3B0000D46002A69D0028802F4E042B2F5804F8F
:10E3C00063D023F0FF03B3F5E24F02D0B3F5824FE1
:10E3D00004D13046FFF71AFD0446D8B9304602AAE8
:10E3E00001A9F7F705FA0446002843D1019B9B6A6F
:10E3F0009BB10199304601F12803D1E90912F7F7E1
:10E4000019FE0446002839D129460198F7F756F934
:10E41000044678BB204604B070BD73681B0A22D145
:10E420003088718800F4E043B3F5805F15D0B3F510
:10E43000005F12D020F0FF03B3F5E24F22D1C0B24B
:10E4400042280ED10831C908039103990198FFF7BA
:10E45000CDFD04460028CCD00CE0FFF798FD044623
:10E4600040B90731EFE7304603A9F7F7CBFD044683
:10E470000028EAD00198F7F71DFACBE70198FFF7DB
:10E48000EAFDF7E76FF08504F4E76FF08604C1E773
:10E490001C22002101F079BB037F022B06D1036A05
:10E4A0005A1C03D001330362002070476FF09600BE
:10E4B000704703466FF040420846591E914207D309
:10E4C00038B103F1404393428CBF002001207047D4
:10E4D00001207047034668B1017F8A1E012A0BD8CC
:10E4E0000329026A03D1012A01D1FFF7BFBD1AB186
:10E4F000013A1A62002070476FF0960070470020C2
:10E500007047C0B2FF280CBF6FF086000020704734
:10E51000F7F736BF70470368052B02D10830F8F7CC
:10E520006BBB6FF08600704710B40468052C03D1F4
:10E5300010BC0830F8F7DCBB6FF0860010BC7047E9
:10E540000368052B02D1083000F0E4B900207047C1
:10E55000F0B545681C46DDE9077CDDE905362D0A86
:10E56000DDF824E008D1CDE908E4CDE9067C059684
:10E57000BDE8F040F9F788B96FF08600F0BD0020E3
:10E58000F8F70EB90020F8F743B9002000F0E7B81B
:10E59000002070470A2840DCC31C22DA10F1400F2B
:10E5A00047D010F13F0F2BDA10F1410F44D010F19A
:10E5B000550F44D010F1490F08BF6FF0840018BF09
:10E5C0006FF08600704709282AD8DFE800F0052997
:10E5D000290816293829292F6FF098007047002044
:10E5E0007047C31C0D2B1BD8DFE803F0072F1A1C44
:10E5F0001A1A1A1A1A1A1D1A1A1D6FF08500704776
:10E6000010F1210F1ED00BDB10F1200F1DD010F1E7
:10E61000100F08BF6FF09400D1E764380928D2D9F1
:10E620006FF0860070476FF0940070476FF08C00B9
:10E6300070476FF0840070476FF0890070476FF08B
:10E64000930070476FF0880070476FF0920070473A
:10E6500030B5002503F58073013A002A0DDAFF2B4F
:10E66000DAB28CBF0021012152EA050003D0FF2B52
:10E6700094BF00200120401A30BD845C1C448B5C98
:10E68000013AE41A230AE4B2FF332543E5E7002305
:10E6900013B58DF807308B4206D19DF80700B0FA0C
:10E6A00080F0400902B010BDC45C9DF80720013322
:10E6B00022438DF80720EEE78B4230B50CD80024BA
:10E6C00021469C4203D1081E18BF012030BD155DB4
:10E6D000055529430134F4E70020F7E710B58B42D4
:10E6E00094BFC4184418A04200D110BD00F8012BFB
:10E6F000F9E700231A4682B001908B4201D102B0A3
:10E7000070470198C2540133F7E70368D90444BF46
:10E7100043F48063036003689A0444BF43F40063D6
:10E720000360704737B5054600216846F9F722FBBC
:10E73000044668B9302229466846F9F76DFB10F1A6
:10E74000520F044607D0431CF4D0684600F080FD09
:10E75000204603B030BD684600F07AFDE4E70020B3
:10E76000704707B501A9F8F76FF9003818BF012005
:10E7700003B05DF804FB0023F7B50446007801936D
:10E7800008B140F0007001A9F7F740FE18B1FFF79B
:10E7900001FF03461BE0019800F0CBFB0646019801
:10E7A00000F0C9FBA26804F1500504F10C07821ABD
:10E7B0003946284601F067F832463946284601F0C6
:10E7C00085F8284601F03DF803460028DFD11846B9
:10E7D00003B0F0BD38B543680446102B26D890F836
:10E7E000483100F150053BB9284600F079FC18B1DA
:10E7F000BDE83840FFF7CEBEA2680C34102A07D01F
:10E8000021462846C2F1100200F0DEFB0028EFD1BD
:10E810002146284600F005FC0028E9D1284600F0F2
:10E820000AFD03460028E3D1184638BD6FF0860381
:10E83000FAE7F8F721B9F8F71FB92DE9F0410446D6
:10E8400080680F469042154609D3201A1C3001F00B
:10E8500075F9A3685B1BA3600020BDE8F08194F804
:10E86000483143B904F1500000F03AFC18B1BDE85A
:10E87000F041FFF78FBEA26832F0100309D0A01A52
:10E8800039461C3001F05AF9A3681F44ED1A0023E1
:10E89000A360A3686E1E26F00F069BBB102204F136
:10E8A0000C0104F1500000F08FFB0028DFD1102292
:10E8B00084F84801A2604EB13246394604F1500056
:10E8C00000F082FB0028D2D184F8480104F15008FE
:10E8D000404600F05AFC0028C9D1404600F0ABFC8D
:10E8E0000028C4D1402104F10C00FFF702FFAA1B4D
:10E8F000B2D0B91904F10C0001F020F9A3685B1B38
:10E900003344A8E7002ED7D194F84831002BDDD04E
:10E910002A46EEE708B54FF42E71FFF7EAFE002015
:10E9200008BDF0B504461F460D461646ADF5317DCF
:10E930004FF42E72002102A801F027F92146334638
:10E940002A46009702A8F8F797F8044618B102A8DB
:10E95000FFF7E0FF10E002A8DDE9B612F8F74CF986
:10E9600004460028F3D1DDE9B923B89902A8F8F7E5
:10E97000BFF904460028EAD120460DF5317DF0BDEF
:10E980002DE9F04F4FF0000B91461E464488058854
:10E990008BB005F44F4300940734B3F5824F8246A1
:10E9A0000F464FF01C0259464FEAD40803A818BF7F
:10E9B0005D46CDF808B001F0E8F8C845C6F800B0EB
:10E9C00041D8B4F5847F41D26A4649465046F8F7AB
:10E9D000D7F9044640BBEDB22846009901AAF7F7E3
:10E9E00043FD044600BBA5F14103012B20D842465C
:10E9F00002A9F7F70DFF20BB414602A8FFF747FE2B
:10EA000038BB412D05D1B8F1200F02D102A800F08A
:10EA100087FF4246384602A901F090F8202102A85B
:10EA2000FFF767FEC6F8008020460BB0BDE8F08F08
:10EA30004A463946019800F07EFF0028EED0FFF7E5
:10EA4000A9FD0446F0E76FF08904EDE76FF0850457
:10EA5000EAE76FF09304E7E7CA0448BF41F4806136
:10EA60008B0448BF41F40061816070472DE9F0419B
:10EA7000458817460735B5F5847F04460E46984607
:10EA800002888EB023D222F0FF01B1F5E24F13D1FC
:10EA9000202206A9FFF774FF58B9628805AB073238
:10EAA000CDE90183204633460097D20806A9F8F73E
:10EAB0004BFA0EB0BDE8F081B2F5105F02D0B2F5AE
:10EAC000885F04D1E90806A8F7F712F8E4E76FF0C9
:10EAD0008500EEE7F8F758BCC0F30253042B05D8C5
:10EAE000012B07D80DD06FF098007047052BFAD195
:10EAF000032306E00B8844F212118B420CBF04235F
:10EB0000022300F030002028136001D0002070475D
:10EB100002331360FAE713B50C46F7F795FFC31CF1
:10EB20000FD0013009D004224FF0FF3321460DEB06
:10EB30000200019301F031F830B96FF08B0002B0A0
:10EB400010BD6FF08400FAE70020F8E730B589B017
:10EB5000054618220C4601A8002101F016F80123F1
:10EB600044EA052401A9FA2007940593F7F714FF56
:10EB7000002818BF6FF0920009B030BDF7B5FA2039
:10EB800001A9F7F761FF044610B1002003B0F0BD02
:10EB9000019D2F0AEDB2AC4205D1FA20F7F73AFFFA
:10EBA0000028F2D008E0E6193046F7F733FF30B11D
:10EBB0003046FFF7D6FD10B96FF09200E6E701345A
:10EBC000E9E738B503780446033303F00303012B68
:10EBD0000FD86FF0210038BD60782844F7F70CFF9C
:10EBE00048B901352378C3F382039D42F4D3002052
:10EBF000F1E70025F6E70220EDE74368A3F11001F5
:10EC0000914241D8012243F80C2C53F8042C42F0D5
:10EC1000200243F8042C53F8082C42F0005243F829
:10EC2000082C836800F11402A3F1100191422FD83F
:10EC3000012243F80C2C53F8042C42F0200243F834
:10EC4000042C53F8082C42F0005243F8082CC368F7
:10EC500003F15402BFF35F8F4FF0A3431A60BFF379
:10EC60005F8FC2680432BFF35F8F1A61BFF35F8F9B
:10EC7000BFF35F8F03225A63BFF35F8FBFF35F8FD2
:10EC80009A63BFF35F8F7047103242F80C2CB7E7DE
:10EC9000103242F80C2CC9E7BFF35F8F4FF0A3434B
:10ECA000DA69BFF35F8FBFF35F8F10215963BFF342
:10ECB0005F8FBFF35F8F00215963BFF35F8FBFF397
:10ECC0005F8FD96BBFF35F8F4906F8D422B1BFF3D2
:10ECD0005F8FDA61BFF35F8F704708B5F9F79CF972
:10ECE00030B9BFF35F8F4FF0A343986ABFF35F8FD4
:10ECF000BFF35F8F4FF0A342D36BBFF35F8F10F072
:10ED0000240F03F0230304D0FFF7C6FF6FF01F00AA
:10ED100008BD4FF0FF30002BFAD1BFF35F8F1063B7
:10ED2000BFF35F8F1846F3E710B59EB0024646F674
:10ED300011031AA901A8F8F71BFF0023039A102159
:10ED40001360039A01A89360039B1AAA10330393DC
:10ED5000FFF753FFFFF7C1FF431C0446FAD001A899
:10ED60007421FFF7C6FC20461EB010BD1830F9F71D
:10ED7000E7B80160CB691146184738B50368044607
:10ED80000BB3027EFAB94FF4AA71DB69C5689847E4
:10ED9000C0B92368E5605A69636AE169C2F5967291
:10EDA00013440B602368E2695B6943F0005393608E
:10EDB0006268E3695268DA60E3691033E361A3686B
:10EDC0000233A36038BD6FF02000FBE708B5037E77
:10EDD00043B32AB38368062B05D91830F9F7B0F886
:10EDE0006FF0440008BDB2F1807F05D31830F9F709
:10EDF000A7F86FF03F00F5E7C3691960C3699A602F
:10EE00004168C369C968D960C3691033C3610369C4
:10EE100013440361C3681344C36083680133836090
:10EE20000020DFE76FF02000DCE770B5037E0246CC
:10EE3000002B45D050F8183BD1681C69B1FBF4F5A4
:10EE400004FB151121B1F9F77BF86FF0450070BD97
:10EE5000D3E905452C44682C04D9F9F771F86FF013
:10EE60002200F4E79D68946A166A6C4094625D68BB
:10EE7000654095625C69556AE31CC4F59674254447
:10EE800035601568146A6D6923F00303A560146A80
:10EE900004F11005156215686D699D420AD0216163
:10EEA0001468116A64691B1B43F080438B60136A0A
:10EEB00010331362D8217C32FFF79FFE0020C6E793
:10EEC0006FF02000C3E710B5037E0446A3B1D0E97C
:10EED00003239A4204D00268836A526853408362D3
:10EEE00020466369984704F11800D82104F17C0298
:10EEF000FFF783FE002010BD6FF02000FBE738B560
:10EF0000037E054653B1FFF7E8FE431C044603D0D9
:10EF100005F11800F9F714F8204638BD6FF0200409
:10EF2000FAE710B504462046FFF7E9FF431CFAD084
:10EF300010BDC0687047006970470368D8687047A3
:10EF400010B50269044613690BB15069984704F182
:10EF50001400BDE81040F8F7F3BF08B58268034617
:10EF60004AB902681169426A114204D0FFF7E8FF0A
:10EF70006FF0530008BD03F11400702103F1780213
:10EF8000FFF73BFE0020F5E773B5064601A8F9F749
:10EF900045FA044678B906F11400F8F7A7FF01987E
:10EFA000FFF7C2FE044648B93269D3681BB1506905
:10EFB0009847054618B9204602B070BD0546304650
:10EFC000FFF7BEFF2C46F6E710B5047D03462CB3D1
:10EFD000B2F1807F04D3FFF7B3FF6FF03F0010BDA5
:10EFE0004468062C04D9FFF7ABFF6FF04400F6E746
:10EFF0000AB90020F3E78069016099698A6018689E
:10F0000099698069C068C8609969103199615968C7
:10F0100001315960996811449960EAE76FF0200066
:10F02000DDE710B4037D002B56D08368C3B9836934
:10F0300000F124021A60036882691B68013343F0FF
:10F0400000539360046882692368A4690133E4680B
:10F050001B0203F4F8532343D360836910338361A5
:10F06000036882681C68131923EA040384699B1AE5
:10F0700054F8042C42EA032244F8042C826952F822
:10F08000084C234443F0005342F8083C03681A68D4
:10F09000C368134423EA0203C2691160C269C168EC
:10F0A0009160C26902F11001C161C1688B420AD04E
:10F0B00000211161C168C2695B1A43F0804393600B
:10F0C000C3691033C3610368DA68436A23EA020341
:10F0D000436210BCFFF741BF6FF0200010BC7047C7
:10F0E00038B5037D0446002B49D103685B69002BCA
:10F0F00048D0FFF749FF054600283ED1214651F888
:10F10000783B626A9B6904F114001B68F8F730FDD4
:10F110000123636023699A689AB9A2691B68136026
:10F120002369A2695B6843F0005393602268A36976
:10F1300092699268DA60A3691033A361636801334E
:10F140006360236AA269C43313602368A2695B69A0
:10F1500043F0005393602268A36992695268DA60B1
:10F16000A36922681033A361636801336360126985
:10F17000636A134363620023A360284638BD6FF0BF
:10F180002005FAE76FF04705F7E738B5027D03463B
:10F19000002A3CD00268816894688C4204D9FFF749
:10F1A000CFFE6FF0530038BD5468B1FBF4F504FB9B
:10F1B000151424B1FFF7C4FE6FF04500F3E7416A70
:10F1C000D06801435962D3E90701C4315269016033
:10F1D0001868D96940690F328860D96922F00F0236
:10F1E00001F11000D8611868406990420AD00C61A2
:10F1F0001868D9694069121A42F080428A60DA6957
:10F200001032DA611846BDE83840FFF7A6BE6FF04D
:10F210002000C8E738B5037D05464BB1FFF75DFD1B
:10F22000431C044602D02846FFF78AFE204638BD1C
:10F230006FF02004FAE710B5037D04462BB1204699
:10F24000FFF7E8FF431CFAD010BD6FF02000FBE78A
:10F2500010B5037804461BB1F7F75CF80023237060
:10F26000002010BDF8B50668054696420C46A2EB94
:10F27000060701DDE3F728FB3946204600F03FF89A
:10F2800032466968E019BDE8F84000F056B8FFF76B
:10F29000E9BFF8B507461646D2E900208A420C4677
:10F2A0000BDB551A294600F02AF8224639467068C9
:10F2B0002844BDE8F84000F041BC891A3944F8E719
:10F2C00070B514460E461D4621461A46FFF7E1FF6B
:10F2D0002146304605F10802BDE87040FFF7D9BF6E
:10F2E00070B5054616461C461A46FFF7BBFF224678
:10F2F000314605F10800BDE87040FFF7B3BF38B5EF
:10F3000003460C46A9B1580706D00022013C03F879
:10F31000012B01D05907F9D124F00F052A4600210D
:10F32000184600F032FC03460021421923449A4259
:10F3300000D138BD02F8011BF9E78B18991A12B1F8
:10F3400010F00F0F01D100F0F9BB0978013AC9B2F2
:10F3500000F8011BF2E70368D868C0F3004070476B
:10F36000036803F580535B6A13F4A02F14BF0120D8
:10F370000020704710B5044600F042F820B1204646
:10F38000BDE81040FFF7ECBF2046BDE81040FFF796
:10F39000E2BF38B50225036804469D6000F030F8EE
:10F3A00018B1236803F58053DD6138BD10B50446FC
:10F3B00000F026F820B12046BDE8104000F025B846
:10F3C0002368BDE81040D868F8F7DABE10B50446E7
:10F3D000204600F015F808B9F8F736FE2046FFF78A
:10F3E000C9FF0028F4D12046BDE81040FFF7DEBF7A
:10F3F00003685A5070470368585870476C3070471C
:10F400000369186800F40030704710B541F2240118
:10F410000446FFF7F0FFC20709D4830709D420464A
:10F420000C21FFF7E8FFBDE81040F8F7A9BE08205F
:10F4300010BD0220FCE710B5044600F0C3F8BFF38E
:10F440005F8F23692046BDE810401B6803229B03A1
:10F450004CBF41F21C010821FFF7CABF2DE9F04162
:10F460000546F8F773FE0746012241F22801FFF72F
:10F47000BFFF002241F228013846FFF7B9FF41F2F1
:10F4800004013846FFF7B7FFC406F8D410F0200691
:10F4900002D00220BDE8F08141F22C013846FFF78E
:10F4A000AAFF0122044641F208013846FFF7A0FFF7
:10F4B0008DB901224FF480513846FFF799FF41F290
:10F4C00004013846FFF797FF420700F023033BD4BF
:10F4D000002BF4D0DDE72B68C4F3036803BBE10421
:10F4E00058BF6C68AB684BBF41F20C0641F2100686
:10F4F000C4F30354A8EB0404002BDAD0EB68002B10
:10F50000D7D0A34211DC0024EB689C42D1DAAB686F
:10F51000314653F824203846FFF76AFF0134F3E7F9
:10F520006B68002BDBD098450ADA0D20B2E72B6818
:10F5300041F2100153F826203846FFF759FF0136F3
:10F540006B689E42F3DBCAE7F8F704FE01463846D3
:10F55000F8F704FE00209DE773B5CDE90023D0E95C
:10F560000145C66800699DF80730006804EB051482
:10F57000C000D2B2A6F1080114D502F03F0242F059
:10F58000200243F00103A01B8DF800208DF8073006
:10F59000FFF7B5FE083C082269462046FFF7CDFE7E
:10F5A00002B070BD641B03F03F0342F0010243F060
:10F5B000200304F108008DF800208DF80730FFF7D4
:10F5C0009EFEE8E70369DA6832B142F420220021A6
:10F5D00042F40062FFF70CBF7047C06870472DE926
:10F5E000F8430B680C4613F4700F14D1D0E901599D
:10F5F000036908461B68D1F80880DB0048BF4B68E8
:10F600004FF0000744BFA9EB0303ED18F8F704FE21
:10F610000646B74201DBBDE8F883414628466268EA
:10F62000FFF78BFE63684D4498440137F1E770B5EE
:10F630000C461E461046D1E9012505EB4205294638
:10F64000FFF77BFE62683046A918BDE87040FFF7FF
:10F6500074BE38B50169D0E901344A680968C90047
:10F6600042BFC168611A5B1800210AB9183038BD61
:10F67000D50707D50B2901D9E3F726F98D1D40F8E9
:10F680002530013123445210EFE72DE9F74F0446AE
:10F69000D0E9017A0193036940690E4691469D685D
:10F6A000FFF7ACFED4F84CB0D0F80080BBF1000FEF
:10F6B00007D02046F8F734FD1025284603B0BDE8F2
:10F6C000F08FF8F7D3FC336819064CBFC368436862
:10F6D0007168994204DD2046F8F722FD0D25ECE71C
:10F6E0002069E160B8F1000F02D0036949EA03091B
:10F6F000006833680139034343EA012343EA0902FE
:10F7000004212046FFF774FE23691B68DA0003D545
:10F71000E368AAEB03031F44A5B931462046FFF76F
:10F720005EFFB8F1000FC8D023691B69002BC4D05D
:10F73000D8F808304046984702460B462046FFF767
:10F740000BFFBAE7EB0748BF019B4FEA650544BFD3
:10F7500043F82B700BF1010B5744DDE7C0F30B03AB
:10F76000482B4B6028BF482310F4003F8B6008BF34
:10F770000023CB6010F4803308BFC1E9013300F4EB
:10F780007003B3F5700F14BF00238B6800284FF08F
:10F79000010C4FF008028B60B8BF0023C1E905C21D
:10F7A000B8BFC1E90533704770B50368044603BBB1
:10F7B000D0F87C11F8F758FED4F87C01FFF7BBFBBA
:10F7C0000646D4F87C01FFF7B4FB0546D4F8803137
:10F7D000991999420FD12046D4F88011721900F07E
:10F7E00052F82A462046D4F8041200F06FF84FF081
:10F7F000FF33184670BD1A7882F06A0203F8012BB5
:10F80000E7E703680BB9F8F74FBD1846704710B526
:10F810000446D4F8001211B12368013300D110BDA1
:10F820000B682046C4F800324B689847F1E708B5EA
:10F8300008B9E3F749F80023C0E96012C0F80032C4
:10F8400008BD10B5044608B9E3F73EF8006867281C
:10F850000BD110BDD4F864317BB1204698472060AD
:10F860000130F1D02046FFF7D2FF23680133F1D0F9
:10F870002046FFF7CCFF2068EBE72046D4F8603144
:10F8800098472060EEE710B508B9E3F71DF8046863
:10F8900024F00204652C06D1D0F86831002BF4D096
:10F8A000BDE81040184710BD10B508B9E3F70CF8D3
:10F8B0000268672A09D1D0F86C21002AF6D0BDE889
:10F8C00010404FF0FF310160104710BD70B508B90E
:10F8D000E2F7FAFF0468672C0AD1D0F87441002CD3
:10F8E000F6D04FF0FF3523460560BDE8704018475D
:10F8F00070BD0144814200D1704711F8013D1A44A6
:10F900000A70120AF6E710B501380A44914200D194
:10F9100010BD10F8013F11F8014B63400370F5E78B
:10F92000037823F007030370C37F03F07F0343F0E2
:10F930004003C37770470B46D0E901108A42084460
:10F9400002D31A4600F003B86FF0400070472DE96B
:10F95000F0470446104639B122460023164612F8F5
:10F96000015B35B98B4202D16FF0530435E00133AE
:10F97000F4E78B42F8D04A1E9A4201D1022DF3D906
:10F98000A25CD2072FD5FF2415EA040228D1E44354
:10F99000A1EB0308C718FEF7A1FEE5B208EB070AC2
:10F9A000424639460020F6F733FF0446E8B93B7873
:10F9B00081462B403B703B4613F8012B534549EAE7
:10F9C0000209F9D10023424631463846FEF740FE8F
:10F9D000B9F1000FE4D00028E2DA2046BDE8F08754
:10F9E0006400E4B2D0E76624F7E70224F5E7F8B54F
:10F9F00000F108050446284617460E46FFF79DFA13
:10FA0000B84206D92846FFF7B1F96FF040032360EA
:10FA1000F8BD31462846FFF756FA0028F8D0206096
:10FA2000F6E7012310B5044643600830FFF7FDF9FF
:10FA300000B1206010BDF8B5436804460D46164677
:10FA400000F108073BB1002343603846FFF795F902
:10FA500008B1206006E0324629463846FFF7B6F97D
:10FA60000028F6D1F8BD10B504460830FFF747FA74
:10FA7000431C06D06368012B06D10223636008B1E2
:10FA8000206010BD6720FBE70028F9D1002BF7D0DC
:10FA9000F7E710B504460830FFF743FA08B12060D5
:10FAA00005E06368012BFAD102236720636010BD73
:10FAB000F2F718BE4FF0FF324FF0FF33F2F75CBDA4
:10FAC000FDF7DCBF00F029B807B54FF0FF334FF06A
:10FAD000FF32CDE90023002200F02DF803B05DF8DD
:10FAE00004FB00F024B800F01EB810B5C46E826E9E
:10FAF0004B68E40703EA02030BD59A420BD10123BA
:10FB000080F870300B68436608601830F5F794F899
:10FB100001E0002BF3D1002010BD0023C0E900005C
:10FB2000C0E9023370474FF0FF32F8F7F5BC0A46E0
:10FB30000021F8F7F1BC5200F8F738BD0A44431E23
:10FB4000914200D1704710B511F8014B914203F872
:10FB5000014FF9D110BD884210B501EB020402D962
:10FB60008442234607D8431EA14208D011F8012B36
:10FB700003F8012FF8E7024401468A4200D110BD84
:10FB800013F8014D02F8014DF7E702440346934292
:10FB900000D1704703F8011BF9E70139024410B5A1
:10FBA000904201D1002005E0037811F8014FA342F3
:10FBB00001D0181B10BD0130F2E710B56AB1013950
:10FBC000841810F8012B11F8013F9A4203D1A0428A
:10FBD00001D0002AF5D1D01A10BD1046FCE7F0B5CF
:10FBE000C3F13707044603F01F031046FFB2082B8A
:10FBF000E6B232D0102B3DD06508A40845EAC175A5
:10FC000044EA81748A082D1942EB5102290941EA1C
:10FC100002716D1842EB1212290A41EA02616D1855
:10FC200042EB1222290C41EA02416D1842EB1242CA
:10FC3000AD1842F10002EC0844EA4274D10804EB2A
:10FC40008402A6EB4205EDB2092D0CD90134A5F1D1
:10FC50000A0541F10001EDB212E0E40806F00705E3
:10FC600044EA4174C908303554EA010200F8015BE6
:10FC7000BDD1F0BD240906F00F0544EA017409095D
:10FC8000092D84BFED19EDB2EDE7D1E904329342BD
:10FC90001EBF5A1C0A6118707047000001480068B6
:08FCA0007047000064550020CC
:08FCA8008AF9FD7F0100000054
:10FCB0001D2F020000000000F1D0020090FD0300A3
:10FCC0009BD1030000000000212103000000000080
:10FCD000ED2203000000000081D90200B8FD0300FE
:10FCE00081D90200A4FD030081D90200CCFD0300EC
:10FCF000B5D302000000000089FB020000000000F4
:10FD000021CC030000000000A7C30300E0FD0300B6
:10FD1000C7C30300F4FD0300ADC8030008FE0300E1
:10FD2000B9E70200000000001146020000000000D8
:10FD30002129020000000000BDF102001CFE0300AA
:10FD4000BDFC020000000000C92C03000000000000
:10FD5000F1DF020044FE03003DD4020030FE030048
:10FD6000FD49020000000000AFCB030000000000CE
:10FD7000B9CB0300000000007DD6020058FE03004E
:10FD80001930020000000000554102000000000090
:10FD9000195704008C17040050070400672B00203B
:10FDA000145A0020455904000818040024070400D0
:10FDB000712B0020A85A002051590400201804007B
:10FDC00024070400732B0020B45A00205C5904005F
:10FDD0003818040024070400752B0020C05A0020A6
:10FDE0004057040000000000E4060400692B0020D6
:10FDF000000000004F57040000000000EC06040063
:10FE00006B2B0020000000007059040068180400EB
:10FE10006C070400772B0020CC5A00207E5F040082
:10FE2000000000009C1904007B2B0020185B0020C0
:10FE30005757040000000000F40604006D2B00205A
:10FE400000000000B55B0400D0180400480704005F
:10FE5000792B0020602900208D580400B41704007D
:0CFE60000C0704006F2B0020885A0020C3
:10FE6C0000000000DD9F030000000000DD9F030088
:10FE7C0000000000DD9F030000000000DD9F030078
:10FE8C0000000000DD9F030000000000DD9F030068
:10FE9C0000000000DD9F030000000000DD9F030058
:10FEAC0000000000DD9F030000000000DD9F030048
:10FEBC0000000000DD9F030000000000DD9F030038
:10FECC0000000000DD9F030000000000DD9F030028
:10FEDC0000000000DD9F030000000000DD9F030018
:10FEEC0000000000DD9F030000000000DD9F030008
:10FEFC0000000000DD9F030000000000DD9F0300F8
:10FF0C0000000000DD9F030000000000DD9F0300E7
:10FF1C0000000000DD9F030000000000DD9F0300D7
:10FF2C0000000000DD9F030000000000DD9F0300C7
:10FF3C0000000000DD9F030000000000DD9F0300B7
:10FF4C000000000065FC020000000000DD9F0300C3
:10FF5C0000000000DD9F030000000000DD9F030097
:10FF6C0000000000DD9F030000000000DD9F030087
:10FF7C0000000000DD9F030000000000DD9F030077
:10FF8C0000000000DD9F030000000000DD9F030067
:10FF9C0000000000DD9F030000000000DD9F030057
:10FFAC0000000000DD9F030000000000DD9F030047
:10FFBC0000000000DD9F030000000000DD9F030037
:10FFCC0000000000DD9F030000000000DD9F030027
:10FFDC0000000000DD9F030000000000DD9F030017
:10FFEC0000000000DD9F030000000000DD9F030007
:04FFFC000000000001
:020000024000BC
:10000000DD9F030000000000DD9F030000000000F2
:10001000DD9F030000000000DD9F030000000000E2
:10002000DD9F030000000000DD9F030000000000D2
:10003000DD9F030000000000DD9F030000000000C2
:10004000DD9F030000000000DD9F030000000000B2
:10005000DD9F030000000000DD9F030000000000A2
:10006000DD9F030000000000DD9F03000000000092
:10007000DD9F030000000000DD9F03000000000082
:10008000DD9F030000000000DD9F03000000000072
:10009000DD9F030000000000DD9F03000000000062
:1000A000DD9F030000000000DD9F03000000000052
:1000B000717F030000000000DD9F0300711B03003F
:1000C0002DCE030000000000DD9F030000000000B3
:1000D000DD9F030000000000DD9F03000000000022
:1000E000DD9F030000000000DD9F03000000000012
:1000F000DD9F030000000000DD9F03000000000002
:10010000DD9F030000000000DD9F030000000000F1
:10011000DD9F030000000000DD9F030000000000E1
:10012000DD9F030000000000DD9F030000000000D1
:10013000DD9F030000000000DD9F030000000000C1
:10014000DD9F030000000000DD9F030000000000B1
:10015000DD9F030000000000DD9F030000000000A1
:10016000DD9F030000000000DD9F03000000000091
:10017000DD9F030000000000DD9F03000000000081
:10018000DD9F030000000000DD9F03000000000071
:10019000DD9F030000000000DD9F03000000000061
:1001A000DD9F030000000000DD9F03000000000051
:1001B000DD9F030000000000DD9F03000000000041
:1001C000DD9F030000000000DD9F03000000000031
:1001D000DD9F030000000000DD9F03000000000021
:1001E000DD9F030000000000DD9F03000000000011
:1001F000DD9F030000000000DD9F03000000000001
:10020000DD9F030000000000DD9F030000000000F0
:10021000DD9F030000000000DD9F030000000000E0
:10022000DD9F030000000000DD9F030000000000D0
:10023000DD9F030000000000DD9F030000000000C0
:10024000DD9F030000000000DD9F030000000000B0
:10025000DD9F030000000000DD9F030000000000A0
:10026000DD9F030000000000DD9F03000000000090
:10027000DD9F030000000000DD9F03000000000080
:10028000DD9F030000000000DD9F03000000000070
:10029000DD9F030000000000DD9F03000000000060
:1002A000DD9F030000000000DD9F03000000000050
:1002B000DD9F030000000000DD9F03000000000040
:1002C000DD9F030000000000DD9F03000000000030
:1002D000DD9F030000000000DD9F03000000000020
:1002E000DD9F030000000000DD9F03000000000010
:1002F000DD9F030000000000DD9F03000000000000
:10030000DD9F030000000000DD9F030000000000EF
:10031000DD9F030000000000DD9F030000000000DF
:10032000DD9F030000000000DD9F030000000000CF
:10033000DD9F030000000000DD9F030000000000BF
:10034000DD9F030000000000DD9F030000000000AF
:10035000DD9F030000000000DD9F0300000000009F
:10036000DD9F030000000000DD9F0300000000008F
:10037000DD9F030000000000DD9F0300000000007F
:10038000DD9F030000000000DD9F0300000000006F
:10039000DD9F030000000000DD9F0300000000005F
:1003A000DD9F030000000000DD9F0300000000004F
:1003B000DD9F030000000000DD9F0300000000003F
:1003C000DD9F030000000000DD9F0300000000002F
:1003D000DD9F030000000000DD9F0300000000001F
:1003E000DD9F030000000000DD9F0300000000000F
:1003F000DD9F030000000000DD9F030000000000FF
:10040000DD9F030000000000DD9F030000000000EE
:10041000DD9F030000000000DD9F030000000000DE
:10042000DD9F030000000000DD9F030000000000CE
:10043000DD9F030000000000DD9F030000000000BE
:10044000DD9F030000000000DD9F030000000000AE
:10045000DD9F030000000000DD9F0300000000009E
:10046000DD9F030000000000DD9F0300000000008E
:10047000DD9F030000000000DD9F0300000000007E
:10048000DD9F030000000000DD9F0300000000006E
:10049000DD9F030000000000DD9F0300000000005E
:1004A000DD9F030000000000DD9F0300000000004E
:1004B000DD9F030000000000DD9F0300000000003E
:1004C000DD9F030000000000DD9F0300000000002E
:1004D000DD9F030000000000DD9F0300000000001E
:1004E000DD9F030000000000DD9F0300000000000E
:1004F000DD9F030000000000DD9F030000000000FE
:10050000DD9F030000000000DD9F030000000000ED
:10051000DD9F030000000000DD9F030000000000DD
:10052000DD9F030000000000DD9F030000000000CD
:10053000DD9F030000000000DD9F030000000000BD
:10054000DD9F0300FD0D03002DCE03000000000021
:10055000DD9F030000000000DD9F0300000000009D
:10056000DD9F030000000000DD9F0300000000008D
:10057000DD9F030000000000DD9F0300000000007D
:10058000DD9F030000000000DD9F030069130300EE
:100590002DCE030000000000DD9F030000000000DE
:1005A000DD9F030000000000DD9F0300000000004D
:1005B000DD9F030000000000DD9F0300000000003D
:1005C000DD9F030000000000DD9F0300000000002D
:1005D000DD9F030000000000DD9F0300000000001D
:1005E000DD9F030000000000DD9F0300000000000D
:1005F000DD9F030000000000DD9F030000000000FD
:10060000DD9F030000000000DD9F030000000000EC
:10061000DD9F030000000000DD9F030000000000DC
:10062000DD9F030000000000DD9F030000000000CC
:10063000DD9F030000000000DD9F030000000000BC
:10064000DD9F030000000000DD9F030000000000AC
:10065000DD9F030000000000DD9F0300000000009C
:10066000DD9F030000000000DD9F0300000000008C
:10067000DD9F030000000000DD9F0300000000007C
:10068000DD9F030000000000DD9F030008FE030063
:100690006FC803002DCC03002DCE03000000000026
:1006A000DD9F030000000000DD9F0300000000004C
:1006B000DD9F030000000000DD9F0300000000003C
:1006C000DD9F030000000000DD9F0300000000002C
:1006D000DD9F03000D0E03002DCE0300000000007F
:0406E000DD9F030097
:1006E400ABC3030000000000B3C30300000000001C
:1006F40065D40200F9C40300F1C4030025D4020048
:1007040015D402002DD402001FC703004DC60300F8
:1007140065D502005DD5020017C503000BC50300B3
:1007240005DB020001C803000DC8030021C8030053
:100734002BC8030035C8030021DA020001D90200E6
:0407440000000000B1
:08074800C1E202001BCA03001C
:100750004DD10200A1C3030075C3030000000000D7
:0C07600021D0020000000000000000009A
:0C076C0087C80300A5DE020079C8030066
:10077800050000009585020000000000060000004A
:10078800A5B602000000000004000000AD8C0200C5
:04079800000000005D
:10079C00B5FD010099FD010091FF01000000000072
:1007AC000000000000000000C1FE0100000000007D
:1007BC00C1450200B543020000000000000000002B
:1007CC00000000000000000000000000000000001D
:1007DC00B4150400080000005416040007000000C3
:1007EC0080110400060000006813040004000000DF
:1007FC0046250400030000003541040003000000FE
:10080C00604B0400030000006C3404000300000083
:10081C00CE460400030000007C56040003000000D8
:10082C0073340400030000001A43040003000000AA
:10083C00F550040003000000D33D04000300000049
:10084C009240040003000000645604000300000002
:10085C00B9480400030000008527040003000000D1
:10086C00D6320400030000009B5F0400030000006C
:10087C00895F04000300000017340400030000002B
:10088C007055040003000000D15604000300000062
:10089C005C20040003000000325704000300000039
:1008AC009B660400030000004F5D04000300000081
:1008BC00795D040003000000912604000300000091
:1008CC007057040003000000B26004000300000035
:1008DC004F23040003000000C55604000400000070
:1008EC008C61040003000000CA3004000300000007
:1008FC000A31040003000000D3310400030000009F
:10090C007C31040003000000F95F040003000000C8
:10091C00B52C040003000000CA2D040003000000E5
:10092C00FE2D040003000000856404000300000099
:10093C001A340400030000000D2E04000300000014
:10094C009A58040003000000BF5B04000300000081
:08095C007C59040003000000B7
:10096400143404000000000000000000E946020006
:100974006549020000000000334F0400010000003C
:100984000000000077B90300000000000000000030
:10099400E9500400010000000000000069A2020008
:1009A4000000000000000000E1500400010000000D
:1009B400000000005D9C0200C9AA020000000000C3
:1009C4005C560400010000000000000085CC020019
:1009D40089CA020000000000EF500400010000007A
:1009E40000000000B99F020015A2020000000000F0
:1009F4006D3B0200413F020035440200C940020041
:100A10000000000003000000A0000000F000000043
:100A200000000000D83C0400DD3C0400E13C040070
:100A3000E53C0400E93C0400ED3C0400F13C04000A
:100A4000F53C0400F93C0400FD3C0400013D0400B9
:100A5000053D0400093D04000D3D0400113D040066
:100A600000A0105000820D50000405500500000049
:100A700004000000010000005D65040000010000AA
:100A8000030402000000000048A3000014A00000BE
:100A900068A600003CA50000F401FA00960064007E
:100AA0004B0032001E0014000A0005000200010085
:100AB00025262701020401020403010203030000AA
:100AC000250D0F0F010204010204000000000000C8
:100AD000F0230000241300003CF000003CF0000074
:100AE0000000000048A3000014A0000068A6000059
:100AF0003CA500000000000048A3000014A0000076
:100B000068A600003CA500000304020000000000ED
:100B100048A3000014A0000068A600003CA5000047
:100B200001020303F401FA00960064004B00320056
:100B30001E0014000A000500020001000000000071
:100B400048A3000014A0000068A600003CA5000017
:100B500000000000F0230000241300003CF000001F
:100B60003CF00000F401FA00960064004B003200F3
:100B70001E0014000A000500020001000102FFFF30
:100B8000FFFFFF030000000048A3000014A00000C6
:100B900068A600003CA500000F141E28323C5064DB
:100BA00078000102030301010002070001020401B1
:100BB000000100000101000001000100000100012E
:100BC00000000000F401FA00960064004B003200BF
:100BD0001E0014000A000500020001000102080FB7
:100BE000141E28323C50647801000B0002000A00F9
:100BF000050009000A000800140007001E00060096
:100C0000320005004B00040064000300960002005F
:100C1000FA000100F40100000102030302030100D5
:100C20000C0802170D010102090901010602091849
:100C30001803010109090303050302012302022429
:100C40000910040405050B0B040B2B1B1B151A1AAA
:100C50001C021D16130501490D150508061B0F0280
:100C6000020801010000FEFEFEFEFEFEFEFEFEFE8C
:100C7000FEFEFEFEFEFEFE16FEFEFEFEFEFEFEFE7C
:100C8000FEFEFEFEFEFEFE26FEFEFEFEFE30FEFE2A
:100C9000FE32FEFE32FEFE35FEFEEAEA00000000F5
:100CA00048A3000014A0000068A600003CA50000B6
:100CB0000000000048A3000014A0000068A6000087
:100CC0003CA500000001020201020400A201B003E1
:100CD000BE05EE024806A209C405F40B24120E025A
:100CE0001C045A03B4063006600C01020303000022
:100CF000010203030000000048A3000014A000004C
:100D000068A600003CA500000102040102030300E4
:100D10000000000048A3000014A0000068A6000026
:100D20003CA50000F401FA00960064004B0032007C
:100D30001E0014000A00050002000100000000006F
:100D4000F0230000241300003CF000003CF0000001
:100D50000000000048A3000014A0000068A60000E6
:100D60003CA500000000000048A3000014A0000003
:100D700068A600003CA5000001020303000000007B
:100D8000F0230000241300003CF000003CF00000C1
:100D900001020400030000000000000048A300005E
:100DA00014A0000068A600003CA5000000000000A0
:100DB000F0230000241300003CF000003CF0000091
:100DC0000000000048A3000014A0000068A6000076
:100DD0003CA50000F401FA00960064004B003200CC
:100DE0001E0014000A0005000200010000000000BF
:100DF00048A3000014A0000068A600003CA5000065
:100E0000F401FA00960064004B0032001E0014004A
:100E10000A0005000200010000000000F0230000AD
:100E2000241300003CF000003CF00000010203032A
:100E300000010202010204000000000048A30000BB
:100E400014A0000068A600003CA5000000010302F9
:100E5000903900200200000BE3A3C3003C210020D6
:100E60000200000BFC3900200200000CFE390020BB
:100E70000200000BFE3900200100000C003A0020A7
:100E80000100000C0100000007000000000000004D
:100E900000000000000000000406080A0C0E1012FA
:100EA0001416181C1E20222426282A2C2E303234F8
:100EB00036383A3C3E40424446484A4C4E021A506C
:100EC000000040060C036009340800000000000028
:100ED00048A3000014A0000068A600003CA5000084
:100EE0000000000028000000180000005001000071
:100EF0005001000000000000F02300002413000057
:100F00003CF000003CF0000000000000F023000076
:100F100024130000E8670000187900001C0C780515
:100F2000A4381437000000000000000100008063B6
:100F30000000806300000000400600004006000042
:100F40004006000040060000000098086B035802AD
:100F50009C18000000000000F02300002413000093
:100F60003CF000003CF0000000010302010208FF19
:100F70007F00200018000A800720029801AA800044
:100F80000000002800000020010203040203040402
:100F90000102030401010102010101010203040233
:100FA000E4E1D8D2C6C9B4B19C93878D6C637872E2
:100FB0004E4B272D1B1E36390020602040608000DC
:100FC0000000000000000101010101010101010117
:100FD00001010202020202020303030304040505E5
:100FE0000606070708090A0B0C0D0E0F1011121345
:100FF0001415161718191A0010010000D20000006D
:1010000030010000D800000001000000E4000000F2
:1010100002000000EA00000003000000EE000000F3
:1010200004000000F000000005000000F2000000D5
:1010300006000000F400000007000000F6000000B9
:1010400008000000F700000009000000F8000000A0
:101050000A000000F90000000B000000FA00000088
:101060000D000000FB0000000F000000FC0000006D
:1010700011000000FD00000013000000FE00000051
:1010800015000000FF000000180000000000000034
:101090001B000000010000001F0000000200000013
:1010A00023000000030000002800000004000000EE
:1010B0002D000000050000003300000006000000C5
:1010C00039000000070000003F0000000800000099
:1010D00008090A0608080102060000100200FA00CA
:1010E0000000000013F601001FF6010023F60100C6
:1010F0002BF601002FF601000600090000002A006F
:101100001800280000002A001800280000002A000B
:1011100001030062746C6500000000000000000024
:1011200000000000000000000000000000000000BF
:1011300000000000000000000000000000000000AF
:10114000000000000001000000000000000000009E
:101150000338FDD8704700000000000000000000C8
:101160000338FDD87047000007100000542B002002
:1011700001010000642B0020091000000020040081
:10118000681C040081BB03000000000074270400F9
:1011900000000100641C040075BC03000000000096
:1011A000B027002000000100522704000D1B0200A0
:1011B000000000000263002000000100601C040029
:1011C00053BB0300E5A402009827002000000300A1
:1011D0005C1C040075BC0300000000009027002088
:1011E000000001003027040000000000D11A0200B6
:1011F00000000000000002000900000000000000E4
:101200000000000000D8000030FE030001000000D4
:1012100000D800000008000030FE030002000000BB
:1012200000E000000008000030FE030003000000A2
:1012300000E0000000A00A0030FE030004000000EF
:1012400000E8000000980A0030FE030005000000DE
:1012500000E8000000980A0030FE030006000000CD
:1012600000800B0000A00A0030FE03000700000011
:10127000002016000010000030FE030008000000EF
:10128000003016000020000030FE03000021002086
:10129000000000000600010002000000A01204008F
:1012A00000000000632D040002000000E04F160063
:1012B000000000206B2D040021000000E0EF022060
:1012C000BC270020B12902000000000081A003001B
:1012D00035380200093A0200000000006D3D0200AE
:1012E00000000000000000000000000000000000FE
:1012F000000000000000000000000000F13C0200BF
:10130000654002006540020000000000000000008F
:1013100000000000000000000000000000000000CD
:101320000000000000000000000000004D4002002E
:101330000540020000000000000000000000000066
:101340004D3F02000000000000000000D5400200F8
:10135000C41204005C130400AB09000070A5002057
:10136000C831040000000000741C040081BB0300AD
:10137000000000009A32040000000100701C04000C
:1013800075BC0300000000001428002000000100CC
:1013900078320400000000008142020000000000DA
:1013A000000002006C1C040053BB0300E5A4020013
:1013B000FC27002000000300C4120400C413040032
:1013C000FB0100009CCC0020C4120400D4130400D4
:1013D0002E000000ACE10020C4120400E41304005D
:1013E000020100008CE20020153D0400333D0400A2
:1013F0004E3D04005E3D04006B3D0400743D04005E
:101400007B3D0400823D0400893D0400913D0400C1
:101410006B3D0400993D0400AB3D0400C03D040059
:101420000E030000CD5F02000F04000021600200E7
:101430001A0100007D4C020005040000D54C02009A
:1014400013010000E9520200FF010000A54F020055
:101450003E010000854F020005040000214D0200FE
:10146000080400002955020030030000A9540200BE
:1014700010010000B54D020001120000515F020092
:101480000A1E00009DA8030003090000D9510200B4
:10149000040B0000E94F0200060A00001559020083
:1014A000070A0000894D02000C0500005D4D020096
:1014B000050C00001D580200C4120400C4140400EE
:1014C00047000000ACE300204D4604005A460400EB
:1014D0007A4604006E460400854604009C460400DB
:1014E000AC46040050460400C0460400C412040088
:1014F000F81404000000000074E40020C41204008A
:1015000008150400FB0100009CE400206DAF0300FF
:101510006FAF0300000000000000000000000000AA
:10152000A188020000000000000000000000000090
:101530000000000002020100B9B70300040401002A
:101540007D98020006060100BD9702000804010014
:10155000A99602000A020100A1B703000C040100D1
:1015600089B703000E0401007D95020020040100EC
:10157000E194020010040100F19302001202010044
:101580003DB70300160401004BB103001801010030
:1015900085B403001E0004005BB803005202000083
:1015A00063B70300C4120400B0150400FD0100007D
:1015B00008EB0020A41C040081BB03000000000015
:1015C000A01C0400000001009C1C040075BC03006A
:1015D000000000000429002000000100941C040009
:1015E00000000000000000000000000000000000FB
:1015F000901C040053BB0300E5A402000C2900204A
:10160000000003008C1C040075BC030000000000F7
:10161000FC28002000000100841C0400B9BB03006A
:10162000D1A002000000000000000300801C0400A4
:1016300075BC030000000000F42800200000010039
:10164000781C0400DDA9020000000000000000007A
:1016500000000100D01C040081BB0300000000005A
:10166000CC1C040000000100C81C040075BC030071
:10167000000000003429002000000100C01C04000C
:10168000E9BB0300000000000000000000000100B2
:10169000BC1C040075BC0300000000002C290020C5
:1016A00000000100B41C040013BC03000000000093
:1016B0000000000000000100B01C040075BC030025
:1016C000000000002429002000000100A81C0400E4
:1016D0001DA4020000000000000000000000010046
:1016E00019BE0200A9C103003DC7020000000000AE
:1016F0000000000075C402000000000000000000AF
:1017000000000000000000000000000000000000D9
:10171000B5BE020006000000A3BF030006000000E3
:10172000A5BB02001000000025B802001000000058
:10173000E5C60200010000007DBE030010000000AD
:101740009FBF03000A00000085B7020010000000E0
:1017500049C5020007000000A7BF030010000000F9
:10176000E5BE0300010000005DBD02004000000076
:1017700043BF030010000000FDBE03000100000095
:10178000E5CF0200C9D00200000000005DD20200D7
:1017900089D10200265704008FC3030095C30300BC
:1017A0002C5704001000000001FF0000650100003C
:1017B0000010000044FE030000127A000001000047
:1017C000CCFD0300050001000000000000008000C7
:1017D0008000000000000100C22817000000010086
:1017E00000000100020000000100000000FF0000F6
:1017F00000A0105000820D50000405507F00000032
:10180000FFFF0100FF0700001F00000000A01050B4
:10181000000000000000000000C0105001000000A7
:10182000FFFF000000820D500000000001000000DA
:1018300000A00D5000000000FF070000000405504C
:101840000000000002000000000000000000000096
:1018500000A0105000820D50000405507F000000D1
:10186000FFFF0100FF0700000040105000000000D3
:10187000000000009418040000C201000000D6011E
:101880000000000000000040000000004C64002048
:101890004B64002000401050A0180400010000001C
:1018A000A81804000400000002000000030000016A
:1018B000000000020100000300A0105000820D5043
:1018C000000405507F000000FFFF0100FF0700003B
:1018D00000A00450000000000048E80100000000E3
:1018E0000000000000000000FFFFFFFF0000FF00FD
:1018F0000000000000000000FFFFFFFF01000001EA
:101900000100000069C90300FFFF00001C1904006A
:10191000FFFFFFFF000000000000000000A00450D7
:101920002819040001000000301904000300000021
:10193000410000044200000544000006CCFD030005
:101940000500010000A0105000820D500004055059
:101950007F000000FFFF0100FF070000CCFD030037
:1019600009000000B8FD03000A000000CCFD0300E0
:1019700007000000B8FD03000E000000B8FD0300E2
:101980000D001100B8FD030009001100B8FD0300AF
:1019900008001100A4FD03000400110089F00200FA
:1019A0006DCA03009BCA030003000000060000008C
:1019B00000A0105000820D50000405507F00000070
:1019C000FFFF0100FF07000000A0105000820D5033
:1019D000000405507F000000FFFF0100FF0700002A
:1019E00015640400236404003764040046640400A2
:1019F00052640400B0FC0300B0FC030020FD0300AF
:101A000030FD030080FD030090FD03003000000066
:101A1000C0000000180000003100000000000000BD
:101A200030000000E00000001C0000003900000051
:101A30000000000030000000000100002000000055
:101A400041000000000000003000000040010000E4
:101A500028000000510000000000000030000000DD
:101A60008001000030000000610000000000000064
:101A70003000000000020000400000008100000073
:101A80000000000017000000C00000001800000067
:101A9000310000000000000017000000E10000001D
:101AA0001D0000003B0000000000000017000000C7
:101AB00000010000200000004100000000000000C4
:101AC00012000000C00000001800000031000000FB
:101AD0000100000012000000E00000001C000000F7
:101AE00039000000010000001200000000010000A9
:101AF0002000000041000000010000001200000072
:101B0000400100002800000051000000010000001A
:101B100012000000800100003000000061000000A1
:101B20000100000012000000090200004200000055
:101B3000850000000100000041000000FF000000DF
:101B40002000000020000000000000004100000014
:101B5000C001000038000000380000000000000054
:101B600042000000FF0000002000000020000000F4
:101B70000000000042000000C00100003900000029
:101B80003900000000000000000100000002000019
:101B900000140000002800000040000001000000C8
:101BA000020000000F000000100000001000000004
:101BB000200000001000000010000000C01B040006
:101BC00011000000112800001108000001000000B1
:101BD00008060000000200000004000020000000D1
:101BE000400000002000000048000000C57C030009
:101BF0000406000000020000000400001C000000B9
:101C0000400000002000000048000000C57C0300E8
:101C10001300000063000000A300000003000000A8
:101C200000001000200000009D690400301C04002A
:101C30002600001000000000003000000C00000032
:101C400000000000481C040022000010000C0000EE
:101C5000003100000C000000000000030000032819
:101C600000000229000003280000002800000229CB
:101C7000000003280000002800002A2B00002A2B67
:101C8000000003280000292B0000292B0000032856
:101C9000000002290000052A0000052A0000032890
:101CA00000000118000000280000042A0000042A97
:101CB000000003280000012A0000012A0000032878
:101CC0000000002A0000002A00000328000000187D
:101CD0000000002810002DE15D29410B8D77679CE5
:101CE000110F1F8A446973636F6E6E656374656458
:101CF0002C20726561736F6E203078253032782029
:101D000025730A00436F6E6E656374696F6E20669B
:101D100061696C65642C20657272203078253032E0
:101D2000782025730A00436F6E6E65637465640ADC
:101D3000004164766572746973696E6720666169D3
:101D40006C656420746F20737461727420286572EE
:101D500072202564290A004164766572746973698A
:101D60006E67207375636365737366756C6C792039
:101D7000737461727465640A007075626C696300E3
:101D800072616E646F6D007075626C69632D696459
:101D90000072616E646F6D2D696400307825303299
:101DA0007800253032583A253032583A25303258AA
:101DB0003A253032583A253032583A2530325820B8
:101DC00028257329005365637572697479206368E7
:101DD000616E6765643A202573206C6576656C20BA
:101DE00025750A00536563757269747920666169A7
:101DF0006C65643A202573206C6576656C202575CA
:101E0000206572722025642025730A005061697272
:101E1000696E67206661696C656420636F6E6E3AF7
:101E20002025732C20726561736F6E202564202538
:101E3000730A0050616972696E6720636F6D706C20
:101E4000657465643A2025732C20626F6E64656446
:101E50003A2025640A0050616972696E67206361E7
:101E60006E63656C6C65643A2025730A005061737B
:101E7000736B657920666F722025733A20253036A2
:101E8000750A00436F6E6E656374696F6E206F62D2
:101E90006A65637420617661696C61626C65206655
:101EA000726F6D2070726576696F757320636F6EE7
:101EB0006E2E20446973636F6E6E65637420697360
:101EC00020636F6D706C657465210A0053746172D4
:101ED00074696E6720426C7565746F6F746820500A
:101EE00065726970686572616C204C425320736141
:101EF0006D706C650A004C45447320696E697420EE
:101F00006661696C65642028657272202564290AFF
:101F10000043616E6E6F7420696E6974206275741F
:101F2000746F6E7320286572723A202564290A0046
:101F3000427574746F6E20696E6974206661696C95
:101F400065642028657272202564290A004661694B
:101F50006C656420746F20726567697374657220A4
:101F6000617574686F72697A6174696F6E206361FC
:101F70006C6C6261636B732E0A004661696C656408
:101F800020746F207265676973746572206175745F
:101F9000686F72697A6174696F6E20696E666F200E
:101FA00063616C6C6261636B732E0A00426C7565D1
:101FB000746F6F746820696E6974206661696C65FE
:101FC000642028657272202564290A00426C7565B8
:101FD000746F6F746820696E697469616C697A6581
:101FE000640A004661696C656420746F20696E69DB
:101FF00074204C425320286572723A2564290A00E5
:102000004C42532D6F7461636865636B5F6E6577D7
:102010000000070E091C1B1215383F363124232AF5
:102020002D574553545F544F504449522F7A657091
:102030006879722F6C69622F686561702F686561BD
:10204000702E6300415353455254494F4E20464130
:10205000494C20402025733A25640A00636270725F
:10206000696E74665F7061636B6167650046616984
:102070006C656420746F207265626F6F743A2073B0
:1020800070696E6E696E6720656E646C6573736CE3
:10209000792E2E2E0A00574553545F544F50444911
:1020A000522F7A65706879722F6C69622F75746926
:1020B0006C732F6F6E6F66662E6300574553545FC7
:1020C000544F504449522F7A65706879722F696E67
:1020D000636C7564652F7A65706879722F737069A7
:1020E0006E6C6F636B2E6800574553545F544F50AE
:1020F0004449522F7A65706879722F6C69622F7526
:1021000074696C732F6E6F746966792E6300256332
:102110003A204661696C757265207768696C652044
:1021200065726173696E6720746865207365637496
:102130006F72206174206F66667365742030782535
:102140006C780A0025633A207A6D73206E6F7420D4
:10215000696E697469616C697A65640A0025633A1D
:1021600020436F756C64206E6F74206F62746169B8
:102170006E20666C61736820706172616D65746554
:1021800072730A0025633A20556E737570706F7212
:1021900074656420777269746520626C6F636B206C
:1021A00073697A650A0025633A20556E61626C6531
:1021B00020746F20676574207061676520696E66A2
:1021C0006F0A0025633A20496E76616C696420735A
:1021D0006563746F722073697A650A0025633A201B
:1021E000496E76616C696420736563746F722073E5
:1021F000697A652C2073686F756C64206265206154
:1022000074206C6561737420257A750A0025633A21
:1022100020436F6E66696775726174696F6E2065C1
:1022200072726F72202D20736563746F7220636FFA
:10223000756E742062656C6F77206D696E696D755F
:102240006D20726571756972656D656E74202832D6
:10225000290A0025633A205A4D5320566572736946
:102260006F6E206973206E6F7420737570706F725B
:102270007465640A0025633A204E6F20474320446A
:102280006F6E65206D61726B657220666F756E642E
:102290003A2072657374617274696E672067630AAD
:1022A0000025633A20257520536563746F7273208F
:1022B0006F662025752062797465730A0025633A7C
:1022C00020616C6C6F63207772613A20256C6C75AD
:1022D0002C20256C6C780A0025633A2064617461B7
:1022E000207772613A20256C6C752C20256C6C78F7
:1022F0000A0025633A204661696C656420746F208A
:10230000636C6F73652074686520736563746F72A6
:102310002C2072657475726E6564203D2025640AF8
:102320000025633A204761726261676520636F6CC4
:102330006C656374696F6E206661696C65642C20DE
:1023400072657475726E6564203D2025640A0066AE
:10235000735F7A6D730025633A2000253032782050
:1023600000202020007C0025630045574944256358
:102370003A204275666665722073697A65206973D2
:1023800020626967676572207468616E207061679A
:10239000650A0025633A204F6666736574206F7581
:1023A00074206F662064657369676E61746564206C
:1023B00072616E67650A0025633A204572726F721A
:1023C000202564207768696C652067657474696E80
:1023D00067207061676520696E666F0A0025633A41
:1023E000204572726F72202564207768696C6520C1
:1023F00065726173696E6720706167650A002563A5
:102400003A2073747265616D5F666C6173685F65B5
:10241000726173655F706167652065727220256403
:10242000206F66667365743D30782530387A780A97
:102430000025633A20666C6173685F777269746522
:10244000206572726F72202564206F6666736574F2
:102450003D30782530387A780A0025633A20666C5A
:102460006173682072656164206661696C65643AB5
:102470002025640A0025633A2063616C6C62616305
:102480006B206661696C65643A2025640A002563E7
:102490003A204275666665722073697A65206973B1
:1024A000206E6F7420616C69676E656420746F20A4
:1024B0006D696E696D616C2077726974652D626CEF
:1024C0006F636B2D73697A650A0025633A20496E44
:1024D000636F727265637420706172616D6574659B
:1024E000720A0025633A2053697A6520697320696E
:1024F0006E636F72726563740A0025633A204465E7
:1025000076696365207365656D7320746F206861FB
:10251000766520302073697A650A0025633A205277
:1025200065717565737465642072616E6765206F8F
:10253000766572666C6F7773206465766963652073
:1025400073697A650A0053545245414D5F464C41C8
:10255000534800574553545F544F504449522F7AC3
:1025600065706879722F7375627379732F736574F0
:1025700074696E67732F7372632F73657474696EF9
:1025800067732E630025633A207365742D76616C42
:102590007565206661696C7572652E206B65793A88
:1025A000202573206572726F72282564290A002520
:1025B000633A204D6178696D756D2068617368209C
:1025C000636F6C6C6973696F6E73207265616368A9
:1025D00065640A0025633A204C696E6B6564206C63
:1025E00069737420666F722068617368657320690F
:1025F000732062726F6B656E2C20547279696E67FE
:1026000020746F207265636F7665720A0025633AE5
:102610002053697A65206F6620434F4E4649475FD5
:10262000464C4153485F46494C4C5F4255464645EF
:10263000525F53495A450A0025633A204E65676147
:1026400074697665206F6666736574206E6F74209A
:10265000616C6C6F7765640A0A0025633A20496EE5
:10266000636F72726563742073697A65206F72207C
:102670006F666673657420616C69676E6D656E74F4
:102680002C20657870656374656420257A780A0A61
:1026900000666C617368002A2A2A20426F6F746991
:1026A0006E67204D79204170706C69636174696F49
:1026B0006E2076332E312E30202D20756E6B6E6F8E
:1026C000776E20636F6D6D6974202A2A2A0A002AAA
:1026D0002A2A205573696E67206E524620436F6E1A
:1026E0006E6563742053444B2076332E302E312D8B
:1026F000396562353631356461363662202A2A2AD8
:102700000A002A2A2A205573696E67205A65706864
:102710007972204F532076342E302E39392D3737A9
:1027200066383635623866386430202A2A2A0A002C
:102730000223D1BCEA5F782315DEEF1212251500C3
:10274000000223D1BCEA5F782315DEEF12122515B3
:1027500000000223D1BCEA5F782315DEEF121224B9
:102760001500000223D1BCEA5F782315DEEF1212B8
:10277000241500000223D1BCEA5F782315DEEF1296
:10278000122315000062745F6C62730025633A20A7
:1027900072302F61313A202030782530387820206F
:1027A00072312F61323A202030782530387820205D
:1027B00072322F61333A20203078253038780A0081
:1027C00025633A2072332F61343A20203078253047
:1027D0003878207231322F69703A202030782530D5
:1027E0003878207231342F6C723A202030782530BE
:1027F00038780A0025633A2020787073723A2020D6
:102800003078253038780A0025633A204661756CA7
:1028100074696E6720696E737472756374696F6E24
:10282000206164647265737320287231352F706380
:10283000293A203078253038780A0025633A205527
:102840006E68616E646C6564204952516E3A202551
:10285000640A0025633A202A2A2A2A2A205553414D
:102860004745204641554C54202A2A2A2A2A0A0044
:1028700025633A2020204469766973696F6E20626F
:1028800079207A65726F0A0025633A202020556E00
:10289000616C69676E6564206D656D6F727920612A
:1028A00063636573730A0025633A202020537461C3
:1028B000636B206F766572666C6F772028636F6E2E
:1028C000746578742061726561206E6F7420766122
:1028D0006C6964290A0025633A2020204E6F20632A
:1028E0006F70726F636573736F7220696E73747249
:1028F000756374696F6E730A0025633A202020495E
:102900006C6C6567616C206C6F6164206F6620453C
:1029100058435F52455455524E20696E746F205093
:10292000430A0025633A202020496C6C6567616C7E
:1029300020757365206F662074686520455053527A
:102940000A0025633A202020417474656D7074205C
:10295000746F206578656375746520756E6465664F
:10296000696E656420696E737472756374696F6EE5
:102970000A0025633A202A2A2A2A2A20425553206F
:102980004641554C54202A2A2A2A2A0A0025633A0D
:10299000202020537461636B696E67206572726FCB
:1029A000720A0025633A202020556E737461636BB0
:1029B000696E67206572726F720A0025633A202083
:1029C000205072656369736520646174612062756B
:1029D00073206572726F720A0025633A20202042CC
:1029E00046415220416464726573733A2030782501
:1029F000780A0025633A202020496D70726563696A
:102A00007365206461746120627573206572726FF2
:102A1000720A0025633A202020496E737472756330
:102A200074696F6E20627573206572726F720A002E
:102A300025633A202020466C6F6174696E672D70A3
:102A40006F696E74206C617A79207374617465208B
:102A5000707265736572766174696F6E20657272EB
:102A60006F720A0025633A202A2A2A2A2A204D500A
:102A700055204641554C54202A2A2A2A2A0A002544
:102A8000633A202020537461636B696E672065721E
:102A9000726F722028636F6E74657874206172653E
:102AA00061206D69676874206265206E6F7420769E
:102AB000616C6964290A0025633A2020204461740E
:102AC00061204163636573732056696F6C6174693B
:102AD0006F6E0A0025633A2020204D4D464152205A
:102AE000416464726573733A20307825780A002552
:102AF000633A202020496E737472756374696F6E37
:102B0000204163636573732056696F6C6174696FEC
:102B10006E0A00574553545F544F504449522F7A20
:102B200065706879722F617263682F61726D2F63AF
:102B30006F72652F636F727465785F6D2F66617554
:102B40006C742E63005265736572766564204578F7
:102B500063657074696F6E20280053707572696FB9
:102B6000757320696E74657272757074202849528D
:102B700051200025633A20535053454C20696E2064
:102B8000746872656164206D6F646520646F65733D
:102B9000206E6F7420696E646963617465205053A0
:102BA000500A0025633A202A2A2A2A2A204841521C
:102BB00044204641554C54202A2A2A2A2A0A002514
:102BC000633A202020427573206661756C74206F13
:102BD0006E20766563746F72207461626C6520721A
:102BE0006561640A0025633A2020204465627567A8
:102BF000206576656E740A0025633A2020204661C0
:102C0000756C7420657363616C6174696F6E2028E4
:102C10007365652062656C6F77290A0025633A2029
:102C2000415243485F455843455054207769746882
:102C300020726561736F6E2025780A0A0025633A59
:102C4000202A2A2A2A2A204465627567206D6F6E21
:102C500069746F7220657863657074696F6E202A7D
:102C60002A2A2A2A0A0025633A202A2A2A2A2A20DE
:102C7000257320256429202A2A2A2A2A0A00574552
:102C800053545F544F504449522F7A65706879729B
:102C90002F617263682F61726D2F636F72652F638E
:102CA0006F727465785F6D2F6972715F6D616E61AF
:102CB00067652E63006D70750025633A2046616973
:102CC0006C656420746F20616C6C6F636174652047
:102CD0006E6577204D505520726567696F6E2025AF
:102CE000750A0A0025633A20506172746974696F2D
:102CF0006E2025753A2073616E697479206368656A
:102D0000636B206661696C65642E0A0025633A2056
:102D1000496E76616C696420756E6465726C796960
:102D20006E6720726567696F6E20696E64657820D2
:102D300025750A00574553545F544F504449522F4C
:102D40007A65706879722F617263682F61726D2F76
:102D5000636F72652F6D70752F61726D5F6D707529
:102D60002E6300464C4153485F30005352414D5F43
:102D70003000574553545F544F504449522F7A65A1
:102D8000706879722F6C69622F6C6962632F706949
:102D9000636F6C6962632F6173736572742E630075
:102DA0006578697400574553545F544F50444952F5
:102DB0002F7A65706879722F6C69622F6E65745F07
:102DC0006275662F6275662E63006E65745F62754C
:102DD0006600574553545F544F504449522F7A650B
:102DE000706879722F6C69622F6E65745F627566A8
:102DF0002F6275665F73696D706C652E63006E651A
:102E0000745F6275665F73696D706C6500736F6384
:102E100000574553545F544F504449522F7A6570C0
:102E20006879722F7375627379732F6D676D742F64
:102E30006D63756D67722F6D676D742F7372632F7D
:102E40006D676D742E630072630065727200677245
:102E50006F75700025633A204661696C6564207463
:102E60006F206F70656E20666C617368206172659B
:102E7000612049442025753A2025640A0025633ADB
:102E8000204661696C656420746F207265616420FE
:102E9000646174612066726F6D20666C6173682076
:102EA000617265613A2025640A0025633A20466113
:102EB000696C656420746F20657261736520666C4F
:102EC00061736820617265613A2025640A00256398
:102ED0003A204661696C656420746F207265616494
:102EE00020646174612066726F6D20666C61736826
:102EF0003A2025640A0025633A2055706C6F61649E
:102F000020746F6F206C6172676520666F7220732A
:102F10006C6F743A202575203E2025750A005745B0
:102F200053545F544F504449522F7A6570687972F8
:102F30002F7375627379732F6D676D742F6D637561
:102F40006D67722F6772702F696D675F6D676D7443
:102F50002F696E636C7564652F6D676D742F6D637B
:102F6000756D67722F6772702F696D675F6D676D22
:102F7000742F696D675F6D676D745F707269762E0F
:102F80006800736C6F740076657273696F6E003CD5
:102F90003F3F3F3E00626F6F7461626C6500706519
:102FA0006E64696E6700636F6E6669726D6564005A
:102FB000616374697665007065726D616E656E74CB
:102FC00000696D616765730073706C697453746137
:102FD0007475730025633A2046616C656420626FE6
:102FE0006F745F7365745F6E657874207769746859
:102FF00020636F64652025642C20666F7220736CDB
:103000006F742025642C207769746820616374696B
:10301000766520736C6F7420256420616E64206374
:103020006F6E6669726D2025640A00636F6E666953
:10303000726D000A02042568752E2568752E2568B4
:1030400075002E2575006F6666006C656E007368EE
:103050006100757067726164650025633A20496D8F
:103060006167652075706C6F616420696E7370654F
:103070006374206661696C65643A2025640A0025E2
:10308000633A2049727265636F76657261626C653E
:10309000206572726F723A20666C61736820777275
:1030A000697465206661696C65643A2025640A006C
:1030B00005050101010106010101010302010101F0
:1030C000030303030103030106066D63756D677255
:1030D0005F696D675F677270007175657279006214
:1030E0006F6F746C6F61646572004D4355626F6FF2
:1030F00074006D6F6465006275665F73697A650060
:103100006275665F636F756E74006D63756D67726F
:103110005F6F735F6772700025633A204661696C68
:10312000656420746F206F70656E20666C617368D3
:1031300020617265610A0025633A204661696C6509
:103140006420746F2067657420666C617368206109
:10315000726561206465766963650A0025633A20BB
:103160004661696C656420746F20657261736520C7
:10317000666C61736820617265610A006D63756DCC
:1031800067725F7A62617369635F67727000574547
:1031900053545F544F504449522F7A657068797286
:1031A0002F7375627379732F6D676D742F6D6375EF
:1031B0006D67722F7472616E73706F72742F737299
:1031C000632F736D702E63006D63756D677220736E
:1031D0006D70006D63756D67725F736D7000256350
:1031E0003A204E756C6C20637064206F626A656370
:1031F0007420666F7220636F6E6E656374696F6EA4
:103200002025700A0025633A20426C7565746F6F43
:10321000746820534D50207472616E73706F7274B5
:10322000207265676973746572206661696C656494
:103230002028657272202564290A00574553545F7F
:10324000544F504449522F7A65706879722F7375C4
:10325000627379732F6D676D742F6D63756D67720F
:103260002F7472616E73706F72742F7372632F7329
:103270006D705F62742E630002487C997411269E03
:10328000AE014ECEFB28782EDA02487C99741126C6
:103290009EAE014ECEFB28782EDA0284AA607452CC
:1032A0008A8B86D34CB71D1DDC538D00FFFFFFFFBB
:1032B000FFFF00000000000000FFFFFFFFFFFF0016
:1032C0000000000000303132333435363738396190
:1032D00062636465660062745F7270610025633AC0
:1032E00020496E73756666696369656E74206E75D4
:1032F0006D626572206F6620617267756D656E74B0
:10330000730A0025633A2049676E6F72696E672001
:103310006964656E7469746965732073746F72652E
:103320006420696E20666C6173680A0025633A2028
:10333000496E76616C6964206C656E6774682049BB
:1033400044206164647265737320696E2073746FC6
:10335000726167650A0062742F25732F25303278F9
:103360002530327825303278253032782530327861
:103370002530327825752F25730062742F25732F21
:103380002530327825303278253032782530327841
:10339000253032782530327825750025633A207340
:1033A000657474696E67735F7375627379735F694F
:1033B0006E6974206661696C65642028657272208C
:1033C0002564290A0062742F25730025633A20467C
:1033D00061696C656420746F20736176652049446F
:1033E0002028657272202564290A0025633A205539
:1033F0006E61626C6520746F2073657475702061F6
:103400006E206964656E74697479206164647265A4
:1034100073730A0062740062745F73657474696E1A
:103420006773004254204C572057510002FB349BD5
:103430005F8000008000100000000000005745532E
:10344000545F544F504449522F7A65706879722FF7
:103450007375627379732F626C7565746F6F7468BE
:103460002F686F73742F6275662E630062745F62DB
:1034700075660062745F646174610025633A20447C
:1034800061746120627566666572206F766572662A
:103490006C6F7720286C696E6B20747970652030B2
:1034A0007825303278290A0025633A20546F6F203E
:1034B000736D616C6C2028257520627974657329A1
:1034C000206576656E74203078253032780A0025C4
:1034D000633A20556E61626C6520746F206C6F6F6B
:1034E0006B20757020636F6E6E207769746820683A
:1034F000616E646C652025750A0025633A20556E5F
:1035000061626C6520746F206C6F6F6B75702063E7
:103510006F6E6E20666F722068616E646C65202528
:10352000750A0025633A20486172647761726520EC
:103530006572726F722C20686172647761726520A7
:10354000636F64653A2025640A0025633A20436F5F
:10355000756C64206E6F74207375626D697420726F
:10356000785F776F726B3A2025640A0025633A20F2
:10357000556E68616E646C6564206576656E742056
:10358000307825303278206C656E2025753A2025FC
:10359000730A0025633A20496E76616C696420489D
:1035A00043492041434C207061636B65742073690B
:1035B0007A6520282575290A0025633A2041434C65
:1035C0002064617461206C656E677468206D697336
:1035D0006D617463682028257520213D202575299B
:1035E0000A0025633A20556E61626C6520746F2075
:1035F00066696E6420636F6E6E20666F722068610C
:103600006E646C652025750A0025633A20496E7644
:10361000616C696420484349206576656E74207347
:10362000697A6520282575290A00574553545F5447
:103630004F504449522F7A65706879722F737562C2
:103640007379732F626C7565746F6F74682F686F10
:1036500073742F6863695F636F72652E63002563FF
:103660003A20556E6B6E6F776E20627566207479A6
:1036700070652025750A0025633A20556E68616ED5
:10368000646C65642076656E646F722D737065631B
:1036900069666963206576656E74203078253032FE
:1036A00078206C656E2025753A2025730A00256305
:1036B0003A204E6F2070656E64696E672070657287
:1036C0006970686572616C20636F6E6E65637469A2
:1036D0006F6E0A0025633A20556E657870656374D5
:1036E0006564207374617475732030782530327886
:1036F0002025730A0025633A204E6F20636F6D6D9D
:10370000616E642073656E7420666F7220636D64F1
:1037100020636F6D706C6574652030782530347867
:103720000A0025633A204F70436F64652030782586
:1037300030347820636F6D706C6574656420696ED9
:103740007374656164206F66206578706563746565
:1037500064203078253034780A0025633A20696E79
:1037600074657276616C2065786365656473207436
:1037700068652076616C69642072616E67652030CF
:1037800078253034780A0025633A206C6174656EC0
:103790006379206578636565647320746865207655
:1037A000616C69642072616E676520307825303401
:1037B000780A0025633A20737570765F74696D65C9
:1037C0006F7574206578636565647320746865201F
:1037D00076616C69642072616E676520307825308F
:1037E00034780A0025633A20657674206E756D5F23
:1037F00068616E646C657320283D25752920746F9F
:103800006F206C6172676520282575203E20257524
:10381000290A0025633A204E6F20636F6E6E656340
:1038200074696F6E20666F722068616E646C6520CB
:1038300025750A0025633A207061636B65747320F7
:10384000636F756E74206D69736D617463680A00CF
:1038500025633A204661696C656420746F20736546
:103860007420726571756972656420736563757221
:10387000697479206C6576656C0A0025633A204E80
:103880006F206368616E676520746F20656E637278
:10389000797074696F6E2073746174652028656E29
:1038A000637279707420307825303278290A007577
:1038B0006E6B6E6F776E0025633A20496E76616C91
:1038C00069642062756620747970652025750A0028
:1038D0005B305D0025633A204964656E74697479D4
:1038E00025733A2025730A0025633A204964656EE2
:1038F000746974795B25645D3A2025730A00256339
:103900003A204843493A2076657273696F6E2025E4
:1039100073202830782530327829207265766973D3
:10392000696F6E203078253034782C206D616E758B
:103930006661637475726572203078253034780A58
:103940000025633A204C4D503A2076657273696FBA
:103950006E20257320283078253032782920737521
:1039600062766572203078253034780A0025633A13
:1039700020556E61626C6520746F2073656E6420E3
:10398000746F2064726976657220286572722025D2
:1039900064290A0025633A204F7574206F662063FE
:1039A0006F6D6D616E6420627566666572730A0084
:1039B00025633A20556E61626C6520746F20616CDE
:1039C0006C6F63617465206275666665720A0025B6
:1039D000633A20556E636C65617265642070656E34
:1039E00064696E672073656E745F636D640A002599
:1039F000633A206F70636F646520307825303478C7
:103A000020737461747573203078253032782025E6
:103A1000730A0025633A204661696C656420746FFF
:103A2000207265616420444C45206D61782064619A
:103A30007461206C656E0A0025633A2074785F6FAC
:103A40006374657473206578636565647320746856
:103A5000652076616C69642072616E6765202575EA
:103A60000A0025633A2074785F74696D6520657873
:103A70006365656473207468652076616C69642091
:103A800072616E67652025750A0025633A204E6FC6
:103A90006E2D4C452063617061626C6520636F6EB2
:103AA00074726F6C6C6572206465746563746564B0
:103AB000210A0025633A2041434C2042522F4544BD
:103AC000522062756666657273206E6F7420696E2F
:103AD000697469616C697A65640A0025633A2056E5
:103AE000656E646F722048434920657874656E7313
:103AF000696F6E73206E6F7420617661696C6162AC
:103B00006C650A0025633A20485720506C61746642
:103B10006F726D3A2025732028307825303478294B
:103B20000A0025633A2048572056617269616E7415
:103B30003A2025732028307825303478290A00254A
:103B4000633A204669726D776172653A2025732069
:103B500028307825303278292056657273696F6E67
:103B60002025752E2575204275696C642025750AFF
:103B70000025633A204661696C656420746F207289
:103B800065616420737570706F727465642076650A
:103B90006E646F7220636F6D6D616E64730A0025D1
:103BA000633A204661696C656420746F20726561B8
:103BB0006420737570706F727465642076656E64CE
:103BC0006F722066656174757265730A0025633AC9
:103BD000204E6F20494420616464726573732E2007
:103BE000417070206D7573742063616C6C20736517
:103BF0007474696E67735F6C6F616428290A0025AD
:103C0000633A20484349206472697665722069737B
:103C1000206E6F742072656164790A0042542052EC
:103C2000582057510025633A20484349206472695F
:103C3000766572206F70656E206661696C656420C0
:103C4000282564290A0025633A204E6F2070656E8E
:103C500064696E6720636F6E6E20666F7220706598
:103C600065722025730A0025633A20556E657870C9
:103C7000656374656420484F53545F4E554D5F43F0
:103C80004F4D504C455445445F5041434B45545370
:103C90002C2073746174757320307825303278204D
:103CA00025730A0091FBFBF3F4FBFBFBFBEA000925
:103CB0000909090102090909090909090909090983
:103CC0000709090909090609090909090909090969
:103CD0000909090909090905312E306200312E311F
:103CE00000312E3200322E3000322E3100332E3091
:103CF00000342E3000342E3100342E3200352E3078
:103D000000352E3100352E3200352E3300352E345D
:103D100000362E30005374616E6461726420426C10
:103D20007565746F6F746820636F6E74726F6C6CFE
:103D300065720056656E646F7220737065636966A4
:103D4000696320636F6E74726F6C6C657200466994
:103D5000726D77617265206C6F6164657200526587
:103D60007363756520696D6167650072657365725F
:103D7000766564006E5246353178006E52463532B3
:103D800078006E5246353378006E524635344878A6
:103D9000006E524635344C7800496E74656C204391
:103DA0006F72706F726174696F6E004E6F726469CA
:103DB000632053656D69636F6E647563746F720021
:103DC0004E58502053656D69636F6E647563746FF0
:103DD00072730062745F6863695F636F7265002568
:103DE000633A20636D6420646973616C6C6F7765FE
:103DF000640A00574553545F544F504449522F7A38
:103E000065706879722F7375627379732F626C7540
:103E100065746F6F74682F686F73742F69642E6395
:103E20000025633A204661696C656420746F2064E4
:103E3000697361626C65206164647265737320727A
:103E400065736F6C7574696F6E0A0025633A205252
:103E500065736F6C76696E67206C69737420736923
:103E60007A652065786365656465642E205377699B
:103E7000746368696E6720746F20686F73742E0AAC
:103E80000025633A204661696C656420746F206385
:103E90006C656172207265736F6C7574696F6E20EA
:103EA0006C6973740A0025633A204661696C656425
:103EB00020746F206164642049524B20746F20632A
:103EC0006F6E74726F6C6C65720A0025633A2053D2
:103ED00065742070726976616379206D6F64652006
:103EE000636F6D6D616E64206973206E6F742073F3
:103EF0007570706F727465640A0025633A204661BC
:103F0000696C656420746F207365742070726976C3
:103F1000616379206D6F64650A0025633A20446906
:103F20007361626C696E672061646472657373208B
:103F30007265736F6C7574696F6E206661696C650C
:103F4000642028657272202564290A0025633A20BE
:103F50004661696C656420746F2072656D6F76656B
:103F60002049524B2066726F6D20636F6E74726FC2
:103F70006C6C65720A0025633A204F6E6C79207272
:103F8000616E646F6D207374617469632069646528
:103F90006E746974792061646472657373207375DB
:103FA00070706F727465640A0025633A20496E76FA
:103FB000616C696420696E70757420706172616DE6
:103FC00065746572730A0025633A204661696C6501
:103FD0006420746F2072656164207075626C69631F
:103FE00020616464726573730A0025633A20526528
:103FF0006164205374617469632041646472657301
:1040000073657320636F6D6D616E64206E6F7420D5
:10401000617661696C61626C650A0025633A2046CD
:1040200061696C656420746F2072656164207374CB
:1040300061746963206164647265737365730A00F7
:1040400025633A204E6F2073746174696320616444
:10405000647265737365732073746F72656420692D
:104060006E20636F6E74726F6C6C65720A002563EC
:104070003A2043616E27742073657420626F746800
:10408000204944454E544954592026204E5250410F
:104090000A0062745F69640025633A20546F6F20E0
:1040A000626967206164766572746973696E6720FE
:1040B000646174610A0025633A204661696C656435
:1040C00020746F20737461727420616476657274F9
:1040D000697365720A0025633A204661696C6564FC
:1040E00020746F2073746F702061647665727469D8
:1040F00073696E673A2025640A0025633A20436F8E
:104100006E74726F6C6C65722063616E6E6F74207A
:10411000726573756D6520636F6E6E656374616241
:104120006C65206164766572746973696E672028B6
:104130002564290A0062745F616476005745535410
:104140005F544F504449522F7A65706879722F69D5
:104150006E636C7564652F7A65706879722F7379F8
:10416000732F627974656F726465722E68002563BF
:104170003A204661696C656420746F2067656E65DE
:104180007261746520454343206B65792025640A7C
:104190000025633A204661696C656420746F206570
:1041A00078706F727420454343207075626C696348
:1041B000206B65792025640A0025633A20466169F1
:1041C0006C656420746F206578706F72742045434D
:1041D000432070726976617465206B65792025646F
:1041E0000A0025633A204661696C656420746F207B
:1041F00064657374726F7920454343206B65792041
:1042000049442025640A0025633A204661696C65AB
:104210006420746F20696D706F72742074686520FB
:1042200070726976617465206B657920666F7220A3
:104230006B65792061677265656D656E74202564B4
:104240000A0025633A20526177206B657920616707
:104250007265656D656E74206661696C65642025A4
:10426000640A0025633A204661696C656420746FB6
:104270002064657374726F7920746865206B65794A
:104280002025640A0025633A207073615F696D70B0
:104290006F72745F6B657928292072657475726E10
:1042A0006564207374617475732025640A00256346
:1042B0003A204275737920706572666F726D696E0F
:1042C0006720616E6F746865722045434448206FB3
:1042D0007065726174696F6E0A00E69D350E480163
:1042E00003CCDBFDF4AC1191F4EFB9A5F9E9A78398
:1042F0002C5E2CBE97F2D203B0208BD28915D08EC3
:104300001C742430ED8FC24563765C15525ABF9AF7
:1043100032636DEB2A65499C80DC62745F65636380
:1043200000574553545F544F504449522F7A65709B
:104330006879722F7375627379732F626C75657407
:104340006F6F74682F686F73742F636F6E6E2E6358
:104350000025633A204661696C656420726561647A
:104360002072656D6F746520666561747572657322
:1043700020282564290A0025633A204661696C6576
:1043800064204C45205365742050485920282564EA
:10439000290A0025633A204661696C656420746FC0
:1043A000207365742064617461206C656E2028251B
:1043B00064290A0025633A20556E65787065637438
:1043C0006564206669727374204C324341502066E4
:1043D00072616D650A0025633A20556E65787065D7
:1043E00063746564204C3243415020636F6E74697E
:1043F0006E756174696F6E0A0025633A204E6F74A2
:1044000020656E6F756768206275666665722073D9
:104410007061636520666F72204C324341502064A6
:104420006174610A0025633A20556E657870656392
:104430007465642041434C20666C616773202830AA
:104440007825303278290A0025633A2041434C20F0
:104450006C656E206D69736D6174636820282575C5
:10446000203E202575290A0028756E6B6E6F776EC9
:10447000290025633A206E6F207472616E7369742F
:10448000696F6E2025730A0025633A20496E7661B4
:104490006C69642028257529206F6C642073746111
:1044A00074650A0025633A20636F6E6E20257020C4
:1044B0006661696C656420746F2065737461626CF9
:1044C0006973682E205246206E6F6973653F0A003B
:1044D00025633A206E6F2076616C6964202825750B
:1044E0002920737461746520776173207365740A81
:1044F0000025633A20696E636F6D70617469626C48
:10450000652068616E646C652025750A0025633A34
:104510002054696D656F757420646973636172649A
:1045200065642E204E6F20626C6F636B696E67202E
:10453000696E2073797377712E0A0025633A2055CE
:104540006E61626C6520746F20616C6C6F63617466
:1045500065206275666665722077697468696E2089
:1045600074696D656F75740A0025633A20636F6E18
:104570006E2025703A206E6F7420636F6E6E6563D7
:104580007465640A0025633A20466174616C206595
:1045900072726F7220282564292E20446973636F1C
:1045A0006E6E656374696E672025700A0025633A34
:1045B00020466F756E642076616C696420636F6E4F
:1045C0006E656374696F6E20282570292077697481
:1045D00068206164647265737320257320696E209E
:1045E0002573207374617465200A0025633A205393
:1045F000656E64204C4520706172616D2075706439
:10460000617465206661696C65642028657272203A
:104610002564290A0025633A2053656E642061757C
:10462000746F204C4520706172616D2075706461FB
:104630007465206661696C65642028657272202546
:1046400064290A0000000101010101020364697389
:10465000636F6E6E656374656400646973636F6E27
:104660006E6563742D636F6D706C65746500736344
:10467000616E2D6265666F72652D696E6974696120
:1046800074696E6700696E6974696174696E672D1B
:1046900066696C7465722D6C697374006164762D43
:1046A000636F6E6E65637461626C65006164762D24
:1046B0006469722D636F6E6E65637461626C650010
:1046C000646973636F6E6E656374696E67006274AC
:1046D0005F636F6E6E0025633A204E6F20617661D6
:1046E000696C61626C65204C3243415020636F6E8F
:1046F0007465787420666F7220636F6E6E2025700B
:104700000A00574553545F544F504449522F7A651D
:10471000706879722F7375627379732F626C756527
:10472000746F6F74682F686F73742F6C326361706D
:104730002E630025633A20556E61626C6520746FAC
:1047400020616C6C6F63617465206275666665726A
:1047500020666F72206F70203078253032780A0022
:1047600025633A20457870656374696E67207570BB
:1047700020746F20256420726566732C20676F7427
:104780002025640A0025633A20616C7265616479B2
:1047900020686176652076696577206F6E202570C8
:1047A0000A0025633A20546F6F20736D616C6C2092
:1047B0004C32434150207369676E616C696E6720AB
:1047C0005044550A0025633A204C32434150206C36
:1047D000656E677468206D69736D61746368202805
:1047E000257520213D202575290A0025633A204999
:1047F0006E76616C6964206964656E742076616CA4
:10480000756520696E204C32434150205044550A52
:104810000025633A20546F6F20736D616C6C204CDF
:104820004520636F6E6E20706172616D20727370CF
:104830000A0025633A2052656A656374696E6720D1
:10484000756E6B6E6F776E204C3243415020504432
:104850005520636F6465203078253032780A002552
:10486000633A20546F6F20736D616C6C204C32433F
:104870004150205044552072656365697665640A2D
:104880000025633A2049676E6F72696E6720646124
:10489000746120666F7220756E6B6E6F776E206329
:1048A00068616E6E656C204944203078253034781C
:1048B0000A00636F6E6669670062745F6C326361E1
:1048C000700025633A20556E61626C6520746F201C
:1048D00063726561746520555549443A2073697A5D
:1048E000652025750A0025633A20556E61626C6566
:1048F00020746F2063726561746520555549443A90
:104900002073697A652025640A0025633A204E6F7A
:1049100020617661696C61626C652041545420634A
:104920006F6E7465787420666F7220636F6E6E2090
:1049300025700A0025633A204E6F20617661696C0C
:1049400061626C6520415454206368616E6E656CD1
:1049500020666F7220636F6E6E2025700A002563DB
:104960003A204E6F7420636F6E6E65637465640ADF
:104970000025633A20556E61626C6520746F206675
:10498000696E6420415454206368616E6E656C0AE0
:104990000025633A20415454206368616E6E656C53
:1049A000206E6F7420636F6E6E65637465640A00B9
:1049B000574553545F544F504449522F7A6570689D
:1049C00079722F7375627379732F626C7565746F6A
:1049D0006F74682F686F73742F6174742E63002571
:1049E000633A204572726F72207369676E696E67F1
:1049F00020646174610A0025633A2052616E206F61
:104A00007574206F662054582062756666657273EF
:104A1000206F7220636F6E74657874732E0A0025A0
:104A2000633A20476F74206572722025642C206ED3
:104A30006F742063616C6C696E672041545420630D
:104A4000620A0025633A20415454204D5455206594
:104A5000786365656465642C206D61782025752C0C
:104A60002077616E74656420257A750A0025633AA3
:104A700020546F6F20736D616C6C20415454205032
:104A800044552072656365697665640A0025633A5A
:104A900020556E68616E646C6564204154542063D7
:104AA0006F6465203078253032780A0025633A201B
:104AB000496E76616C6964206C656E202575206690
:104AC0006F7220636F6465203078253032780A0079
:104AD00025633A204E6F20415454206368616E6E06
:104AE000656C20666F72204D545520257A750A003A
:104AF00025633A204E6F2070656E64696E672041B1
:104B0000545420726571756573740A0025633A20E8
:104B10004154542054696D656F757420666F72201E
:104B20006465766963652025732E20446973636F1D
:104B30006E6E656374696E672E2E2E0A0025633AC9
:104B400020446973636F6E6E656374696E67206677
:104B500061696C65642028657272202564290A00E9
:104B600062745F6174740025633A20434D414320B1
:104B7000757064617465206661696C656420256484
:104B80000A0025633A204661696C656420746F20D1
:104B90006465636F64652076616C75652028657255
:104BA0007220257A64290A0025633A204661696CDF
:104BB000656420746F20736176652044617461625E
:104BC00061736520486173682028657272202564CE
:104BD000290A00574553545F544F504449522F7A85
:104BE00065706879722F7375627379732F626C7553
:104BF00065746F6F74682F686F73742F6761747456
:104C00002E630025633A206661696C656420746FC9
:104C10002073746F726520534320286572722025BB
:104C200064290A0025633A20756E61626C65207400
:104C30006F20736176652053433A206E6F20636660
:104C400067206C6566740A0025633A20556E6162C0
:104C50006C6520746F206465636F646520616464B3
:104C6000726573732025730A0025633A20496E76B6
:104C7000616C6964206C6F63616C206964656E743B
:104C800069747920256C750A0025633A20556E6198
:104C9000626C6520746F20726573746F7265205347
:104CA000433A206E6F20636667206C6566740A0065
:104CB00025633A20546F6F206D616E7920436C69D3
:104CC000656E7420436861726163746572697374A0
:104CD000696320436F6E66696775726174696F6E90
:104CE0002E2053656520434F4E4649475F42545F2F
:104CF00053455454494E47535F4343435F53544FC6
:104D000052455F4D41580A0A0025633A204E6F20F4
:104D1000737061636520746F2073746F72652043D4
:104D20006C69656E7420537570706F727465642061
:104D300046656174757265730A0025633A20556E85
:104D400061626C6520746F20726573746F72652088
:104D500043463A206E6F20636667206C6566740A6E
:104D60000025633A204368616E67652D6177617243
:104D70006520737461747573206E6F7420666F752F
:104D80006E6420696E2073657474696E67732C207D
:104D900064656661756C74696E6720706565722004
:104DA00073746174757320746F206368616E6765D6
:104DB0002D756E61776172650A0025633A20526530
:104DC0006164206261636B20626164206368616E6C
:104DD00067652D61776172652076616C75653A2033
:104DE000307825782C2064656661756C74696E670F
:104DF00020706565722073746174757320746F2000
:104E00006368616E67652D756E61776172650A0012
:104E100025633A206661696C656420746F2064655F
:104E20006C657465205343202865727220256429BF
:104E30000A0025633A204661696C656420746F201E
:104E4000636C6561722053432025640A0025633A30
:104E50002076616C75655F6C656E206F66202575C8
:104E60002070726F766964656420666F72204E559B
:104E70004C4C2076616C75650A0025633A204E6FB4
:104E800020737061636520746F2073746F72652086
:104E9000434343206366670A0025633A20466169FD
:104EA0006C656420746F2073746F726520436C6945
:104EB000656E74204665617475726573202865722D
:104EC00072202564290A0025633A20556E61626CC0
:104ED0006520746F20696D706F727420746865202E
:104EE0006B657920666F722041455320434D4143E5
:104EF0002025640A0025633A20434D4143206F700A
:104F000065726174696F6E20696E6974206661698B
:104F10006C65642025640A0025633A20434D4143B3
:104F20002066696E697368206661696C6564202516
:104F3000640A0062742F6363630025633A20496E3C
:104F400076616C6964206B65790A0025633A2052AA
:104F5000656164206D6574686F64206E6F74207382
:104F600065740A0025633A204661696C65642074A3
:104F70006F20726561642061747472696275746512
:104F8000202570202865727220257A64290A002560
:104F9000633A20496E76616C6964207265616420B1
:104FA0006C656E6774683A20257A640A0025633A56
:104FB000204C696E6B206973206E6F7420656E6380
:104FC0007279707465640A0025633A2044657669D5
:104FD0006365206973206E6F7420737562736372EA
:104FE0006962656420746F206368617261637465CF
:104FF0007269737469630A0025633A204E6F2062F8
:10500000756666657220617661696C61626C6520A7
:10501000746F2073656E6420696E6469636174697E
:105020006F6E0A0025633A20434343202570206EAB
:105030006F74207772697461626C650A0025633A47
:1050400020534320726573746F726520696E6469C2
:10505000636174696F6E206661696C65640A00251E
:10506000633A204E6F2062756666657220617661D4
:10507000696C61626C6520746F2073656E64206E6C
:105080006F74696669636174696F6E0A0025633ABB
:10509000204661696C656420746F207365742073A9
:1050A0006563757269747920666F7220626F6E64D1
:1050B0006564207065657220282564290A002563CF
:1050C0003A204661696C656420746F2073746F7256
:1050D0006520434343732028657272202564290AA2
:1050E0000062742F686173680062742F63660062E7
:1050F000742F73630062745F676174740025633A90
:1051000020556E61626C6520746F2066696E642044
:10511000534D50206368616E6E656C0A0025633ADA
:10512000204E6F20617661696C61626C6520534D21
:105130005020636F6E7465787420666F7220636FA1
:105140006E6E2025700A0025633A204661696C6501
:105150006420746F2067656E6572617465204448D1
:105160004B65790A0025633A20556E61626C6520B3
:10517000746F20676574206B65797320666F722089
:1051800025730A0025633A2043616C63756C617472
:105190006520636F6E6669726D206661696C656417
:1051A0000A0025633A20556E6B6E6F776E20706132
:1051B0006972696E67206D6574686F642028257553
:1051C000290A0025633A2043616C63756C6174653C
:1051D000204C544B206661696C65640A0025633A73
:1051E0002043616C63756C617465206C6F63616CE6
:1051F0002044484B657920636865636B206661696C
:105200006C65640A0025633A2043616C63756C61C8
:1052100074652072656D6F74652044484B65792014
:10522000636865636B206661696C65640A00256369
:105230003A2052656D6F7465207075626C696320E9
:105240006B65792072656A65637465640A0025631D
:105250003A2052656D6F7465206973207573696EAD
:1052600067204465627567205075626C6963206BC6
:1052700065790A0025633A2052656365697665643D
:1052800020696E76616C6964207075626C69632058
:105290006B65790A00574553545F544F5044495247
:1052A0002F7A65706879722F7375627379732F62C4
:1052B0006C7565746F6F74682F686F73742F736D7E
:1052C000702E630025633A205075626C6963206B11
:1052D00065792072652D67656E65726174696F6EA0
:1052E0002072657175657374206661696C656420F0
:1052F000282564290A0025633A205075626C696389
:10530000206B65792067656E65726174696F6E20C8
:1053100074696D656F75740A0025633A2054686579
:1053200020696E2D70726F6772657373207061698A
:1053300072696E6720686173206265656E206465BE
:105340006C65746564210A0025633A20534D502032
:10535000646F6573206E6F7420616C6C6F77206171
:105360002070616972696E67206661696C7572652B
:10537000206174207468697320706F696E742E20C8
:105380004B6E6F776E2069737375652E2044697359
:10539000636F6E6E656374696E6720696E737465A2
:1053A00061642E0A0025633A205075626C6963209F
:1053B0006B6579206E6F7420617661696C61626CD7
:1053C000650A0025633A20546F6F20736D616C6C21
:1053D00020534D50205044552072656365697665B1
:1053E000640A0025633A20534D5020636F6D6D6150
:1053F0006E642028636F6465203078253032782908
:1054000020726563656976656420616674657220E3
:1054100074696D656F75740A0025633A205265637F
:10542000656976656420726573657276656420537C
:105430004D5020636F6465203078253032780A0043
:1054400025633A20556E68616E646C656420534D27
:105450005020636F6465203078253032780A00254B
:10546000633A20556E657870656374656420534DAA
:105470005020636F6465203078253032780A00252B
:10548000633A20496E76616C6964206964656E7464
:105490006974792025730A0025633A2020666F72AB
:1054A0002025730A0025633A205265667573696E7C
:1054B00067206E65772070616972696E672E20546F
:1054C0006865206F6C6420626F6E64206D75737404
:1054D00020626520756E706169726564206669720C
:1054E00073742E0A0025633A2070616972696E67D1
:1054F000206661696C65642028706565722072653C
:1055000061736F6E2030782578290A0025633A2070
:105510004E6F206B65797320737061636520666FD1
:10552000722025730A0025633A20534D5020546998
:105530006D656F75740A000005061F1F2918120398
:1055400008020305080A000801030401050405090F
:105550000607010106060800000100010003010022
:105560000302020100020000000000020301000328
:1055700062745F736D7000574553545F544F5044CD
:1055800049522F7A65706879722F737562737973D7
:105590002F626C7565746F6F74682F686F73742FEA
:1055A0006B6579732E630025633A204661696C65EB
:1055B0006420746F20726561642076616C7565206B
:1055C0002865727220257A64290A0025633A2055DD
:1055D0006E61626C6520746F2066696E642064651C
:1055E0006C65746564206B65797320666F72202525
:1055F000730A0025633A204661696C656420746F04
:1056000020616C6C6F63617465206B6579732066D3
:105610006F722025730A0025633A20496E76616C0B
:105620006964206B6579206C656E67746820257AE3
:105630006420213D20257A750A0025633A204661C1
:10564000696C656420746F2073617665206B657981
:10565000732028657272202564290A0062742F6BFA
:105660006579730062745F6B657973006C888391F0
:10567000AAF5A53860370BDB5A6083BE62745F639E
:10568000727970746F0025633A204661696C6564B5
:1056900020746F20696D706F727420414553206BC8
:1056A00065792025640A0025633A204661696C65A6
:1056B0006420746F20636F6D70757465204D414375
:1056C0002025640A006D6375626F6F745F64667590
:1056D0000063616368655F6E726678005745535476
:1056E0005F544F504449522F7A65706879722F6425
:1056F0007269766572732F636C6F636B5F636F6E35
:1057000074726F6C2F636C6F636B5F636F6E747218
:105710006F6C5F6E72662E6300636C6F636B4031FB
:105720003065303030006866636C6B006C66636CAB
:105730006B00636C6F636B5F636F6E74726F6C0092
:10574000656E74726F70795F62745F686369007010
:1057500073612D726E67007272616D2D636F6E746E
:10576000726F6C6C657240353030346230303000AE
:10577000666C6173685F6E72665F7272616D002540
:10578000633A204661696C656420746F20657869AE
:10579000742044504420282564290A0025633A20B7
:1057A00057616974696E6720756E74696C20666CE8
:1057B0006173682069732072656164790A002563EA
:1057C0003A204661696C656420746F207761697462
:1057D00020756E74696C20666C6173682069732033
:1057E000726561647920282564290A0025633A20BE
:1057F0004A454445432049442072656164206661FE
:10580000696C65643A2025640A0025633A20446582
:10581000766963652069642025303278202530322E
:1058200078202530327820646F6573206E6F742085
:105830006D6174636820636F6E666967202530321E
:1058400078202530327820253032780A0025633AD6
:1058500020425020636C656172206661696C6564EA
:105860003A2025640A0A0025633A20556E61626C6D
:105870006520746F20656E74657220342D627974B2
:1058800065206D6F64653A2025640A0A006D7832E0
:10589000357236343335664030007370695F6E6F31
:1058A0007200D810200C00000000574553545F547C
:1058B0004F504449522F7A65706879722F696E6330
:1058C0006C7564652F7A65706879722F6472697679
:1058D0006572732F6770696F2F6770696F5F75747A
:1058E000696C732E6800574553545F544F504449B8
:1058F000522F6D6F64756C65732F68616C2F6E6FBE
:10590000726469632F6E7266782F68616C2F6E7295
:10591000665F6770696F2E6800574553545F544F38
:10592000504449522F7A65706879722F6472697693
:105930006572732F6770696F2F6770696F5F6E7222
:1059400066782E63006770696F40313061303030A7
:10595000006770696F406438323030006770696F7B
:105960004035303430300000010405020608090FCC
:10597000756172744031303430303000756172744A
:105980005F6E7266785F7561727465005745535437
:105990005F544F504449522F7A65706879722F696D
:1059A0006E636C7564652F7A65706879722F6472A6
:1059B00069766572732F6770696F2E680025633A88
:1059C000204661696C656420746F20616C6C6F6344
:1059D000617465204750494F5445206368616E6E7D
:1059E000656C20666F722057414B450A0025633A6B
:1059F000204661696C656420746F20636F6E666910
:105A0000677572652057414B452070696E0A002505
:105A1000633A204353204750494F20706F727420DF
:105A200025732070696E202564206973206E6F7461
:105A30002072656164790A0025633A2055706461BB
:105A4000746520657863656564732063757272653B
:105A50006E74206275666665720A0025633A204896
:105A6000616C662D6475706C6578206E6F74207340
:105A70007570706F727465640A0025633A20536C08
:105A8000617665206D6F6465206973206E6F742088
:105A9000737570706F72746564206F6E2025730A61
:105AA0000025633A204C6F6F706261636B206D6FED
:105AB0006465206973206E6F7420737570706F72E7
:105AC0007465640A0025633A20576F726420736915
:105AD0007A6573206F74686572207468616E20380F
:105AE000206269747320617265206E6F7420737513
:105AF00070706F727465640A0025633A204672659F
:105B00007175656E63696573206C6F77657220745B
:105B100068616E20313235206B487A2061726520D1
:105B20006E6F7420737570706F727465640A0025EF
:105B3000633A204661696C656420746F20696E6900
:105B40007469616C697A65206E7266782064726926
:105B50007665723A20253038780A0025633A205756
:105B6000616974696E6720666F722057414B4520EA
:105B700061636B6E6F776C6564676D656E742074BE
:105B8000696D6564206F75740A0025633A20546955
:105B90006D656F75742077616974696E6720666FD3
:105BA00072207472616E7366657220636F6D706CC3
:105BB0006574650A00737069403461303030007379
:105BC00070695F6E7266785F7370696D00574553D8
:105BD000545F544F504449522F7A65706879722F40
:105BE000647269766572732F74696D65722F6E7257
:105BF000665F677274635F74696D65722E630025FA
:105C0000633A2043616E6E6F742072656164206731
:105C100070696F2070696E0A0025633A2043616ED7
:105C20006E6F74207772697465204C4544206770EC
:105C3000696F0A0025633A204750494F2049525165
:105C400020636F6E666967206661696C65642C20ED
:105C50006572723A2025640A0025633A204661691C
:105C60006C65642064697361626C696E6720696E3B
:105C700074657272757074730A0025633A2043610B
:105C80006E6E6F742064697361626C652063616C11
:105C90006C6261636B730A0025633A2043616E6E28
:105CA0006F7420656E61626C652063616C6C62610B
:105CB000636B730A0025633A2043616E6E6F742034
:105CC000636F6E666967757265204C454420677026
:105CD000696F0A0025633A2043616E6E6F7420631A
:105CE0006F6E66696775726520627574746F6E2079
:105CF0006770696F0A0025633A2043616E6E6F74A6
:105D00002064697361626C652063616C6C626163BD
:105D10006B7328290A0025633A2043616E6E6F7405
:105D2000206164642063616C6C6261636B0A0025AE
:105D3000633A204C454420696E646578206F757421
:105D4000206F66207468652072616E67650A006462
:105D50006B5F627574746F6E735F616E645F6C65A8
:105D600064730025633A20526573657474696E67C5
:105D70002073797374656D0A00666174616C5F6588
:105D800072726F720025633A20536F6674446576B1
:105D900069636520436F6E74726F6C6C657220412D
:105DA00053534552543A2025732C2025640A00533E
:105DB0006F667444657669636520436F6E74726FB5
:105DC0006C6C6572206275696C64207265766973AB
:105DD000696F6E3A200025633A2025730A00256317
:105DE0003A20456E74726F707920736F75726365B7
:105DF00020646576696365206E6F742072656164E6
:105E0000790A0025633A204661696C656420746FE5
:105E10002072656769737465722072616E642073A5
:105E20006F7572636520282564290A00574553540D
:105E30005F544F504449522F7A65706879722F69C8
:105E40006E636C7564652F7A65706879722F647201
:105E500069766572732F656E74726F70792E680043
:105E6000574553545F544F504449522F6E72662F1A
:105E70007375627379732F626C7565746F6F746874
:105E80002F636F6E74726F6C6C65722F6863695FDD
:105E90006472697665722E630025633A20416C6CEA
:105EA0006F6361746564206D656D6F727920746FC6
:105EB0006F206C6F773A202575203C2025750A00ED
:105EC000574553545F544F504449522F6E72662FBA
:105ED000696E636C7564652F6D70736C2F6D707374
:105EE0006C5F776F726B2E680025633A204576658C
:105EF0006E742062756666657220746F6F20736DB4
:105F0000616C6C2E202575203E2025750A002563C6
:105F10003A20556E6578706563746564206D7367AB
:105F20005F747970653A2025752E20546869732056
:105F300069662D656C7365206E65656473206120EC
:105F40006E6577206272616E63680A0025633A208D
:105F5000556E6B6E6F776E206572726F7220776808
:105F6000656E2070726F63657373696E6720686316
:105F700069206D6573736167652025640A0062742A
:105F80005F6863695F7364630062745F7364635F17
:105F90006863695F6472697665720062745F7364D6
:105FA000635F63727970746F0025633A204D5053BC
:105FB0004C204153534552543A2025732C202564DC
:105FC0000A00574553545F544F504449522F6E7244
:105FD000662F7375627379732F6D70736C2F696E92
:105FE00069742F6D70736C5F696E69742E63004DF8
:105FF00050534C20576F726B006D70736C5F696EFD
:10600000697400574553545F544F504449522F6EA2
:1060100072662F647269766572732F6D70736C2F60
:10602000636C6F636B5F636F6E74726F6C2F6E72F5
:1060300066785F636C6F636B5F6D70736C2E63006B
:10604000574553545F544F504449522F6E72662F38
:10605000647269766572732F6D70736C2F666C61F4
:1060600073685F73796E632F666C6173685F7379B1
:106070006E635F6D70736C2E630025633A206D70E4
:10608000736C5F74696D65736C6F745F7365737344
:10609000696F6E5F6F70656E206661696C65643AEA
:1060A0002025640A0025633A2074696D656F757454
:1060B0000A00666C6173685F73796E635F6D7073FD
:1060C0006C007065726D0074657374004255473BD7
:1060D0002063616E27742068617070656E00726560
:1060E000766572740025633A205365636F6E646150
:1060F000727920696D616765206F6620696D6167DF
:10610000652070616972202825642E29206973201A
:10611000756E726561636861626C652E205472658C
:10612000617420697420617320656D7074790A0050
:1061300025633A20496D61676520696E6465783A28
:106140002025642C205377617020747970653A2083
:1061500025730A0025633A20496D61676520696EE1
:106160006465783A2025642C205377617020747917
:1061700070653A206E6F6E650A0004010403040224
:106180000401040104030104030401046D63756246
:106190006F6F745F7574696C00574553545F544F4B
:1061A000504449522F6D6F64756C65732F68616C34
:1061B0002F6E6F726469632F6E7266782F68616CE0
:1061C0002F6E72665F6770696F74652E6800574541
:1061D00053545F544F504449522F6D6F64756C6532
:1061E000732F68616C2F6E6F726469632F6E7266B5
:1061F000782F647269766572732F7372632F6E7273
:1062000066785F6770696F74652E630000071823F6
:106210002323232323232323232323230001025780
:106220004553545F544F504449522F6D6F64756C01
:1062300065732F68616C2F6E6F726469632F6E7265
:1062400066782F68616C2F6E72665F677274632E5A
:106250006800574553545F544F504449522F6D6F57
:1062600064756C65732F68616C2F6E6F72646963FF
:106270002F6E7266782F647269766572732F7372EF
:10628000632F6E7266785F677274632E6300574582
:1062900053545F544F504449522F6D6F64756C6571
:1062A000732F68616C2F6E6F726469632F6E7266F4
:1062B000782F68616C2F6E72665F7272616D632EEB
:1062C0006800574553545F544F504449522F6D6FE7
:1062D00064756C65732F68616C2F6E6F726469638F
:1062E0002F6E7266782F68616C2F6E72665F7370A6
:1062F000696D2E6800574553545F544F50444952BE
:106300002F6D6F64756C65732F68616C2F6E6F7283
:106310006469632F6E7266782F6472697665727332
:106320002F7372632F6E7266785F7370696D2E6360
:10633000005465726D696E616C0000000000000021
:10634000545452205245474745530001020203036B
:106350000303574553545F544F504449522F7A65B5
:10636000706879722F6B65726E656C2F64657669E3
:1063700063652E6300556E6B6E6F776E206572726B
:106380006F720025633A203E3E3E205A45504859E0
:106390005220464154414C204552524F52202564D0
:1063A0003A202573206F6E204350552025640A0043
:1063B00025633A204661756C7420647572696E6756
:1063C00020696E746572727570742068616E646C99
:1063D000696E670A0A0025633A2043757272656E1A
:1063E00074207468726561643A20257020282573D2
:1063F000290A00574553545F544F504449522F7A4D
:1064000065706879722F6B65726E656C2F6661744A
:10641000616C2E6300435055206578636570746924
:106420006F6E00556E68616E646C656420696E7491
:1064300065727275707400537461636B206F76655A
:1064400072666C6F77004B65726E656C206F6F7053
:1064500073004B65726E656C2070616E69630057E6
:106460004553545F544F504449522F7A65706879B0
:10647000722F6B65726E656C2F696E69742E630086
:106480006D61696E006F7300574553545F544F50F0
:106490004449522F7A65706879722F6B65726E6508
:1064A0006C2F6B686561702E6300574553545F54C1
:1064B0004F504449522F7A65706879722F6B65721C
:1064C0006E656C2F6D656D5F736C61622E63005736
:1064D0004553545F544F504449522F7A6570687940
:1064E000722F6B65726E656C2F696E636C75646577
:1064F0002F6B73636865642E6800574553545F546F
:106500004F504449522F7A65706879722F6B6572CB
:106510006E656C2F69646C652E6300574553545F3C
:10652000544F504449522F7A65706879722F6B65C9
:10653000726E656C2F6D757465782E6300574553C8
:10654000545F544F504449522F7A65706879722FC6
:106550006B65726E656C2F73656D2E630073797356
:10656000776F726B7100574553545F544F504449D5
:10657000522F7A65706879722F6B65726E656C2F19
:10658000776F726B2E6300574553545F544F5044DE
:1065900049522F7A65706879722F6B65726E656CDF
:1065A0002F7468726561642E6300574553545F54BD
:1065B0004F504449522F7A65706879722F6B65721B
:1065C0006E656C2F73636865642E63005745535482
:1065D0005F544F504449522F7A65706879722F6B1F
:1065E00065726E656C2F696E636C7564652F6B7474
:1065F00068726561642E6800574553545F544F506C
:106600004449522F7A65706879722F6B65726E6596
:106610006C2F74696D65736C6963696E672E6300B6
:10662000574553545F544F504449522F7A65706810
:1066300079722F6B65726E656C2F74696D656F75FD
:10664000742E6300574553545F544F504449522FA2
:106650007A65706879722F6B65726E656C2F706FDA
:106660006C6C2E6300574553545F544F504449524D
:106670002F7A65706879722F6B65726E656C2F6DFD
:10668000656D706F6F6C2E6300141400001C203059
:10669000401C2000001C2030400040637261636594
:1066A0006E00574553545F544F504449522F6E72F9
:1066B000662F7375627379732F6E72665F7365638D
:1066C00075726974792F7372632F6472697665725B
:1066D000732F63726163656E2F63726163656E70A1
:1066E00073612F7372632F6C69625F6B6D752E63BC
:1066F00000574553545F544F504449522F6E7266B1
:106700002F7375627379732F6E72665F736563752D
:10671000726974792F7372632F647269766572730C
:106720002F63726163656E2F63726163656E707350
:10673000612F7372632F6D61632E63001414000068
:106740001C2030401C2000001C20304000405745D9
:1067500053545F544F504449522F6E72662F7375D5
:10676000627379732F6E72665F7365637572697495
:10677000792F7372632F647269766572732F6372F7
:106780006163656E2F63726163656E7073612F73F1
:1067900072632F6B65795F6D616E6167656D656EA4
:1067A000742E6300010302574553545F544F504405
:1067B00049522F6E72662F7375627379732F6E72E2
:1067C000665F73656375726974792F7372632F6482
:1067D0007269766572732F63726163656E2F737869
:1067E00073796D63727970742F7372632F706C613B
:1067F00074666F726D2F626172656D6574616C2F66
:10680000696E74657272757074732E630020304205
:10681000FFFFFFFFFFFFFFFFFFFFFFFFFFFFFFFF88
:10682000FFFFFFFFFFFFFFFFFFFFFFFFFEFFFFFF79
:10683000FFFFFFFFFFFFFFFFFFFFFFFFFFFFFFFF68
:10684000FFFFFFFFFFFFFFFFA66202000000000046
:106850000000000000000000000000000000000038
:106860000000000000000000000000000000000028
:106870000000000000000000000000000000000018
:10688000FFFFFFFFFFFFFFFFFFFFFFFFFFFFFFFF18
:10689000FFFFFFFFFFFFFFFFFFFFFFFFFEFFFFFF09
:1068A000FFFFFFFFFFFFFFFFFFFFFFFFFFFFFFFFF8
:1068B000FFFFFFFFFFFFFFFF00F34458AB92C278DA
:1068C00023558FC58D72C26C219036D6AE49DB4EF2
:1068D000C4E923CA7CFFFFFFFFFFFFFFFFFFFFFFAD
:1068E000FFFFFFFFFFFFFFFFFFFFFFFFFFFFFFFFB8
:1068F0003F005EC00CC72BA826268E93008BE1803C
:106900003B431165B62AF71AAE1264A4D3A324E35D
:106910006DEA67170F477065149EDA36BF22A61519
:106920001D22ED0DED6BC670194F0014FA30F25BAD
:10693000790898ADC8D74E2C13BDFDC4397CE61C30
:10694000FFD33AD7C2A0051E9C78874098A36C73EA
:1069500073EA4B62C7C9563720768824BCB66E717D
:10696000463F69005667FFFFFFFFFFFFFFFFFFFF86
:10697000FFFFFFFFFFFFFFFFFFFFFFFFFFFFFFFF27
:10698000FEFFFFFFFFFFFFFFFFFFFFFFFFFFFFFF18
:10699000FFFFFFFFFFFFFFFFFFFFFFFF00FFFFFF06
:1069A000FF000000010000000000000000000000E7
:1069B00000FFFFFFFFFFFFFFFFFFFFFFFFFFFFFFE6
:1069C000FF00000000FFFFFFFFFFFFFFFFBCE6FA34
:1069D000ADA7179E84F3B9CAC2FC6325516B17D1CA
:1069E000F2E12C4247F8BCE6E563A440F277037D70
:1069F000812DEB33A0F4A13945D898C2964FE342DC
:106A0000E2FE1A7F9B8EE7EB4A7C0F9E162BCE335D
:106A1000576B315ECECBB6406837BF51F5FFFFFFF5
:106A2000FF00000001000000000000000000000066
:106A300000FFFFFFFFFFFFFFFFFFFFFFFC5AC63510
:106A4000D8AA3A93E7B3EBBD55769886BC651D0688
:106A5000B0CC53B0F63BCE3C3E27D2604B574553AB
:106A6000545F544F504449522F6E72662F737562B3
:106A70007379732F6E72665F73656375726974796B
:106A80002F7372632F7574696C732F6E72665F73E8
:106A9000656375726974795F6D7574657865732E59
:106AA0006300574553545F544F504449522F7A6501
:106AB000706879722F6B65726E656C2F6576656E86
:106AC00074732E6300899A508A95019C58FC39D2C0
:106AD000C11004EE0264CE25BE00FFFFFFFF1F00C1
:106AE000FFC1FBE84C90728BE7B3518963AB232362
:106AF00000647261676F6F6E2F6C6962732F7363CE
:106B0000686564756C696E672F7372632F72656D4B
:106B10005F68616C5F6576656E745F74696D6572E0
:106B20005F677274632E6300286E756C6C29002A8F
:086B3000666C6F61742A00001D
:106B4000FFFFFFFFFF1F00001F000000000000000C
:106B50007FFE0000E4070000DD500000000100009F
:106B6000FFFFFFFF1FFF1B00BAABBABA10101010D7
:106B7000A0354D00FF000000C40900000100000026
:106B8000000000000050085000000000000000005D
:106B90000C00000000FF7F0000000000AAAAAAAAC3
:106BA0005555555500000000000000000000000091
:106BB00081FF0000310701006D000100BDFE0000F3
:106BC00000000000000000000000000000000000C5
:106BD00000000000000000000000000000000000B5
:106BE00000000000000000000000000000000000A5
:106BF0001923010000000000EFCC0100000000009C
:106C000037CD010000000000552301000000000006
:106C10003BCD01000000000000000000000000006B
:106C20000000000000000000000000000000000064
:106C30000000000000000000000000000000000054
:106C40000000000000000000000000000000000044
:106C50000000000000000000000000000000000034
:106C60000000000000000000000000000000000024
:106C70000000000000000000000000000000000014
:106C80000000000000000000000000000000000004
:106C900000000000000000000000000000000000F4
:106CA00000000000000000000000000000000000E4
:106CB00000000000000000000000000000000000D4
:106CC00000000000000000000000000000000000C4
:106CD00000000000000000000000000000000000B4
:106CE00000000000000000000000000000000000A4
:106CF0000000000000000000000000000000000094
:106D00000000000000000000000000000000000083
:106D10000000000000000000000000000000000073
:106D20000000000000000000000000000000000063
:106D30000000000000000000000000000000000053
:106D40000000000000000000000000000000000043
:106D50000000000000000000000000000000000033
:106D60000000000000000000000000000000000023
:106D70000000000000000000000000000000000013
:106D80000000000000000000000000000000000003
:106D900000000000000000000000000000000000F3
:106DA00000000000000000000000000000000000E3
:106DB00000000000000000000000000000000000D3
:106DC00000000000000000000000000000000000C3
:106DD00000000000000000000000000000000000B3
:106DE00000000000000000000000000000000000A3
:106DF0000000000000000000000000000000000093
:106E00000000000000000000000000000000000082
:106E10000000000000000000000000000000000072
:106E20000000000000000000000000000000000062
:106E30000000000000000000000000000000000052
:106E40000000000000000000000000000000000042
:106E50000000000000000000000000000000000032
:106E60000000000000000000000000000000000022
:106E70000000000000000000000000000000000012
:106E80000000000000000000000000000000000002
:106E900000000000000000000000000000000000F2
:106EA0000000000000000000B54B0100854D01000E
:106EB00077E6010071E601008FE801000548010056
:106EC000CD4D0100742400206C2400206824002093
:106ED00000000000000000000000000000000000B2
:106EE00000000000000000000000000000000000A2
:106EF0000000000000000000000000000000000092
:106F00000000000000000000000000000000000081
:106F10000000000000000000000000000000000071
:106F20000000000000000000000000000000000061
:106F3000000000000000000000000000002500200C
:106F4000B9ED0100BFED0100C1ED0100E7ED010069
:106F5000C5ED0100F1ED0100CBED0100FDED0100FB
:106F6000D1ED010003EE0100DDED0100E1ED0100D6
:106F7000D3ED0100D9ED0100EDED0100F7ED0100C9
:106F8000E410040001000101010300001E001E02C4
:106F90000000000000000000020060007E00E00130
:106FA0000300000000000000000000009DA303009B
:106FB00000000000000100000000000000000000D0
:106FC00000000000000000000000000000000000C1
:106FD00000000000000000000000000000000000B1
:106FE00000000000000000000000000000000000A1
:106FF0000000000000000000000000000000000091
:107000000000000000000000000000000000000080
:107010000000000000000000000000000000000070
:107020000000000000000000000000000000000060
:107030000000000000000000000000000000000050
:107040000000000000000000000000000000000040
:107050000000000000000000000000000000000030
:107060000000000000000000000000000000000020
:107070000000000000000000000000000000000010
:107080000000000000000000000000000000000000
:1070900000000000000000000000000000000000F0
:1070A000B95C0200000000000000000000000000C9
:1070B00000000000000000000000000000000000D0
:1070C00000000000000000000000000000000000C0
:1070D00000000000000000000000000000000000B0
:1070E00000000000000000000000000000000000A0
:1070F0000000000000000000000000000000000090
:10710000000000000000000000000000000000007F
:10711000000000000000000000000000000000006F
:10712000000000000000000000000000000000005F
:10713000000000000000000000000000000000004F
:1071400000000000000000001CFE03000000000022
:107150000000000099FC0200000000000001000097
:10716000000000000000000000000000000000001F
:10717000000000000000000000000000000000000F
:107180001B8D03008DFD010029FF010001FF01009F
:1071900000000000000000006DFF01000000000082
:1071A00000000000000000004DFF01000000000092
:1071B000C5900300E91802004F9F0300259F0300BC
:1071C000000000006D170200000000004B9D03004E
:1071D000412704000000080000000000000000003B
:1071E00000000000C11A02000000000000000000C2
:1071F0006327040000001200FC11040000000000DE
:1072000077A0030000000000000000000000000064
:10721000D0120400060001003D3B02000000000007
:1072200000130400090000007DA30300000000001B
:107230004813040001003F00A5A303000000000064
:1072400000000000000000000944020000000000EF
:10725000000000008932040000001400000000005B
:107260004D48020000000000000000000000000087
:107270006DA90300000000000000000000000000F5
:10728000614E02000000000000000000000000004D
:10729000856F0200000000000000000000000000F8
:1072A000516E02000000000000000000000000001D
:1072B000797B0200000000000000000000000000D8
:1072C0006174020000000000000000008C28002013
:1072D0008C2800200000000000000000BD8B020090
:1072E000D199020065B80300000000000000000012
:1072F000C591020083B60300B5B50300518A0200B0
:10730000000000000000000000000000000000007D
:10731000000000000000000019B50200000000009D
:10732000000000005BBE0300000000000000000041
:10733000000000007C1C040000000200881C040007
:1073400000000A00981C040000002000000000005B
:1073500000000000000000000000000035BB03003A
:1073600000000000AC1C040000000200B81C040077
:1073700000000200C41C0400000002003C290020A0
:107380003C29002000000000000000000E0000006A
:107390005029002050290020DDC302000000000019
:1073A00000000000000000003C1904000100000083
:1073B000702900207029002000000000010000005A
:1073C0008029002080290020882900208829002089
:1073D00000000000010000009829002098290020EA
:1073E000000000000000000000000000000000009D
:1073F000000000000000000000000000000000008D
:107400000000000044FE0300000000000000000037
:10741000556400204D64002071E702000000000068
:10742000FF0000000090D0030000000000000000FA
:10743000000000000000000000000000000000004C
:10744000000000000000000000000000000000003C
:10745000000000000000000000000000000000002C
:10746000000000000000000000000000000000001C
:10747000000000000000000000000000000000000C
:1074800008000000FF0000000000000002000000F3
:1074900000000000000000000000000000000000EC
:1074A00000000000000000000000000000000000DC
:1074B00000000000000000000000000000000000CC
:1074C00000000000000000000000000000000000BC
:1074D00000000000000000000000000000000000AC
:1074E0000000000000000000000000000400000098
:1074F0000F0000000000000001000000000000007C
:107500000000000067000000000000000000000014
:10751000000000000000000000000000000000006B
:10752000000000000000000000000000000000005B
:10753000000000000000000000000000000000004B
:10754000000000000000000000000000000000003B
:1075500000000000142B0020142B0020F7DD030096
:10756000F3DD03008BFB030067742000E02B002099
:107570001C2C0020082C0020D02C0020C02C002027
:10758000F42B0020302C0020B1FA0300B5FA0300E0
:10759000C1FA030023D1BCEA5F782315DEEF121293
:0775A00023150000060101A4
:1075A70000000000000000000000000000000000D4
:0675B700000000000000CE
:1075C000802B0020802B00200000000078F100209C
:1075D000000000000100000030000000000000007A
:1075E000A02B0020A02B00200000000078810020AC
:1075F0000000000001000000B800000000000000D2
:10760000C02B0020C02B002000000000A8F10020AB
:1076100000000000030000001C000000000000004B
:10762000E02B0020E02B0020000000000000000004
:107630000E000000F42B0020F42B002000000000BE
:10764000000000000E000000082C0020082C002084
:1076500000000000000000000E0000001C2C0020B4
:107660001C2C002000000000000000000E000000A4
:10767000302C0020302C0020000000000000000012
:107680000E000000442C0020442C002000000000CC
:10769000000000000E000000582C0020582C002094
:1076A00000000000000000000E0000006C2C002014
:1076B0006C2C002000000000000000000E00000004
:1076C000802C0020802C0020000000000000000022
:1076D0000E000000942C0020942C002000000000DC
:0876E000000000000E00000094
:1076E800A82C0020A82C002000000000FFFFFFFFAE
:0876F800B82C0020B82C002082
:10770000C02C0020C02C0020000000000000000061
:10771000D02C0020D02C0020000000000000000031
:10772000000000000000000000000000EC2C002021
:0C773000EC2C0020F42C0020F42C002095
:10773C00000000000000000000000000082D0020E8
:10774C00082D0020102D0020102D0020000000001E
:10775C00030003001000000000000000FC140400F3
:10776C0090EA002000000000000000000000000073
:10777C003C2D00203C2D0020442D0020442D0020C9
:10778C000000000003000300100000000590020040
:10779C00A415040000F1002000000000000000000F
:1077AC0000000000702D0020702D0020782D00208E
:1077BC00782D0020000000000300030001000000F1
:1077CC0000000000C813040038E200200000000094
:1077DC000000000000000000A42D0020A42D0020BB
:1077EC00AC2D0020AC2D0020000000000100010099
:1077FC001000000045720200EC14040074E4002038
:10780C00000000000000000000000000D82D002047
:10781C00D82D0020E02D0020E02D002000000000DD
:10782C00020002000100000000000000B814040077
:10783C003CE40020000000000000000000000000FC
:10784C000C2E00200C2E0020142E0020142E0020B4
:10785C00000000000A000A0006000000C54A0200F1
:10786C00B81304006CE000200000000000000000D1
:10787C0000000000402E0020402E0020482E00204A
:10788C00482E002000000000040004000800000046
:10789C0000000000501304001CCC0020000000006D
:1078AC000000000000000000742E0020742E002048
:1078BC007C2E00207C2E0020000000000100010026
:1078CC000100000000000000D813040090E3002029
:0478DC0015E015E0BE
:04000003200021199F
:00000001FF
