:10000000A05600205D210000D979000049210000A0
:100010004921000049210000492100004921000038
:100020000000000000000000000000002D22000081
:100030004921000000000000492100004921000082
:100040008123000081230000812300008123000020
:100050008123000081230000812300008123000010
:100060008123000081230000812300008123000000
:1000700081230000812300008123000081230000F0
:1000800081230000812300008123000081230000E0
:1000900081230000812300008123000081230000D0
:1000A00081230000812300008123000081230000C0
:1000B00081230000812300008123000081230000B0
:1000C00081230000812300008123000081230000A0
:1000D0008123000081230000812300008123000090
:1000E0008123000081230000812300008123000080
:1000F0008123000081230000812300008123000070
:10010000812300008123000081230000812300005F
:10011000812300008123000081230000812300004F
:10012000812300008123000081230000812300003F
:10013000812300008123000081230000812300002F
:10014000812300008123000081230000812300001F
:10015000812300008123000081230000812300000F
:1001600081230000812300008123000081230000FF
:1001700081230000812300008123000081230000EF
:1001800081230000812300008123000081230000DF
:1001900081230000812300008123000081230000CF
:1001A00081230000812300008123000081230000BF
:1001B00081230000812300008123000081230000AF
:1001C000812300008123000081230000812300009F
:1001D000812300008123000081230000812300008F
:1001E000812300008123000081230000812300007F
:1001F000812300008123000081230000812300006F
:10020000812300008123000081230000812300005E
:10021000812300008123000081230000812300004E
:10022000812300008123000081230000812300003E
:10023000812300008123000081230000812300002E
:10024000812300008123000081230000812300001E
:10025000812300008123000081230000812300000E
:1002600081230000812300008123000081230000FE
:1002700081230000812300008123000081230000EE
:1002800081230000812300008123000081230000DE
:1002900081230000812300008123000081230000CE
:1002A00081230000812300008123000081230000BE
:1002B00081230000812300008123000081230000AE
:1002C000812300008123000081230000812300009E
:1002D000812300008123000081230000812300008E
:1002E000812300008123000081230000812300007E
:1002F000812300008123000081230000812300006E
:10030000812300008123000081230000812300005D
:10031000812300008123000081230000812300004D
:10032000812300008123000081230000812300003D
:10033000812300008123000081230000812300002D
:10034000812300008123000081230000812300001D
:10035000812300008123000081230000812300000D
:1003600081230000812300008123000081230000FD
:1003700081230000812300008123000081230000ED
:1003800081230000812300008123000081230000DD
:1003900081230000812300008123000081230000CD
:1003A00081230000812300008123000081230000BD
:1003B00081230000812300008123000081230000AD
:1003C000812300008123000081230000812300009D
:1003D000812300008123000081230000812300008D
:1003E000812300008123000081230000812300007D
:1003F000812300008123000081230000812300006D
:10040000812300008123000081230000812300005C
:10041000812300008123000081230000812300004C
:10042000812300008123000081230000812300003C
:10043000812300008123000081230000812300002C
:10044000812300008123000081230000812300001C
:10045000812300008123000081230000812300000C
:1004600081230000812300008123000081230000FC
:0C04700081230000812300008123000094
:10047C0053B94AB9002908BF00281CBF4FF0FF31FF
:10048C004FF0FF3000F00CB8ADF1080C6DE904CE64
:10049C0000F008F8DDF804E0DDE9022304B0704751
:1004AC00704700BF2DE9F04786468C460846089EEB
:1004BC00154674461946002B40F0C1808542B2FAAD
:1004CC0082F245D94AB1C2F1200300FA02FC9540F0
:1004DC0094402EFA03F343EA0C0C4FEA154EA8B2E3
:1004EC00230CBCFBFEF80EFB18CC08FB00F943EA0E
:1004FC000C43994528D9EB1808F1FF3704D29945DC
:10050C0002D9A8F102072B44A3EB0903A4B2B3FB55
:10051C00FEFC0EFB1C330CFB00F044EA0344A0422F
:10052C0014D92C190CF1FF3304D2A04202D9ACF12E
:10053C0002032C44241A43EA07401EB1D440002382
:10054C0034607360BDE8F0874746DDE76346F1E74A
:10055C0092BB431B01214FEA154EAFB2200CB3FBEB
:10056C00FEFC0EFB1C330CFB07F840EA03439845DA
:10057C0061D9EB180CF1FF3004D2984502D9ACF1DB
:10058C0002002B44A3EB0803A4B2B3FBFEFC0EFB4E
:10059C001C330CFB07F744EA0344A7424DD92C1932
:1005AC000CF1FF3304D2A74202D9ACF102032C4464
:1005BC00E41B43EA0040C0E7C2F12003954094409D
:1005CC0020FA03F12EFA03F34FEA154E9040AFB226
:1005DC000343B1FBFEFC0EFB1C10190C0CFB07F8C3
:1005EC0041EA0041884522D969180CF1FF3004D248
:1005FC00884502D9ACF102002944A1EB08019BB259
:10060C00B1FBFEFC0EFB1C110CFB07F743EA01438C
:10061C009F420ED9EB180CF1FF3104D29F4202D944
:10062C00ACF102012B44DB1B41EA004193E760462D
:10063C00E3E76146F7E76046A4E76346B8E7834221
:10064C0006D916B9002108467CE7C6E900E0F9E7AF
:10065C00B3FA83F78FB9834201D3724508D8BEEB46
:10066C00020460EB030301209C461EB9002169E7DC
:10067C003846FAE7C6E9004CF8E7C7F1200CBB4056
:10068C000EFA07F522FA0CF42EFA0CF1BA401C43C0
:10069C0020FA0CF3B8404FEA144901431FFA84FEC8
:1006AC00B3FBF9F809FB18300B0C08FB0EFA43EA04
:1006BC0000439A4540D9E31808F1FF3004D29A451B
:1006CC0002D9A8F102002344A3EB0A0389B2B3FBBD
:1006DC00F9F809FB183308FB0EFE41EA03418E457D
:1006EC002CD9611808F1FF3304D28E4502D9A8F138
:1006FC000203214443EA0040A1EB0E01A0FB029847
:10070C004145CE46434602D306D14D4504D201386D
:10071C00B9EB020E68EB0403002EA7D0B5EB0E026A
:10072C0061EB030101FA0CFC22FA07F3F9404CEAE5
:10073C000303C6E9003199E74046C5E74346D9E7CC
:10074C0070B54921264886B007F09DF806F086FC66
:10075C0003A800F073FC234B1B68834204D0452193
:10076C00214807F090F8FEE7059A49211F4807F049
:10077C008AF803991E480A7D4B7DC98A009149214C
:10078C0007F081F849211B4807F07DF802A99DF874
:10079C00100000F033F8029B059C1C44039B1D8940
:1007AC0000F0B0FF661900F091FF07F089F901F035
:1007BC00FFFF01F0FDFC002383F30B8883F30A8811
:1007CC00625982F3088883F31488BFF36F8FBFF3E9
:1007DC006F8F736898474521074807F054F8FEE778
:1007EC0072BA0000700200208BBA0000AEBA000092
:1007FC00DDBA0000FBBA000020BB0000024608B5C1
:10080C0038B105480023452107F03DF86FF015007D
:10081C0008BD0860FCE700BF43BB000021B1012903
:10082C0006D06FF015007047044B53F8300070473A
:10083C00024B03EBC0035868704700BF28A20000AE
:10084C0010B5044606F00BFC2046BDE810400149EB
:10085C0007F03FBE0B0000022DE9F04F9B46ADF5B3
:10086C00517D7F4B03903DA8DDE9DB890E46144694
:10087C00DD9F1D68FFF7E4FFB8F1000F07D0B9F159
:10088C00000F04DD4A4641463DA807F042FE4FF0FA
:10089C00000833897289D6F80CA013449A44C245D7
:1008AC006AD8002340222D931DA92DAB3DA807F03B
:1008BC0044FE3DA807F002FE27B1402238461DA990
:1008CC0007F0E7F800232246009331464FF6FF73FA
:1008DC0007A806F0CDFB074600285DD121460398FA
:1008EC000C9E00F05BF9864256D84FF0FF36DFF8CD
:1008FC0074B1DFF874A10DF1120304AA05A907A8BD
:10090C0006F004FC002847DB40F0A380059907A8FB
:10091C0006F048FC50B94FF6FF71BDF81200534A6F
:10092C0032F8023B8B4237D09842F9D1BDF81230E5
:10093C00122B3BD0242B6ED0012BDCD1BDF8103008
:10094C00402B29D8204605990DAA06F0AAFF064689
:10095C0010BB9DF81080B8F1400F0AD8DAF80030BF
:10096C00DFF80C910393039B3DA89E4235DB07F007
:10097C00A5FD4FF0FF36BEE7DA9BAAEB08099945B7
:10098C0028BF99465A464B464146204606F089FFF9
:10099C0028B13DA807F092FD314B1D685BE04A463B
:1009AC0059463DA807F0B5FDC84478E7BDF810706E
:1009BC00402FF1D13B46204605990DAA06F071FF58
:1009CC000028E9D13A460DA91DA806F0F9FBDBF881
:1009DC0000308342E0D101278DE7FFF731FFD9F8D2
:1009EC0004303DA81A6859F8081B07F092FD002343
:1009FC00402206932DA906AB3DA807F09EFD42466A
:100A0C000DA92DA807F035F818B93DA807F056FD2B
:100A1C0071E70136A7E7731C3FF46DAFDAF80030CD
:100A2C00B342A6DDBDF81050402DB5D12B46204663
:100A3C0005990DAA06F035FF0028ADD1F6B229466E
:100A4C00BDF8103000960DAA1DA800F05FF8054601
:100A5C008FE7002FA0D028460DF5517DBDE8F08F13
:100A6C00440000207002002030A2000044BA0000B4
:100A7C0034A20000F0B5214C0E4654F8331004EBB0
:100A8C00C30489B063680091054618681746014491
:100A9C003023684601AA06F08FFD18B1184B186870
:100AAC0009B0F0BDDDE900431C442146684605ABA6
:100ABC0002AA06F0A9FD0028F0D1039A032AEDD171
:100ACC001049049806F0D5FF0028E7D12146684666
:100ADC0001AA06F085FD0028E0D1DDE90032991865
:100AEC008C42DBD1202AD9D13A463146284600F037
:100AFC0097FD0028D2D0044BD1E700BF34A20000F0
:100B0C004400002069BB00007002002010B5064CA8
:100B1C004029246806D1402B04D19DF80830FFF7FA
:100B2C00A9FF0446204610BD44000020094A40009D
:100B3C000B7852F820108B4209D0013052F820006B
:100B4C00834214BF4FF0FF304FF4407070474FF4A6
:100B5C00407070473CA200001FB5582303FB0100F6
:100B6C00046A1023A1686A462046103906F099FEE3
:100B7C00034640B122784521064806F084FE002445
:100B8C00204604B010BD10226846034906F071FFE0
:100B9C00F6E700BF6DBB000062BA000013B5084653
:100BAC000C4606F014FB6A460146204606F03DFA58
:100BBC0030B10448452106F066FE002002B010BD9D
:100BCC000098FBE799BB00002DE9FF412C2707FBA0
:100BDC0001073D6A0446284690460E4606F0AAFEDA
:100BEC007B1EFA1C13F8011F814224D19A42F9D1C1
:100BFC00BEB12946204606F0DCFB98F80730042BE2
:100C0C000AD12046216A06F0D4FB024648B9492194
:100C1C00224806F038FE04E0002002F057FB0428BE
:100C2C00EFD01F4B186804B0BDE8F0811D4B18685D
:100C3C0025E01D4A2FE02C237343E1180869C206F6
:100C4C00D6D4E258194B9A42F0D1CA680B899B183A
:100C5C00ECD24A89D218E9D2AB689A42E6D240F675
:100C6C000C630340E2D1CDE9023301934FF480735E
:100C7C002A460093394620460D4BFFF7EDFD0D4BF0
:100C8C001B688342CFD0002ED3D0AA6800212846FF
:100C9C0006F031FE084A45210848BAE7E6BB0000D9
:100CAC004000002044000020D4BB00003DB8F39667
:100CBC00981D002070020020DCBB000025BC000049
:100CCC0073B50D46002104462846CDE9001106F007
:100CDC002FFB28B323681A4EB34203D1204601AA36
:100CEC0006F09DFAE36AB34204D16A46012120461C
:100CFC0006F095FADDE90032934288BF0193019B1F
:100D0C00AB60019A2946204600F092FB0D4B1A6805
:100D1C00002A03DD57210C4806F0B5FD02B070BD6A
:100D2C0001462046FFF718FF064605F1080106F0BC
:100D3C0059FAAB683046019306F0B2FDE1E700BF0B
:100D4C003DB8F396D41600204DBC00002DE9F04BB5
:100D5C000E46904699460024099FDFF844B0BC42E9
:100D6C0001D300200EE03D1BB5F5806F28BF4FF47A
:100D7C00806530462B460A4A04EB090106F091FDCA
:100D8C0010B10120BDE8F08B08992B465A4640461D
:100D9C00611806F09BFD0028F3D12C44DFE700BF5F
:100DAC0074020020F0B50E4600219B4B04464362B2
:100DBC0003F50063036589B00846FFF72FFD04F1C6
:100DCC0020010546C0B201F027F80346E8B901211D
:100DDC00FFF724FD04F14C010546C0B201F01CF8EC
:100DEC000346E0B9204606F078FA0546C8B9002259
:100DFC002046114606F05BFA054668B300225721DF
:100E0C00864806F040FD01239FE00022CDE9002337
:100E1C00452100232A46824806F035FDFEE70122D3
:100E2C00F4E74FF4807257217E4806F02CFD012325
:100E3C009D4284F85830DAD194F85830042B8DF850
:100E4C00173000F28580012B00F2898000F09C8025
:100E5C00FF2384F8583097E0204600F0F1F9002881
:100E6C00D1D004A806F05BFA0146204606F0EDFA54
:100E7C0018B12A4657216C48C3E704A806F058FA63
:100E8C0080F0010104AA2046C9B206F010FA02460D
:100E9C000028B3D104A806F04BFA054660BB2046E7
:100EAC0004A9FFF70DFF9DF8173084F85830033B69
:100EBC00012B06D8284600F0E7F810B1FF2384F880
:100ECC0058309DF81730023B022B0BD8002000F055
:100EDC00C5F838B1FF2384F858304521534806F043
:100EEC00D2FCFEE794F85830FF2BF6D000222046B7
:100EFC00114606F0DCF986E79DF81770012F18D122
:100F0C00104602F0E3F9831E022B05460ED8394633
:100F1C00204604AAFFF758FE454B1B68984205D0A3
:100F2C00444B1D68A84214BF0525012584F8585070
:100F3C0082E70121204604AAFFF746FE3C4B1B68C2
:100F4C00984214BF05239DF8173084F8583073E786
:100F5C00052B7FF47DAF002000F096F811E02046C1
:100F6C0004A9FFF7ADFE94F85830DA1E012A14D804
:100F7C00002000F089F800287FF46AAF002000F010
:100F8C006DF800287FF464AF94F85830FF2B07D12C
:100F9C004521264806F077FCFEE7022BF4D1EDE75D
:100FAC000022012B244D039214D01146204606F04A
:100FBC007EF978B12D68102200210DEB020006F0AD
:100FCC0073FDE06C06F06CFC206A06F069FC2846A8
:100FDC0009B0F0BD002220461146FFF7F5FD144F75
:100FEC003B689842E6D12B689842E3D0114B1B68C2
:100FFC009842DFD0039B01330393039B012B00D05A
:10100C00FEE7206A06F00FF83071236A5B683460E3
:10101C003D68B360CFE700BF740600200BBD000035
:10102C007CBC0000C9BC000037BD000061BD0000E5
:10103C0070020020400000204400002038B5064D0E
:10104C00044660220021284606F02EFD2146284643
:10105C00FFF7A8FE38BD00BF7416002013B5094B6E
:10106C0001A913F8300000F0D7FE48B9019806F03A
:10107C00B7FF0446019806F013FC204602B010BDE1
:10108C000124FAE744A200001FB50F4B01A913F885
:10109C00300000F0C1FEA8B9019802A902F0C0F816
:1010AC00044668B99DF80B30032B03D1019806F068
:1010BC0065FF0446019806F0F3FB204604B010BD12
:1010CC000124F7E70124F8E744A200002DE9F341DD
:1010DC0006460C4617461D460BB9002121E0184662
:1010EC0006F026F901460028F7D13046FFF734FD0B
:1010FC0018B9012002B0BDE8F08101A906F072F820
:10110C000028F6D10199304606F0EDF9736A59685A
:10111C006B79012B18D1002CDFD12B68834298BF3F
:10112C0000212C2303FB04663A462023306A06F088
:10113C00B8FB0028DDD1002DDCD038680D4BC01A6F
:10114C0018BF4FF0FF30D5E7022BC6D12B68012B0F
:10115C0005D98342C1D8B4FA84F46409BDE7BCD183
:10116C00002CDED0012CB8D12C79023C18BF012404
:10117C00B3E700BF3DB8F3962DE9F04F07460C4698
:10118C0085B0014600201646FFF7D0FC051E51DB4A
:10119C003846E46D06F01BF85FFA84F94FF0000A4C
:1011AC004FF0010B4FF0FF346B1E09FB03089DB988
:1011BC00BAF1010F03DD4521204806F064FB631CE6
:1011CC0006D0FF2C2ADC40F2011301343460B380CA
:1011DC00284605B0BDE8F08F6B1E009341460123F5
:1011EC0038460DF10F0206F05CFB031E019323DB66
:1011FC00012238460DF10F0106F05AFE019B40B159
:10120C005B4501D00AF1010A9B46009DA8EB090839
:10121C00CDE7B4F1FF3F08BF2C46F5E70223A4F558
:10122C0080747371631004F0010401330134336072
:10123C003471CDE70725CBE70125C9E76DBD00006B
:10124C00F8B5866A456D044606F03CF9AE420AD004
:10125C006B1CB34207D0834205D05721174806F0C8
:10126C0012FB0020F8BDB6F5807F19D95721144820
:10127C00F5E7626A02EBC3025768226D02EBC30208
:10128C005268974202D057210E48E8E701339D423D
:10129C00EFD1204606F002FA28B957210A48DEE7BA
:1012AC0000231F46F3E7AE4205D9636A03EBC5037F
:1012BC005B68BB42E7D10120D4E700BF90BD0000C2
:1012CC00C8BD0000F7BD000023BE000010B588B0FB
:1012DC00044604A9006A01F0A3FF9DF81020012A1E
:1012EC0040D0254B2549032A08BF0B469DF81320F7
:1012FC00492102929DF81220214801929DF811205B
:10130C000092204A06F0BFFAE06C06A901F088FFB3
:10131C009DF81820012A27D0174B1849032A08BF1B
:10132C000B469DF81B20492102929DF81A20144867
:10133C0001929DF819200092134A06F0A4FA9DF828
:10134C001030012B12D19DF81230032B0ED19DF8C9
:10135C001830012B0AD00D48492106F094FA0220CE
:10136C0008B010BD0A4BC1E7094BDAE7094849211F
:10137C0006F089FA0020F3E75CBE000065BE0000B1
:10138C0079BE00006BBE0000BABE0000CABE0000F1
:10139C0060BE0000E9BE000070B54B6814461E4AE2
:1013AC0003F0FF23934206460D4686B02FD10B68FF
:1013BC00012B2CD1204604A901F032FF9DF81020FE
:1013CC00012A26D0154B1649032A08BF0B469DF857
:1013DC001320492102929DF81220124801929DF887
:1013EC0011200092104A06F04EFA9DF81030032B93
:1013FC000DD12146304605F0DCFF204606F0BEFD3F
:10140C002046A96805F0FCFE204601F0E9FE06B076
:10141C0070BD064BDBE700BF000100045CBE0000A2
:10142C0065BE000079BE0000BABE000060BE0000C0
:10143C002DE9F04F1646054689B00C4674484921F3
:10144C0006F021FA3146284606F04DF86B6A8246C2
:10145C0020465E6805F06CFFE8B1E86D05F0B2FE61
:10146C000023AF6A013F3344984201D9013FFAE7A8
:10147C00BA4510D35721674806F005FA07FB06F367
:10148C0057210AFB0662644806F0FDF90123E3715B
:10149C0009B0BDE8F08F06A9032000F0BDFC07A938
:1014AC00062000F0B9FC21462846079AFFF774FF86
:1014BC006379012B4BD15746DFF860B141E02268CC
:1014CC00C2F1010353449F423AD86B6A012A19684E
:1014DC0053F8370003EBC70353F8083CA0EB0109A2
:1014EC00A3EB0103049311D1079B0393E368022B35
:1014FC0008D04146284605F05CFF22464146284666
:10150C0005F084FF2846039905F053FF32464946FF
:10151C00404605F04CFF049B424641462846CDE927
:10152C000096FFF713FC2146284605F00EFF2368B2
:10153C000133236020B1DBF800300133CBF80030ED
:10154C00013FDDF81880002FB9D10123236002235D
:10155C0001276371BA45DDF8189006D2484606F0AB
:10156C009FF9079806F09CF992E723689F424DD3A8
:10157C006A6AFB0052F83710083B04911168DDF8D9
:10158C001CB00391D1582A6DD0581368A0EB0308F6
:10159C002379012B38D1039B3246C91A4846059151
:1015AC0005F005FF059943464A46009128465946E1
:1015BC000196FFF7CBFB2146284605F0C6FE022319
:1015CC00237118B1154A1368013313603246414632
:1015DC00584605F0ECFEDDE9032349469B1A2846E4
:1015EC005A46CDE90086FFF7B1FB2146284605F0A7
:1015FC00ACFE2368013323600123237130B1074A09
:10160C0013680133136001E0022BDFD00137A1E72F
:10161C0000BF000029BF000058BF0000D4160020F6
:10162C002DE9F0418AB005460E46174600211C22D2
:10163C0003A81C4606F038FA03F030FD024640B110
:10164C0045211D4806F01FF9002420460AB0BDE8CC
:10165C00F08144F24213ADF80C304FF40063DFF824
:10166C005C802146CDE90538202202AB03A803F0AB
:10167C00E1FB044618B1024645211148E2E740233C
:10168C002A46CDE9007341463346029806F066FFC0
:10169C00024670B145210B4806F0F5F8029803F0AC
:1016AC009BFB02460028D0D05721074806F0EBF8E8
:1016BC00CBE70124F2E700BF89BF00000008000659
:1016CC00A9BF0000CBBF0000F9BF0000BFF36F8FB4
:1016DC0072B600234FF0FF30094A03F120010133A9
:1016EC00102B42F82100F8D100234FF0FF30044AB0
:1016FC0003F160010133102B42F82100F8D170473F
:10170C0000E100E0F8B54FF0FF3600250127184C3A
:10171C00C620C4F8086300F0A3FDE762C4F850517A
:10172C00D4F85031C4F84C51D4F84C31C4F824518D
:10173C00D4F82431C4F8005504F578344FF4827091
:10174C00C4F8086300F08CFDE762C4F85051D4F87B
:10175C005031C4F84C51D4F84C31C4F82451D4F85D
:10176C002431044BC4F80055C3F80863F8BD00BF1E
:10177C0000600C5000E01050014B1B68184700BF74
:10178C0048000020014B1860704700BF4800002043
:10179C0007B50B46002102460091034800F006F8FD
:1017AC0003B05DF804FB00BF851700002DE9F04F76
:1017BC0082464FF000098DB01D46531E01910393D4
:1017CC00039B58785C1C252819D100204FF0FF385A
:1017DC001E46444603460236029031780396392958
:1017EC0055D81F2914D8002900F0EF810199252024
:1017FC00D04701993078D04709F10209E0E7002879
:10180C0000F0E3810199D04709F101090394D7E76E
:10181C00A1F12002192AE9D801A757F822F000BF3C
:10182C0095180000F9170000F91700009518000032
:10183C00F917000015190000F9170000F91700003E
:10184C00F9170000F9170000611900009518000045
:10185C00F91700007519000021190000F917000094
:10186C002F1900004F1900004F1900004F190000EC
:10187C004F1900004F1900004F1900004F190000BC
:10188C004F1900004F19000008460136A5E75829EA
:10189C0000F0EB80A1F16302D7B2172FA6D8172A5C
:1018AC00A4D801A757F822F01D1B00009B190000BB
:1018BC00F9170000F9170000F91700007B19000058
:1018CC009B190000F9170000F91700007B190000A4
:1018DC00F9170000F9170000F9170000511A000061
:1018EC00F9170000F9170000F11A0000F9170000B1
:1018FC009B190000F9170000F9170000511A00009D
:10190C00F91700007B19000025200199D04709F137
:10191C00010955E7029A4FF0000802F0FE0202920C
:10192C00B3E7002C0DDAB8F1000F0DDA029A002A99
:10193C0000F043810A2224EAE47402FB0414303CD4
:10194C00A3E7B8F1000FF5DB0A2202FB0812A2F1A3
:10195C0030089AE7B8F1000F55F8042B80F22F816C
:10196C00002A80F22E815442022202928DE76829CD
:10197C0003D1682B06D1482387E76C2902D16C2B45
:10198C0000F02181002B7FF431AF0B467DE77A2BE1
:10199C0006D1752955F8046B14D14FF0000B0CE0EF
:1019AC006C2BF6D04C2BF4D1073525F00703752999
:1019BC0003F10805D3E9006B06D120283BD1854FF4
:1019CC00013C09E04FEAE67BBBF1000FF5DA764209
:1019DC00814F6BEB4B0B013C0DF12D030593002359
:1019EC000493304659460A220023FEF741FD059B1D
:1019FC00B446303203F8012D5A460593049BBCF1D2
:101A0C000A0F8B4672F1000203F1FF310646049176
:101A1C00E7D2C3F1010B30330DEB0306B8F1000F25
:101A2C00A6F104066DDA029BD9077DD4A8EB0B0353
:101A3C00A4EB0B0413E02B280ABF684F684F04F18A
:101A4C00FF34C9E770290FD155F8042B0023FAB9DC
:101A5C006FF004034FF0050B614F624E053C029A88
:101A6C00920770D4A04666E078216C2B03D100233A
:101A7C0055F8042B08E04C2BF9D1073525F007035A
:101A8C001D465B6855F8082B232825D1880621D5DF
:101A9C00554F023C002601F06001A1F1390B0DF10C
:101AAC002D0E02F00F01092988BF594430310EF870
:101ABC00011D102A4FEA121141EA03714FEA131C5F
:101ACC0073F1000306F1FF3008D2C6F1010B06F1E9
:101ADC003003A1E7454FDCE7414FDBE706460A46FA
:101AEC006346DEE755F8046B304605F0BBFFB8F1F2
:101AFC00000F834602DB4045A8BFC3464FF00008E9
:101B0C00374FA8EB0B03002B92DDA4EB0804A6E7E0
:101B1C0055F8043B4FF0010B8DF81830304F4FF057
:101B2C00FF33013C06AE9AE7A046EAE70293202079
:101B3C000199D047029BB8F10108F7D524EAE47269
:101B4C00013C9144A41AB84606E004930292019910
:101B5C00D047029A049B9046424612F8010B00288B
:101B6C00F3D11A46013A15D5002BACBFC7EB0307CE
:101B7C007F425B46013B15D5BBF1000FA8BF5F440C
:101B8C0026464F44013E14D5002CA8BF3F1907EB45
:101B9C00080915E60493029230200199D047049B62
:101BAC00029ADFE70293019916F8010BD047029BCA
:101BBC00E0E701992020D047E4E70122D5E69046E2
:101BCC0063E6144661E64C235FE648460DB0BDE87B
:101BDC00F08F00BF51C000004FC0000053C0000088
:101BEC00A8BF00005BC0000055C0000058C000003A
:101BFC002DE9F047058B04462807904611D402299D
:101C0C0005F0070540F0CC80204605F064FD78B166
:101C1C000138218B042811D8DFE800F0C2106D8543
:101C2C00950001290CBF45F0100545F020052583D2
:101C3C0088F31188BFF36F8FBDE8F08701F0070AB6
:101C4C00AA4500F0A5800027B9463E46A368002BA4
:101C5C0000F0BC8041F00801218388F31188BFF3A8
:101C6C006F8FA168002900F0BA800D68002900F080
:101C7C00B680334652462046D1F80480C047002D2A
:101C8C0076D02B6829461D46F0E701F007035A1F52
:101C9C00012A1BD8002221F00701062B276889B2E4
:101CAC00C4E9002209D13B4603E0628B0132628316
:101CBC001B68002BF9D141F002012046218305F06D
:101CCC000AFD00287AD041F0200176E0042B0AD1DD
:101CDC0021F0070189B22046218305F0FCFC10B1EC
:101CEC0041F020012183218B01F0070AAA454FD036
:101CFC000027B946AAE7236921F0070141F0060144
:101D0C00062DD3F8009021832DD1B9F1000F3FD0CF
:101D1C0041F00801218388F31188BFF36F8F2046AF
:101D2C003949C84729E021F00701236941F0040132
:101D3C0089B2042DD3F804902183E6D000274FF00C
:101D4C00040A3E4682E721F00701236941F00501B0
:101D5C0089B2052DD3F808902183D6D000274FF0F7
:101D6C00050A3E4672E700274FF0060A3E466DE72D
:101D7C002B4687E7B9F1000FD1D1EFF3118820235F
:101D8C0083F31288BFF36F8F238B23F00803238315
:101D9C00258BEA062ED525F01003238305F00705C5
:101DAC006669218B002EBFF670AF00232768C4E94B
:101DBC00003321F0070141F001012183218B4FF009
:101DCC00000901F0070AAA457FF440AF002F9CD010
:101DDC0041F00801218388F31188BFF36F8F002F26
:101DEC00C8D03D68394633465246204605F09FFC24
:101DFC002F46F4E7AB067FF51BAF25F020032383BA
:101E0C0005F0070500E700BF67770000014B036092
:101E1C000020704750A2000070B5104B0D461C6896
:101E2C00B4B10F4B196800238B4202DB6FF0010039
:101E3C0070BD224612F8106B864202D01446013354
:101E4C00F2E7E06806F0A8F928B100202C60EFE773
:101E5C006FF00C00ECE76FF01200E9E74C0000208B
:101E6C0050A2000010B5436888B0029383680C46FA
:101E7C00CDE9033200230A68C068CDE90623054981
:101E8C0001AA059305F0D8FE079808B9059B2360B5
:101E9C0008B010BD4F79000008B5054805F00EFCE0
:101EAC00044805F00BFCBDE80840034805F006BCEF
:101EBC0061C0000092C00000C5C0000030BFFFF739
:101ECC00FDBF00BF154B9A6A12F0007F9A6A14BFCF
:101EDC001E201D2012F0807F9A6A18BF1F2012F45A
:101EEC00801F9A6A18BF022012F4002F9A6A18BF3A
:101EFC00212012F4802F9A6A18BF222012F4003F7E
:101F0C009A6A18BF232012F4803F9A6A18BF2420C3
:101F1C006FEA02426FEA12429A62704700ED00E0EB
:101F2C0010B5194B0246986A9C6A10F4805F14BF76
:101F3C001720162014F4006F9C6A18BF1820A405F3
:101F4C0009D5986B986A000404D51AB19A6A22F4E0
:101F5C0000429A6219200C4B9A6A12F4806F9A6AAA
:101F6C0018BF1A20D2050CD49B6A13F4005F18BF5B
:101F7C001C20054A936A43F47F43936200230B7041
:101F8C0010BD1B20F5E700BF00ED00E010B51C4BA9
:101F9C000246986A9C6A10F0100F14BF1120102092
:101FAC0014F0080F9C6A18BF1220A40709D5586BAF
:101FBC00986A000604D51AB19A6A22F080029A62D5
:101FCC0013200F4B9A6A12F0010F9A6A18BF142053
:101FDC0012F0200F9A6A18BF1520D40658BF9B6ABE
:101FEC00074B9A6A920642BF5A6A22F400525A620E
:101FFC009A6A42F0FF029A6200230B7010BD00BF78
:10200C0000ED00E070B5444B06465B6800258AB0D5
:10201C00C3F3080385F31188BFF36F8F02F07F4081
:10202C00B0F17F4F11D102F00C0008280DD0100731
:10203C004CBF0E4601250022033B8DF80720032BD5
:10204C0005D8DFE803F01E5C60592E46F3E7002448
:10205C009DF807309BB92022314602A805F019FDE6
:10206C00099B002D53D0C3F3080222B96FEA532306
:10207C006FEA43230993204602A905F09DFC0AB0A0
:10208C0070BD254BDA6A9107E1D4DA6A002ADEDBEF
:10209C00DA6A5200DBD55A69B16942F480725A612E
:1020AC00BFF34F8FBFF36F8F5A6931F8021C22F4C4
:1020BC0080725A61BFF34F8FBFF36F8F4DF6027270
:1020CC00914209D09A6AD2B242B101200DF10701B6
:1020DC00FFF75CFF0446BBE73468B9E79A6A12F471
:1020EC007F4F05D001200DF10701FFF719FFF1E734
:1020FC009B6AB3F5803FAAD3FFF7E4FEEAE7002022
:10210C000DF10701E4E700200DF10701EDE723F4E1
:10211C00FF7323F00103ADE700ED00E0064B5A69B5
:10212C0042F010025A615A6942F480625A615A694B
:10213C0022F008025A61704700ED00E0EFF30880CE
:10214C00EFF3098101B57246FFF75CFF01BD00BFDB
:10215C00002080F31488BFF36F8F002080F30A886F
:10216C0080F30B880F4880F3088801F059F90020A0
:10217C000D490860BFF34F8F00F02CF8202080F33E
:10218C0011880A484FF40061401880F30988EFF376
:10219C0014800221084380F31488BFF36F8F00F082
:1021AC0097F80000A056002094ED00E0A026002037
:1021BC00002318460649D1F89020C2F30722934217
:1021CC0000DB7047C1F89830C1F8A0000133F6E786
:1021DC0000ED00E010B572B6002484F31388FFF70D
:1021EC00E7FF23464FF0FF300C4A03F12001013387
:1021FC00102B42F82100F8D100234FF0FF30074A92
:10220C0003F160010133102B42F82100F8D162B6C2
:10221C00BFF34F8FBFF36F8F10BD00BF00E100E025
:10222C001EF0040F0CBFEFF30880EFF309808169F7
:10223C0011F8021C0229FFD001B5724605F0C2FB51
:10224C0001BD00BF00B2002807DB01234109034A8E
:10225C0000F01F00834042F82130704700E100E09D
:10226C0000B200280CDB01220649430900F01F00D4
:10227C008240203341F82320BFF34F8FBFF36F8F81
:10228C00704700BF00E100E0054B420953F82220E3
:10229C00012300F01F0003FA00F01040704700BF4C
:1022AC0000E100E000B2002801F10101ACBF00F137
:1022BC006040064B4FEA4111C9B2ABBF00F561401B
:1022CC0000F00F0080F800131954704714ED00E073
:1022DC000B4A08B50B4B22F07F029A60BFF34F8F6D
:1022EC00BFF36F8FD3F8882022F47002C3F88820D4
:1022FC0002F034F902F078F900F02CF802F03AF917
:10230C000000000000ED00E0154680B506460C46C6
:10231C00002282F30B88094FA7F5205888F30B880D
:10232C0087F309884FF00000054988472046294665
:10233C001A46B04703488047FEE700BFA05600206E
:10234C00F1790000FF7900001022014B1A617047EF
:10235C0000ED00E00023202040F20F1210B5044CD9
:10236C00E1180133934281F80003F9D110BD00BF8D
:10237C0000E100E008B5EFF30583064A103B02EBE1
:10238C00C30152F8330049688847BDE8084005F09E
:10239C0024BB00BFFC9800000121024B024A0348F9
:1023AC0000F0ECB800F0022000000020E4A20000D5
:1023BC0010B50C7A0B6804F01F0223F01F031A43AC
:1023CC00CB68640923F01F03054943EA440343F037
:1023DC000103C1F89800C1F89C20C1F8A03010BDD1
:1023EC0000ED00E010B5074BD3F89030C3F3072392
:1023FC00013B984202D8FFF7DBFF10BD6FF01500D0
:10240C00FBE700BF00ED00E02DE9F04F0F4614464E
:10241C0006464FF000084D4D85B0B84580F29280CD
:10242C00D6F80490B9F1000F36D0B9F11F0F40F275
:10243C00878019F01F0F40F08380D6F800A01AF0A7
:10244C001F0F7DD1504605F0EBFA834609EB0A00CD
:10245C00013805F0E5FA834572D11BF1160F6FD0E8
:10246C005C456DDDC5F898B0D5F89C10C5F898B0F2
:10247C00D5F8A03021F01F0143F01F0AD6E9003235
:10248C001A44994202F1FF391ED1CA4508D131468E
:10249C005FFA8BF005F0CDFA08F101080C36BCE7B9
:1024AC003146C5F898B0D5F89C3022F01F0203F0E5
:1024BC001F031343C5F89C30E0B205F0BAFA10F1D3
:1024CC00160F3DD0441CE7E7C5F898B0D5F8A0200E
:1024DC00013B23F01F0302F01F021343CA45314690
:1024EC00E0B2C5F8A030E8D005F0A3FA10F1160F51
:1024FC0026D0C5F898B0D5F89C209DF808300AF184
:10250C00FF3A62F304038DF80830D5F8A0309DF83B
:10251C0008205B0863F347128DF80820D6E90032D7
:10252C001344009323F01F035344A3EB090301301E
:10253C0023F01F036946C0B20393FFF753FFBEE7B6
:10254C006FF01504204605B0BDE8F08F00ED00E0FB
:10255C000522044BC3F89420BFF34F8FBFF36F8F4A
:10256C00704700BF00ED00E0BFF35F8F0022024B0D
:10257C00C3F89420704700BF00ED00E010B5034C89
:10258C002278FFF741FF207010BD00BF981E00207D
:10259C00F0B54149414CD1F890302568C3F307237D
:1025AC009D4287B075D80020FFF7DEFF3C4BC1F889
:1025BC00C030854216D13B4C01A82570FFF726FC94
:1025CC0000250646384FAE4213D1002023783249FD
:1025DC00D1F89020C2F30722934254DBFFF7B8FFE7
:1025EC0000202FE0616801EB0011FFF7E1FE0130E4
:1025FC00DFE70199280101EB0513DA683A40B2F5DF
:10260C00001F21D0B2F5800F2BD0B2F5801F38D12E
:10261C005A689B680958013B22F01F0003440120B3
:10262C00844623F01F0340EA4C10CDE902218DF8BB
:10263C00100002A920780593FFF7D4FE00281DDABC
:10264C006FF0150007B0F0BD5A689B680958013B44
:10265C0022F01F0003444FF0020C012023F01F0353
:10266C00E1E75A689B680958013B22F01F000344BC
:10267C004FF0000C022023F01F03D4E72378013322
:10268C00237001359FE7C1F89830C1F8A0000133E1
:10269C009EE74FF0FF30D5E700ED00E0F0A2000020
:1026AC00AAFF4400981E00200000F0FF08B5024865
:1026BC0005F004F8FEE700BF02C10000014B1860F2
:1026CC00704700BF5000002008B5284A284B1A60FC
:1026DC0000F066F841F6F8732648D0F82416C1F3DA
:1026EC00080203EA5133132182F48072883201FB11
:1026FC000233214A590ADB0548BF0131C2F80419DB
:10270C00D0F820364FF47A60C3F30801C3F30943C1
:10271C00434342F21C5081F4807101F2172100FBFB
:10272C0001334FF47A701B0AB3FBF0F100FB113349
:10273C00B3F5FA7F28BF01310E4BC2F81C17D3F842
:10274C0040131C290CD1D3F84433012B08D134236A
:10275C00C2F82436D2F83C3623F40023C2F83C36B7
:10276C000122054B0020C3F8002608BD0020A1075C
:10277C006000002000C0FF000000125048B1054B63
:10278C00054A1B68B3FBF2F35843044B43F00103B7
:10279C00184770476000002040420F0010A2000054
:1027AC000122024BC3F80424704700BF002008E04C
:1027BC000022024BC3F80424704700BF002008E03D
:1027CC00084B70B5C31A0D4607499B100446594374
:1027DC004022064805F080F92B4601462046BDE80C
:1027EC0070401847EC160020B76DDBB684980000DB
:1027FC00402373B50B4C0093041B0B460D460A4942
:10280C00A41061430646094A094805F090F9011ED7
:10281C0005DA30462B4602B0BDE87040184702B0CE
:10282C0070BD00BFEC160020B76DDBB6A97B0000B5
:10283C008498000010B5EFF31184202383F31288E1
:10284C00BFF36F8F074A136823F00201DB07116097
:10285C0002D4012005F0CFFB84F31188BFF36F8FF6
:10286C0010BD00BF3C17002070B5002201210446AA
:10287C0040F20510FFF716FD0F4800F0F5FE0F4B68
:10288C00984215D100F002FF26690D49304604F03C
:10289C0071FF00280BDB012535642469084904F11C
:1028AC001C0004F067FF002801DB0020E56470BD0C
:1028BC006FF00400FBE700BFC77B00000000AD0B0E
:1028CC0018A300000C22104B014602FB0033002021
:1028DC0030B4D3E90E529863EFF31180202484F3C3
:1028EC001288BFF36F8F1C6C04F0C00444F0020418
:1028FC001C6480F31188BFF36F8F1DB12B4630BC65
:10290C000248184730BC7047EC1600208498000031
:10291C0010B4EFF31182202383F31288BFF36F8F6F
:10292C001648016841F002040460C80707D482F31A
:10293C001188BFF36F8F012010BC00F0BDBE104991
:10294C00D1F80C14C903F2D5EFF3118083F312887C
:10295C00BFF36F8F0B490B6C03F0C00343F0020302
:10296C000B6480F31188BFF36F8F82F31188BFF370
:10297C006F8F002010BCFFF7A5BF00BF3C170020D5
:10298C0000E01050EC160020F8B501220646204954
:10299C00D1E8EF3FC1E8E02F0028F9D133B91D4948
:1029AC001D484B60CB608A6004F0F7FE731E012B50
:1029BC001BD805F033FC0446C0B9184B1B78ABB1DF
:1029CC0004220546164BC3F80823154FD7F84C24A0
:1029DC00D7F84C34D20312D59B0701D0012E0ED15F
:1029EC008CB185F31188BFF36F8FF8BDEFF31185B0
:1029FC00202383F31288BFF36F8F0124E5E7284669
:102A0C0004F0FFFFE2E70422054BC3F80423ECE7D4
:102A1C00E8160020D8160020081700209B2600205E
:102A2C0000E0105008B5074805F0B6FB38B1064871
:102A3C00FFF744FE0448FEF7A5FE002008BD6FF02A
:102A4C001200FBE7D4980000592A00000A2838B578
:102A5C000446074D04D1AB680D2128465B689847A6
:102A6C00AB6803485B68E1B29847204638BD00BFAD
:102A7C00D49800000023024A0020C1E900237047CB
:102A8C0000501600004870473CA30000024B0B603E
:102A9C0001231360704700BF44A30000024B034A9C
:102AAC000020C3F80C25704700B004508000008053
:102ABC0070B5174D1446A84226D8C0F5B21303F5CD
:102ACC0080539A4220D8CAB142F20103114DC5F885
:102ADC000035A9B104F0DDFFBFF35F8FD5F81834D2
:102AEC00DB0706D4C4F308041CB10123AB60BFF3AD
:102AFC005F8F4FF40052074BC3F80025002070BDC8
:102B0C00FF2104F0D1FFE7E76FF01500F7E700BFF6
:102B1C00FF4F160000B0045010461A46084B10B573
:102B2C00994209D8C1F5B21404F58054A24203D8D5
:102B3C0004F0AFFF002010BD6FF01500FBE700BFE5
:102B4C00FF4F160038B545682B69E3B110352846A0
:102B5C0001F024FA0446B0B90146284601F0E0F928
:102B6C000B4B984211D1224628460A4901F0ACF988
:102B7C0022460121DB20FFF795FB2246012140F282
:102B8C000D10FFF78FFB002038BD6FF00400FBE742
:102B9C000000AD0B292D00002DE9F04340F2063565
:102BAC004668D00648BF0320337B02EA050558BFB0
:102BBC00C2F3401087B001F01F07B5F5837F1446B0
:102BCC0047EA43178DF8030046D00FD8062D45D0A1
:102BDC0007D8B5B1022D14D06FF0150007B0BDE8C1
:102BEC00F083B5F5807FF7D101250AE040F202228F
:102BFC00954235D0B5F5407F34D0B5F5007FEBD19B
:102C0C0004250123220303FA01F12DD573685960C1
:102C1C00326972BB5F2F07F01F034FEA571175D84B
:102C2C003C4A52F8212084F4803102EB8302D2F822
:102C3C008030C1F30041C4F3404423F4706344EA90
:102C4C00410423F00F031C4344EA800444EA0524A6
:102C5C00C2F880400020C1E70925D2E70825D0E75B
:102C6C000625CEE70525CCE7630344BF736899605E
:102C7C00CEE71036394630460DF1020201F032F93A
:102C8C0014F4403F80460CD13946304605F078FAB2
:102C9C00214B9845DED130469DF8021001F08CF99D
:102CAC00D8E74FF0000901AB3946304603AACDE90D
:102CBC000439CDE90199CDF80C9000F07BFF164B4F
:102CCC00984289D114F4003315D09DF8033084F464
:102CDC008034C4F300448DF80E3039464B463046F0
:102CEC0003AA8DF80C508DF80D4001F059F80A4BE1
:102CFC009842CDD070E7CDE9043339460DF103038A
:102D0C00304603AA039300F055FFF0E7203352F846
:102D1C002330FFDE4CA300000000AD0B4209022A59
:102D2C00034670B503D0012A18D0CAB170BD0E4E3F
:102D3C00326951680029F9D0012503F01F030C6892
:102D4C009D400029F2D08A682A4002D030464B6858
:102D5C0098473CB1236821461C46F2E7034EE7E74F
:102D6C00034EE5E72346F6E7C0980000AC98000058
:102D7C0098980000F0B5406801F01F04057B87B0FF
:102D8C0044EA45140569002D63D0B2F5001F00F12B
:102D9C00100506D12146284605F0F4F9002007B0AD
:102DAC00F0BD0027B2F5800F01AE019777603BD1E3
:102DBC00B3F1007F14BF052304238DF804300023E6
:102DCC00CDE904630393836823FA01F111F0010147
:102DDC001CD1B2F1A07F19D104F01F035F2C4FEA74
:102DEC00541003F120033AD81E4A52F8202052F80E
:102DFC002330DB070AD40DF1030632462146284660
:102E0C0001F070F8184B984219D0029621462846CA
:102E1C0003AA00F0CFFE154B98421DD1012221468A
:102E2C00284601F0E1F8B9E7B3F1C06F05D0B3F172
:102E3C00007F14BF01230223BFE70323BDE7314604
:102E4C00284601F0C5F8094B9842DED06FF00B0014
:102E5C00A5E76FF08500A2E76FF015009FE751F82A
:102E6C002330FFDE4CA300000400AD0B0000AD0BC3
:102E7C00036803F01F025F2B02604FEA53129ABFE4
:102E8C00024B53F822000020704700BFA0A30000A3
:102E9C002DE9F04F1546064640F2FF18DFF83C913D
:102EAC00DFF83CA185B000EB8101B14203D10020D9
:102EBC0005B0BDE8F08F3368C3F3C322082AC3F30F
:102ECC00080400F284801B0E444508BF4FF0FF3409
:102EDC0019F80270192B7DD8DFE803F00D1C476040
:102EEC004A50607C7C7C7C7C7C7C7C7C7C7C7C7C90
:102EFC007C7C636D7073C5F80446621C3CD04FF04B
:102F0C00010B03A80394FFF7B3FF039B0BFA03F326
:102F1C00436005E0C5F80C46601C2DD04FF0000B4B
:102F2C005A463368039403F40040002818BF00226B
:102F3C0003A818BF4FF0010B01930092FFF798FF05
:102F4C00039C019B00EB8400D0F88040C3F3412C20
:102F5C00009A3B0243EA8C03134304EA0A0423431A
:102F6C0043EA4B03C0F8803006E0C5F81046C4E7CE
:102F7C00631CC5F8004627D1043696E7601CC5F8DB
:102F8C000446F9D04FF0010B03A80394FFF770FF30
:102F9C000122039B02FA03F38360C2E7C5F80846DB
:102FAC00BAE7C5F86045621C3368E5D0C3F300434B
:102FBC00002BE7D0A3E7C5F86445F4E7C5F86845EE
:102FCC00F1E7C5F86C45EEE74FF0000BDCE76FF06E
:102FDC0015006DE76FF085006AE700BF5CC100006B
:102FEC00F0F0FCFF2DE9F04104460D46476805F072
:102FFC0015F980B9254B1B786BB14FF0200864266E
:10300C0063681B68D3F830316BBB012004F0F1FF0F
:10301C00013EF5D1F3E72021EFF311831A4681F33A
:10302C001288BFF36F8F60680068D0F8300120B948
:10303C0083F31188BFF36F8FEEE77B6A00201D705E
:10304C006368796A1B68C3F83C170121C3F8401701
:10305C00C3F83001D3F83001196582F31188BFF33E
:10306C006F8FBDE8F081EFF311831A4688F3128855
:10307C00BFF36F8F61680968D1F830110029DCD17A
:10308C0083F31188BFF36F8FB9E700BF9B26002035
:10309C0073B514461D46684601F06EF8009BA342BA
:1030AC00019BAB4114D30B4AD2E90061A41B24F061
:1030BC001F0365EB010064099B1941EB000144EA15
:1030CC00C060C2E9003102B0BDE8704001F0D6BA70
:1030DC0002B070BDE001002010B500220121E420F7
:1030EC00FFF7E0F8134A0020D2F8183723F44033E6
:1030FC0043F40033C2F8183701F070F80E4B044655
:10310C00984208D101200D4901F0F6F8A04205D0F3
:10311C000B4B98420AD04FF0FF3010BD6722094B81
:10312C0002201A60FFF730FC0020F6E76FF00B006E
:10313C00F3E700BF00200E500000AD0B5C00002038
:10314C000200AD0B6C17002007B5684601F014F8AF
:10315C000098074AD2E90032C01A019B4FEA50107E
:10316C0063EB020340EAC36003B05DF804FB00BFED
:10317C00E00100207FB5431C18BF20EAE07502A8CF
:10318C0008BF6FF0004500F0F7FF02990E4B2020AE
:10319C00D3E900268C1A039961EB06032146C5FB83
:1031AC000013402973F1000436BF014621F01F01C2
:1031BC00002352184FF0010146EB03030091034822
:1031CC0001F0FEF804B070BDE001002054000020B6
:1031DC004FF40061014801F0DFBB00BF9B1E0020D3
:1031EC0030B5816885B0103921F00F04054604F024
:1031FC00A1FB10220146684604F056FC10226846DA
:10320C00064904F046FC10236A462146284604F081
:10321C005DFB003818BF012005B030BD62BA00005C
:10322C0030B50D46816887B0102302AA10390446C8
:10323C0004F037FB002802DA012007B030BD102261
:10324C00204602A904F034FE00283AD110221E496F
:10325C0002A804F00EFC00280CBF012302232B70E3
:10326C00204604F011FE012301460DF10702204611
:10327C0004F017FB0028DFDB9DF80730204603F035
:10328C000F021B096A702B7101220DF1070104F06A
:10329C000FFE10B96B78042B03D901236B7000233C
:1032AC002B71A2682046203A22F00F02103AA91C7A
:1032BC0004F011FE0028BFD12046E91C04F065FE85
:1032CC00BBE70323CBE700BF62BA0000F0B5354F74
:1032DC0085B046000546694657F8260004F05BFEAB
:1032EC00044610B1FF2005B0F0BD013657F826009A
:1032FC0002A904F050FE012837D12A4649212A4858
:10330C0004F0C1FA294B8DF80C40029300229DF871
:10331C0000609DF80870264C3146207804F0BAFD08
:10332C0050B33946607804F0B5FD28B3A378042B6C
:10333C0003D09DF8031099421ED1E378042B03D0DF
:10334C009DF80B10994217D12379042B10D1627977
:10335C00022A1DD1174B18482A46492104F093FA2A
:10336C006079831E022BBED9BCE70028CED0B9E70A
:10337C009DF802109942EAD00132032A04F10604A6
:10338C00CAD10E482A46492104F07DFA0120AAE749
:10339C00032A05D00A4B0B49042A08BF0B46DAE76F
:1033AC00094BD8E7FCA3000093C100000301030301
:1033BC0028C2000075C10000DEC1000002C200007E
:1033CC007AC100008CC1000070C10000064BD3F81C
:1033DC0040231C2A05D1D3F84403431E58425841BC
:1033EC0070470020704700BF00C0FF0003689A07B9
:1033FC000CD50368DB070DD50922074BC3F80C2548
:10340C000F22C3F8042501221A60FEE7034B036068
:10341C00EF3B0360704700BF00801050F000FA5083
:10342C00012208B5334B3448C3F80028FFF7DEFF00
:10343C000830FFF7DBFF0830FFF7D8FF0830FFF745
:10344C00D5FF00F5F470FFF7D1FF2C4AD2F88C3081
:10345C0043F44063C2F88C300022D30003F57F03A1
:10346C0003F54043D3F8001401310AD0D3F800140B
:10347C0039B1D3F800140132D3F80434402A0B606C
:10348C00EBD11C4BD3F840247AB3FFF79FFF48B124
:10349C001B4BD3F834231B4B9A429EBF154B1A4A35
:1034AC00C3F84026FFF792FF18B1184B184AC3F81F
:1034BC00AC27FFF78BFF48B134220E4BC3F8242600
:1034CC00D3F83C2622F40022C3F83C260323114AED
:1034DC000A49C2F81835D1F88C3043F44063C1F86E
:1034EC008C300023C2F8A03508BDC822C3F8402494
:1034FC00CBE700BF0000125000C50D5000ED00E0FE
:10350C0000C0FF00001D0A1840E0A91E00A00850D2
:10351C0078000A0400B0045030B50468ACB1B4FAB9
:10352C0084F30122C3F11F03DBB29A4024EA0202A6
:10353C00D0E8EF5FA54204D1C0E8EC2FBCF1000F3E
:10354C00F6D1EAD102480B7030BD0248FCE700BF4F
:10355C000000AD0B0200AD0B10B50368CB40DB07D0
:10356C0010D401238B40026843EA0201D0E8EF4FEC
:10357C00944204D1C0E8EC1FBCF1000FF6D1F2D19B
:10358C00014810BD0148FCE70000AD0B0400AD0B79
:10359C00F7B5064648B3012825D104224FF48073B1
:1035AC0071202F490024C1F80803012002F1A04228
:1035BC0003F1A04303F5871302F5871210601C601A
:1035CC001B68284BD3F840331C2B13D0864201D1F7
:1035DC000DF10704002342F21075214F8DF80730CE
:1035EC0066B1012E28D003B0F0BD14224FF48473C1
:1035FC000420D6E7012EEDD1CE60E9E7D7F84C34A4
:10360C0003F480333CB9002BEDD0012004F0F1FC25
:10361C00013DF3D1E7E7D7F84C2402F00302227006
:10362C00002BE0D09DF80730002BDCD1012004F0FA
:10363C00E0FC013DD4D1D6E7D7F80C3403F4803349
:10364C003CB9002BCFD0012004F0D3FC013DF3D1C9
:10365C00C9E7002B0CBF012300232370E2D1C2E782
:10366C0000E0105000C0FF00054B1A792AB95A71BE
:10367C00012218601A71034870470348704700BF55
:10368C00701700200000AD0B0C00AD0B08B5084BFB
:10369C001B6843B140F20510FEF7F6FD18B940F275
:1036AC000510FEF7CFFD0022024BC3F8402408BDE5
:1036BC007017002000E0105010B510B1012842D056
:1036CC0010BD314BD3F84C14D3F84C24CC0321D57A
:1036DC00900702D00020FFF75BFF00222A4B04204A
:1036EC00C3F8402410224FF48473002103F1A0434B
:1036FC0003F5871319601C68012402F1A04202F53E
:10370C0087121460214A1268002A36D01E4BC3F867
:10371C000403D5E7D3F84824D107DED5D3F85024D9
:10372C009207D7D1194A12681AB10422C3F804239C
:10373C00C6E7D3F80821002AFBD00022C3F80821E1
:10374C00D3F80831BCE700220F4BC3F81021D3F893
:10375C001011C3F81821D3F81811C3F81421D3F899
:10376C0014210B4AD2F840231C2A04D000224FF417
:10377C0080737120B9E79860F8E71A68002AFCD0CA
:10378C0019601B689CE700BF00E010507017002008
:10379C0000C0FF0070B50025184C194ED4F80C234E
:1037AC0002B970BDB2FA82F2C2F11F02930003F5A6
:1037BC0080739BB203F1A04303F587131D601B6854
:1037CC0001239340DBB2102BD0B2C4F8083309D0DC
:1037DC00402B10D0082B00D1757133689847D4F862
:1037EC000C23DDE7B571C4F81451D4F8143120233F
:1037FC00C4F80433F1E7B571EFE700BF00E01050F7
:10380C0070170020036803F01F025F2B02604FEA61
:10381C0053129ABF024B53F822000020704700BF8E
:10382C0004A40000034A4309D35C00F01F001844B1
:10383C00C0B270473AC2000070B505460846FFF7A3
:10384C00F1FF36212A79174B01FB0202083233F8BB
:10385C001200C10525D56C240026C0F3432120F4A9
:10386C00F85023F812002A7904FB02340E3434F891
:10387C00020F10F4807F03D0C0F34320814210D09C
:10388C000136232EF3D16C200024424302EBC102FB
:10389C009C502A79BDE8704000FB02306030FFF785
:1038AC005BBE70BD64000020F0B50646002487B0F6
:1038BC00114F019117F8012B06AB03EBD20313F850
:1038CC00143C02F00702D34013F0010306D101347B
:1038DC00032CEFD10023184607B0F0BD074A03AD07
:1038EC0007CA85E8070055F824100A6A46F8242010
:1038FC000A62002AEBD0EEE74AC20000F0A10000F9
:10390C0010B504460846FFF78DFF362303FB040071
:10391C00024B083033F81000400B10BD640000203F
:10392C0010B504460846FFF77DFF362303FB040061
:10393C00034B083033F81000C0F3400010BD00BF3B
:10394C006400002010B504460846FFF76BFF3623D1
:10395C0003FB0400034B083033F81000C0F3401095
:10396C0010BD00BF640000202DE9F04F0D46D0F8CB
:10397C00141387B0C9B241F40031AA6D009004F061
:10398C00B3FB810306462ED50023696E03A8CDE94F
:10399C0003330593FFF788FFDFF868A1DFF868B100
:1039AC000DF10C091AF8013B05EBD30292F86420D7
:1039BC0003F0070322FA03F3DA076AD4534B09F135
:1039CC00040953450BF1010BECD14FF40031AA6DF6
:1039DC00009804F089FB696E03A8FFF765FF0028C7
:1039EC00DAD126F400360124002E73D107B0BDE8DD
:1039FC00F08F91FAA1F1B1FA81F19BF8004041EA04
:103A0C0044142046FFF70EFF083035F81080C80824
:103A1C004FEA98030193012319F8002001F00701E4
:103A2C0003FA01F122EA010209F8002002A802942B
:103A3C00FFF7E8FE029A019B203250F82220C8F3CF
:103A4C0082075B07B846C2F3014227D52846D7B296
:103A5C002146424604F029FB02A80294FFF7D2FE4D
:103A6C00029B203350F82330C3F301439F4207D10C
:103A7C000021204604F00AFB3946204604F006FBE0
:103A8C0002A80294FFF7BEFE0122029B02FA03F386
:103A9C000362D9F800100029ABD18FE7022A0DD1AF
:103AAC000321204604F0F2FA07F00503012BE7D1BD
:103ABC0042462146284604F0F8FAE1E70221204666
:103ACC00019204F0E3FA032FF2D0019A032AD7D122
:103ADC00022FECE796FAA6F3B3FA83F304FA03F297
:103AEC0026EA0206009A284602EB8303D3F8101547
:103AFC00D3F81025C1F30811C2F3014204F0D5FA32
:103B0C0072E700BF4AC200004AC200004DC200006A
:103B1C002DE9F74305460846FFF784FE36222B793C
:103B2C00204F02FB0303083337F813300E46DB0734
:103B3C00044635D5284604F0FEFA95F80490314633
:103B4C004846FFF7FFFE60B14846FFF7D9FE00225A
:103B5C00D5F8008000B208EB8003C3F81025C3F839
:103B6C00102528463146FFF767FE36222B7901A82F
:103B7C0002FB03440023083427F814300196FFF7A6
:103B8C0041FE019B00EB8300D0F88020064B1340D4
:103B9C0043F00203C0F88030044803B0BDE8F08362
:103BAC000348FAE764000020F0F0FCFF0000AD0BC6
:103BBC000400AD0B2DE9FF47174604460846FFF7F6
:103BCC0031FE3E688846054676B394F80490484624
:103BDC00FFF7A6FE18B14846FFF7B4FEA0BB0023C2
:103BEC004046CDE900338DF80E308DF80F300DF1D5
:103BFC000F0233460DF10E0104F0FFF93620237944
:103C0C00644A00FB0353083332F8131021F002010D
:103C1C0022F81310237900FB0353083332F81310E6
:103C2C0041F0010122F813107B68002B45D0267956
:103C3C004146304693F80090D3F804A0FFF770FE8D
:103C4C0020B1BAF1000F22D0534839E04FF0360CB6
:103C5C000CFB06564F49083631F8163023F46043F6
:103C6C0023F0200321F81630BAF1000F0FD0B9F170
:103C7C00030FE9D87B6826685B68187806EB80062A
:103C8C00B9F1000F1FD1C6F81095C6F81095362063
:103C9C002379404A00FB0353083332F8131021F008
:103CAC001C0122F81310237900FB0353083332F85C
:103CBC00131041EA890122F81310BB6863BB374823
:103CCC0004B0BDE8F087D6F8102522F00302C6F840
:103CDC001025226802EB8003D3F8102522F447321A
:103CEC0022F47C72C3F8102541F6F072D3F81065FB
:103CFC0002EA081242EA09423243C3F8102523793A
:103D0C000CFB0353083331F8132042EA403242F0E3
:103D1C00200221F81320BAE74146D3E90097204648
:103D2C00FFF78AFDB9F1000FC9D06C232079194E29
:103D3C004343F218F358994504D153689F4201D17B
:103D4C0000210CE06C2303FB00600DF10F016030CF
:103D5C00FFF7E2FB114B9842B2D19DF80F106C2289
:103D6C002379534303EBC10346F803902379534360
:103D7C00362203EBC10333445F60237902FB035308
:103D8C00083336F8132042EA412242F4807226F8B6
:103D9C00132094E7640000200400AD0B0000AD0B71
:103DAC002DE9FF470546084617461E46FFF73AFD24
:103DBC008946044687B395F804804046FFF7B0FD6A
:103DCC0018B94046FFF7BEFD68BB362303FB084815
:103DDC00DFF8E4A008F108083AF8183013F01C0FCB
:103DEC0002D07B78012B1ED001238DF80F300023DD
:103DFC007A1CCDE900734846BB1C0DF10F0104F091
:103E0C00FCF836222B7902FB034308333AF81320D3
:103E1C0042F003022AF81320002E4BD04946287991
:103E2C00FFF77EFD18B9254804B0BDE8F0870021E6
:103E3C004FF0360C30782B68820003EB8003C3F80C
:103E4C001015C3F810152B791B490CFB03430833D1
:103E5C0031F8137027F4604727F0200721F813700E
:103E6C0077783FB32B68B6781A44D2F810E5144B28
:103E7C003F040EEA0303C2F8103541F6F07307F461
:103E8C00403703EA09133605D2F810E53B4306F434
:103E9C008016334343EA0E03C2F810352B790CFB22
:103EAC000344083431F8143043EA403343F0200320
:103EBC0021F814300348B7E7640000200400AD0B70
:103ECC000FE0ECFF0000AD0B30B56C250479044B12
:103EDC0005FB0434A160017905FB0133DA6030BDC8
:103EEC006400002070B5067914463046FFF72AFDB1
:103EFC0068B10846FFF796FC362303FB0600054B1A
:103F0C00083033F8103004485B0B237070BD034845
:103F1C00FCE700BF640000200000AD0B0400AD0BFB
:103F2C002DE9F041064607796C20194D00FB075826
:103F3C0098F868404CBB404621464622103003F0AE
:103F4C00B3FD21463068D8F858608E4213D1002357
:103F5C00C0F84431D0F84431C0F308300130FEF7DA
:103F6C0071F96C2303FB075501230A4885F8683067
:103F7C002B66BDE8F081CBB29B0003F58072442B1D
:103F8C0004BF845083580131DFE70348F1E700BFD9
:103F9C00640000200000AD0B0C00AD0B6C2102790D
:103FAC00044B01FB023393F86800003818BF012062
:103FBC00704700BF640000206C235C22007913FB67
:103FCC00002302481844FFF7C7BA00BF6400002062
:103FDC006C235C22007913FB002302481844FFF782
:103FEC009BBA00BF640000202DE9F341036817461B
:103FFC00D3F81423044692035CBF4FF40032C3F889
:10400C00142306790D463046FFF79CFC08B3304666
:10401C00FFF786FC8046E0B93046FFF771FC05B22D
:10402C002168AD0005F5807241F802808A5821683C
:10403C002944D1F8102542F00102C1F810252FB106
:10404C000122216802FA00F3C1F8143302B0BDE872
:10405C00F0812846FFF7E6FB362303FB06000F4BE7
:10406C00083033F81030C3F38203042B11D0052B26
:10407C0011D001A80195FFF7C5FB019AC368D34085
:10408C0003F00103991C284602B0BDE8F04103F08F
:10409C00FDBF0321F7E70221F5E700BF6400002014
:1040AC0001490248FFF760BC6400002000A00D50DD
:1040BC0001490248FFF758BCD000002000C0105046
:1040CC0070B5002367240126027A94FAA4F1B1FAA0
:1040DC0081F1914203F1010518D100210C24120148
:1040EC0002F1A04202F56222C2F82C150A4ADBB298
:1040FC0004FB03230168D960416819610121007A2E
:10410C001875936881400B43936070BD06FA01F1FA
:10411C002B4624EA0104D8E73C010020074B027A25
:10412C00D3F8101521F001010A43C3F810250268D9
:10413C00C3F8A4264268C3F8AC26704700200E5082
:10414C00012303FA00F010F0670F0AD0064B5B68EE
:10415C00DB4303F067030342044B054818BF1846C2
:10416C0070470448704700BF3C0100200000AD0BB5
:10417C000400AD0B0800AD0B002300222DE9F04824
:10418C00C0E90023114BD3F810359B071CD5EFF376
:10419C001181202383F31288BFF36F8F4FF0FF350B
:1041AC006FF040440A4ED6E900BC5D4574EB0C0739
:1041BC00F9D3CCF31303C0E900B381F31188BFF337
:1041CC006F8F0448BDE8F0880348FBE700200E50D1
:1041DC0040270E500000AD0B0100AD0BF0B53B4D70
:1041EC0085B02C78002C6DD1394A01AB07CA83E815
:1041FC00070038491846D1F8102522F00202C1F800
:10420C001025FFF78BFF0723672202F001012144E1
:10421C00013BCCB24FEA5202F7D1052C54D11A46CD
:10422C0001272A48002467265FFA82FC96FAA6F139
:10423C005FFA84FEE645B1FA81F13DD30132052ADD
:10424C00017500F10C00EDD10120002422499A08DF
:10425C0000FA02F212F0670F1CBF5C505A5804337C
:10426C00302BF4D1E420FDF7EDFF1A4B1B49D3F8AA
:10427C00102503F5C07322F00202C3F8902340F618
:10428C00FF72C3F8A82100221A60A3F580700433D2
:10429C008B420260F8D101240E4B114A1C66114B63
:1042AC005D201B68B3FBF2F358430F4B2343984735
:1042BC000E482C7005B0F0BD07FA01F126EA010694
:1042CC000134B3E70A48F5E70A48F3E73C0100205C
:1042DC00FCA1000000200E5000210E50B0210E5009
:1042EC0040420F006000002020A200000000AD0B37
:1042FC000C00AD0B0100AD0B73B52A4C0546636881
:10430C000E4603F0010304F1140101A80193FFF719
:10431C0003F9254B98423DD100233370636823F099
:10432C0001036360A36843F00103A3601F4BD3F840
:10433C001025960732D4D3F8102542F00202C3F8A8
:10434C001025C5B1D3F8482712F0010202BFD3F8EB
:10435C00481741F00101C3F84817144BD3F8401724
:10436C00D3F844174C00F9D42AB9D3F8482722F0D3
:10437C000102C3F848270E4B0E4A1B68B3FBF2F33D
:10438C000A4A03EB43135BB1D2F84017D2F8441737
:10439C00490001D402B070BD013BF4E70648F9E7CF
:1043AC000648F7E73C0100200000AD0B00200E5042
:1043BC006000002040420F000C00AD0B0700AD0B5D
:1043CC002DE9F0410446007A1D46FFF7B9FE1A4B61
:1043DC001746984206469DF8188029D12046FFF7CB
:1043EC006FFEEFF31180202383F31288BFF36F8FDE
:1043FC00227A124B9200134400221A60217AC5F3E0
:10440C001305090101F1A04101F562211B68C1F8F6
:10441C002075C1F8245580F31188BFF36F8FB8F164
:10442C00000F05D00123227A9340054AC2F82433A9
:10443C003046BDE8F08100BF0000AD0B00210E50EE
:10444C0000200E50F7B5254A002053689268DB43D4
:10445C0003F0670313401C46012607460CBB0127DB
:10446C001F4B1E4DD3F820630640287D07FA00F33E
:10447C0033420FD0E96869B10201D5F810C002F1DE
:10448C00A04202F56222D2F82435D2F82025CDF8CC
:10449C0000C088470134052C05F10C05E5D103B0AB
:1044AC00F0BD94FAA4F5B5FA85F5AA0002F5807171
:1044BC00920806FA02F213420BD001F1A04101F569
:1044CC006221D1F800C0BCF1000F02D00F60096866
:1044DC00104306FA05F524EA0504BFE73C01002069
:1044EC0000200E50044B40EA0120C3F80005D3F81D
:1044FC000024D207FBD5704700B0045038B5094BE7
:10450C0053F82040013053F82050A54200D838BD54
:10451C00636823B1204603F064FE0834F5E7236892
:10452C009847FAE710A40000012208B5094B0320B4
:10453C001A70FFF7E3FFFDF7AFFC03F06EFE0420EB
:10454C00FFF7DCFFFCF7FCF8034A137B23F00103B5
:10455C00137308BD9B260020E801002008B5034812
:10456C00034A0021121A03F054FE08BDE00100209A
:10457C00A026002008B50020FFF7C0FF174B03F55D
:10458C00006282F3088883F30A880025E023144C28
:10459C0084F82230E57725766576A576636A43F450
:1045AC00E023636284F82350FDF7B8FDFDF7CCFEE1
:1045BC004FF0FF33A362E362FDF7EAFFFDF7ECFE79
:1045CC0003F0E9FD0120FFF799FF0220FFF796FFAA
:1045DC002B462A4629460348FDF796FEA0260020C6
:1045EC0000ED00E035450000074808B5074A0849CA
:1045FC00121A03F010FEBDE808400648064A0749A7
:10460C00121A03F008BE00BF40000020DE0100209B
:10461C00F4C400004000002040000020F4C400005E
:10462C00024B1868984208BF002070479001002088
:10463C00034B1B680BB9FEF787BD0020704700BF0A
:10464C007817002030B570B10B4B5B6898420AD0DC
:10465C00036843B1D3E90421D0E90445121941EBB5
:10466C000501C3E90421D0E9003213605A6000232C
:10467C00C0E9003330BD00BF900100202DE9F047A8
:10468C00EFF31185202383F31288BFF36F8FDFF8CC
:10469C009C900026C9F800000027FFF7C1FFDFF847
:1046AC009080D9F80030D8E900ECD91750B1D0E996
:1046BC000442A34271EB020A18DAE41A62EB01021B
:1046CC00C0E90442002413EB0E034CEB0101C8E9D2
:1046DC000031C9F8004003F0A7FD2146FEF74AFD62
:1046EC0085F31188BFF36F8FBDE8F08714EB0E02D2
:1046FC004CEBE473C0E90467C8E90023FFF7A2FFA1
:10470C0085F31188BFF36F8F83689847EFF311859A
:10471C00202383F31288BFF36F8FD9F800301B1B53
:10472C00C9F80030FFF77CFFBBE700BF781700200B
:10473C006802002001680E4A0346914215D1C169F6
:10474C00A2F11022A2F1EF1291420ED18268012A3D
:10475C000BD8C26812B101698A4206D0586928B1D7
:10476C009B691B1A5842584170470120704700BF83
:10477C0055AA00FF70B50D4B9E68A6B13046FFF7E9
:10478C00D9FF044678B9F3686BB935690DB9204681
:10479C0070BD2846FFF7CEFF28B9EB68B34202D1B3
:1047AC002E462D69F2E70124F1E700BF7C170020AB
:1047BC00F8B5384E3468F368D4B1B468C4B1002885
:1047CC0060D000295ED001FB00F5B5FBF0F088420B
:1047DC0058D1291D56D8AA070CD025F00302043253
:1047EC001C4603E0616891424ED2A469002CF9D1B9
:1047FC002046F8BD2A46F3E7891A232904F120073D
:10480C001CD80123A360D4E90523AAB19361A36941
:10481C000BB162695A610023C4E905333369DB07C4
:10482C0003D5FFF7A7FF002831D12A4600213846CF
:10483C003C4603F039F9DBE7F360E8E702F1200CC2
:10484C0004EB0C032039C3E90110DC602169124828
:10485C00196144F80C00A0F11020A0F1EF10D86100
:10486C0001B1CB6061695961A069986141B18B61FB
:10487C00996901B14B6101212361C4E90121CAE7A6
:10488C00F360F5E70024B3E7A0680028B4D001205A
:10489C00FDF70CFF7C17002055AA00FF70B50546EC
:1048AC00002840D03B4E3368002B3CD0B268002A25
:1048BC0039D0834203D872681344984202D3012042
:1048CC00FDF7F4FEA0F120042046FFF733FF00288B
:1048DC00F5D155F8183C012BF1D155F8143C45F89D
:1048EC00180C0BB39A68FAB955F81C2C02F120017C
:1048FC005A680A445A6055E905321A6155F8145C35
:10490C002B6903B1DD6020220021204603F0CCF896
:10491C00286908B183684BB333699B0703D5FFF74C
:10492C0029FF0028CBD170BD55F8100C00282AD0D7
:10493C00836843BB42686368134420336360036934
:10494C002361D4E905239AB9CBB9436963618269C0
:10495C00A261B3B19C61A36903B15C61236903B12A
:10496C00DC602022002103F09FF8D5E72C46E1E71C
:10497C009361A369002BE8D062695A61E5E7F360A3
:10498C00F7E7F460E7E7F36845F8083C03B15C61CE
:10499C00F460C1E77C17002038B50C4614220021C6
:1049AC000546134803F080F81249134800F034F818
:1049BC00232C1CD915F003031FBF043CE418C3F1CE
:1049CC000403ED1822460021284603F06DF8084B2D
:1049DC000A49C3E90054203C9D606C609A681160E0
:1049EC009A68A1F11021A1F1EF11D161DA6038BD03
:1049FC007C170020A9480000BD47000055AA00FF05
:104A0C00014B1B68184700BF9C010020014B1B6821
:104A1C00184700BF98010020024B1860024B002081
:104A2C00196070479C0100209801002010B50A46BF
:104A3C00044619B1024B00211B68984710BD00BFFA
:104A4C00A00100200E4B0340B3F1607F06D1B1F5FD
:104A5C00885F14BF6FF0860000207047B3F1707F41
:104A6C000BD101F4E043B3F5005F06D111F4E06F14
:104A7C000CBF6FF08600002070476FF08600704707
:104A8C000000C07F8A42F8B506460C4600F0DB8079
:104A9C006F4922F4FF7323F001038B420ED06D4B50
:104AAC0022F0FF01994209D06B4822F47F7323F066
:104ABC000303834202D0694B994228D1684B24F0FE
:104ACC00FF0199420FD114F0FF000BD0654B40F061
:104ADC000070984240F0B98082EA0400FF288CBF35
:104AEC0000200120F8BD5B4B9942ECD0A3F5885314
:104AFC009942E8D024F4FF7323F00103B3F1062F9D
:104B0C00E1D056488142DED053498B42DBD004F0D1
:104B1C00FE43B3F1A06F14D102F0FE43B3F1A06FCA
:104B2C0040F0938082EA040333F47E1340F08D80CE
:104B3C0014F40040D6D0C4F30540C2F305429042B1
:104B4C00CDE7B3F1407F6AD102F0FE43B3F1407F71
:104B5C007BD182EA040535F47E1576D131462046A8
:104B6C00FFF770FF002870D13F4B12F47C1703EA5B
:104B7C0002031BD0B3F1607FC2F305473FD13B4921
:104B8C00D3B243F000738B423DD003F17E43043B20
:104B9C00112B01D83649CD5C14F47C1FC4F30543AA
:104BAC0033D1BD4214BF002001209BE7B3F1607FDD
:104BBC000DD12E49D3B243F000738B421DD003F1BB
:104BCC007E43043B112BDAD82A49CF5CD7E7B3F1EB
:104BDC00707FE1D106F4E043B3F5005F03D1012708
:104BEC00C6F302239F4006F4E043B3F5005FD3D134
:104BFC000125C6F302218D40CEE71027BFE7B3F1A4
:104C0C00707FC9D1EFE71025C6E712F47C1F01D1E4
:104C1C00AB4218D022047FF565AFBB425FE7B3F11E
:104C2C00106F12D124F01F6020F4702068B902F0CC
:104C3C00FE43B3F1106F7FF455AF0F48104040F0B6
:104C4C001060A042AEE701204CE700204AE700BF0D
:104C5C00000200060013000600040006000900060E
:104C6C0000030006FF0000020000C07F03000002EA
:104C7C004DC200004DC200000000FFF621F4FF728F
:104C8C0010B521F0FF031A4C22F00102F8B121F407
:104C9C00BF6020F00700A04212D0164883420FD00C
:104CAC00A0F5206083420BD0134B9A4208D003F539
:104CBC008063994208BF002018BF6FF0860005E0A2
:104CCC00C9B2002914BF00206FF0860010BDA242AB
:104CDC00FCD0084A9342F9D021F47F7121F00301F2
:104CEC00A2F570629142F1D002F5A0629342E3E723
:104CFC000002000600130006000400062DE9F8432C
:104D0C00884617461C4600F0A1FA054688BBD8F821
:104D1C000060B6F8009009F4E043B3F5804FB36837
:104D2C0008BF27F0010737EA03031AD10CB3254B50
:104D3C0024F0FF029A421FD114F0FF0304D0224A40
:104D4C0043F00073934232D022464846F168FFF795
:104D5C0099FE074668B9224648463169FFF792FE2C
:104D6C0070BB6FF0840500233046C8F8003003F0A8
:104D7C004FFC2846BDE8F883144B9A42DCD0A3F5CF
:104D8C0088539A42D8D024F4FF7323F00103B3F173
:104D9C00062FD1D00E498A42CED00E4A9342CBD0A8
:104DAC0004F0FE43B3F1407F04D12304CCD56FF063
:104DBC008605D8E7B3F1A06FF7D0034B9C42C2E74E
:104DCC003D46D6E700030006FF0000020013000674
:104DDC00000900060004000613B50446F0B101A951
:104DEC0000F034FA0446C8B90198037F022B18D19D
:104DFC00032303770379FF2B16D043690C4A03F185
:104E0C004043A3F58053934202D800F0DDFB0446E7
:104E1C00019803F0E8FB002818BF0446204602B0B6
:104E2C0010BD6FF09604F3E76FF08404F0E700BF59
:104E3C00FFDFFF3F2DE9F04116469846002288B06F
:104E4C00038805460F46CDE904220796C8F80020D2
:104E5C00002E62D0B6F1005F80F0A68023F0FF0335
:104E6C00B3F5E24F02D0B3F5824F21D1284603F0BF
:104E7C0001FA0446002840F09080EB686BB16B8817
:104E8C005BB1288800F44F42B2F5824F05D1C0B215
:104E9C00222837D02ED8122839D03A460023F119BF
:104EAC0012F8010B914243EA0003F9D1002B34D0E4
:104EBC00284605AA04A903F039FA0446A0B9049BB4
:104ECC009B6A6BB3049B39465A882846069206AAFD
:104EDC00029203F1280201929A6A00925B6A3246AE
:104EEC0000F0EEFA044680B30498002855D003F085
:104EFC00C8FA52E02738C0B21B28CED82C4AC24080
:104F0C00D207CAD50733B6EBD30FC6D205E040F2B1
:104F1C0009229342F6D1402EBFD86FF086043CE0B4
:104F2C006B681B0A07D10799049803F06AFA0446C8
:104F3C000028C7D0D8E732463946284607AB00F0E0
:104F4C008FFA04460028EED0CEE70499069B4A88D7
:104F5C00E2B94B804FF6F8720699049B914220D827
:104F6C002A8812B11988914212D16A8812B15988D3
:104F7C0091420DD15A69C8F800201A7F012A0AD033
:104F8C0000236FF09604C8F80030ADE79A42E1D0E8
:104F9C006FF08604A8E702221A77204608B0BDE815
:104FAC00F0816FF085049FE76FF08504F5E700BF93
:104FBC000102000C2DE9F04117461C461E4A23F451
:104FCC00FF7323F00103934205460E4696B00ED0B4
:104FDC001A4B24F0FF029A4209D0194924F47F732A
:104FEC0023F003038B4202D0164B9A4220D1DDE909
:104FFC001C1205AB0193402314F0FF000DF11808AF
:10500C0018BF40F000700093434600F0BDFA60B941
:10501C001F9B3A4603931E9B31460293059B2846E1
:10502C00CDE90083234600F0F9F916B0BDE8F08114
:10503C006FF08500F9E700BF0002000600130006C0
:10504C00000400060009000610B5124C237859071D
:10505C0044BF23F00403237023789A0705D500F08E
:10506C0099F8237823F002032370637813B10A486C
:10507C0003F0FEFA0023042107486370FFF7D6FC07
:10508C002378DB0705D503F0D0FA237823F001034E
:10509C00237010BD901700209417002038B51C4DBC
:1050AC006A782B78022A01D1072B12D0D80713D596
:1050BC002B78990707D400F065F82B78044643F059
:1050CC0002032B7088B96A782B788AB12B785A072F
:1050DC0019D50024204638BD03F0A5FA2B780446D8
:1050EC0043F001032B700028E2D0FFF7ADFFF1E78E
:1050FC00DB07EBD5074803F0B9FA022304466B70C3
:10510C000028F2D1E2E743F004032B70E1E700BF83
:10511C00901700209417002000F140431F2B70B50E
:10512C0005460E460CD82C22154C02FB0344237F5B
:10513C00022B02D16369834218D06FF08B001AE006
:10514C00012103F03FFAB8B10D4B00221C46197F28
:10515C00022902D15969A94205D00132202A03F152
:10516C002C03F4D1E9E72C2303FB0244204603F083
:10517C001CFA00B9346070BD6FF08700FBE700BF0C
:10518C00981700200122024B002083F880257047DD
:10519C00981700202DE9F0410A4C002526464FF0C7
:1051AC00010803272046C4F820802777013503F037
:1051BC0068F9202D04F12C04F4D1002386F88035F5
:1051CC00BDE8F08198170020F8B51E4D064695F8FD
:1051DC0080350F467BB300242B462246197FD1B174
:1051EC003CB9022905D1196A19B91979002918BFD6
:1051FC001C460132202A03F12C03EFD114B96FF0B5
:10520C008C0006E0204603F0D0F9204603F039F973
:10521C0010B100240DE01C46237F7BB901232377BA
:10522C0036B1094B651BAD105D4305F1804535600A
:10523C0000203C60F8BD6FF08800EAE76FF0960044
:10524C00E7E700BF98170020A38B2EBAF0B5002714
:10525C00544B0F6093F8803505460E4691B0002BE9
:10526C0000F09C80FFF758FF10F18C0F044640F0C3
:10527C008E8031463846FFF7A7FF0446002840F0E1
:10528C0086800122336801465D61336809A85A6043
:10529C001C22356802F008FC002200236869CDE965
:1052AC000623414A00F14043A3F580539342CDE9D4
:1052BC000444039405D9284603F0E3F86FF08704FF
:1052CC0020E006AA03A900F023FF0446002837D1EA
:1052DC00039B6A690A93DBB2002B08BF00220346CA
:1052EC00CDE90000DDE906010E9209AA00F030F9C3
:1052FC0010F18A0F044608D030680CBB03F0C1F8DB
:10530C006FF096040023336041E004A909A800F073
:10531C00BFF80446A0B92846049903F072F8044675
:10532C0070B9DDE9060105AB0193AB6A09AA0093DC
:10533C006B6A00F00DF9044648B1284603F096F864
:10534C00306803F09EF814F18C0FDBD1B6E72C46D5
:10535C00059BAB6209AD0FCD0FC495E8070084E83F
:10536C00070033689A68D00414D49A68910444BF37
:10537C0042F400629A6033681A7F012A04BF022249
:10538C001A77306803F011F904460028BAD1204688
:10539C0011B0F0BD42F480629A60E6E76FF08804C9
:1053AC00F5E700BF98170020FFDFFF3F2DE9F04F16
:1053BC000D4616461749426885B0B1EB122F1F46B1
:1053CC00DDE90E89DDE910AB04464FEA122303D068
:1053DC00114A934200D063B93B46324629462046D7
:1053EC00CDE902ABCDE9008903F049FA10F1860F43
:1053FC000CD13B46324629462046CDE910ABCDE9CF
:10540C000E8905B0BDE8F04FFFF7D4BD05B0BDE87F
:10541C00F08F00BF004E80004B4E80002DE9F04114
:10542C00DFF834804568DDE90667B8EB152F4FEAE5
:10543C001524DDE908CE03D0084DAC4200D03CB9B0
:10544C00CDE908CECDE90667BDE8F04103F033BAEB
:10545C006FF08600BDE8F081004E80004B4E80005E
:10546C00194610B4002443680C60074C1A0AB4EBBC
:10547C00132F02D0054B9A4202D110BC00F01ABA7D
:10548C006FF0860010BC7047004E80004B4E8000C1
:10549C0010B4002443680C60074C1A0AB4EB132FA9
:1054AC0002D0064B9A4202D110BC00F003BA6FF046
:1054BC00860010BC704700BF004E80004B4E800031
:1054CC002DE9F04FDFF880B0D0F804E085B0BBEBED
:1054DC001E2F0446DDE90E890D4616461F46DDF8E3
:1054EC0040A04FEA1E2C1CD0DFF860E0F44518D029
:1054FC00BCF1000F22D1CDE9019ACDF8008000F06B
:10550C00EFFC10F1860F1BD13B4632462946204654
:10551C00CDE90F9ACDF8388005B0BDE8F04F02F018
:10552C0083BF3B46324629462046CDE90F9ACDF83B
:10553C00388005B0BDE8F04F00F0D2BC6FF08600AB
:10554C0005B0BDE8F08F00BF004E80004B4E8000D0
:10555C00F0B4DFF82CC05468DDE90456BCEB142F12
:10556C004FEA142702D0074CA74204D1CDE90456C8
:10557C00F0BC00F07BBD6FF08B00F0BC704700BF3F
:10558C00004E80004B4E800010B4054CA04202D05F
:10559C0010BC03F0FEB96FF0850010BC704700BF63
:1055AC0005000002074B10B59942044606D00430A2
:1055BC0003F02CFA08B90523236010BD6FF08500A9
:1055CC00FBE700BF050000024268044BB3EB122F4F
:1055DC0001D103F0D7BA6FF0850070474B4E8000B5
:1055EC0010B50C4C207804F0FCF80B4A1368591CCD
:1055FC0011604BB9094A4820D2F8003443F0070334
:10560C00C2F80034FCF71EFE2078BDE8104004F010
:10561C00EAB800BF9C2600201C1D0020008004500E
:10562C0038B5164D287804F0DCF8154B1C68013C95
:10563C001C60ECB94820FCF713FE0722114BC3F891
:10564C000823D3F8002422F00702C3F80024C3F87F
:10565C000041D3F80021C3F80441D3F804214FF4DE
:10566C008072C3F80841D3F80831074BC3F888217E
:10567C002878BDE8384004F0B6B800BF9C2600205E
:10568C001C1D00200080045000E100E070B5114D9D
:10569C00114E2B68B34212D0FFF7A2FF01F01AF99A
:1056AC000E4A0F4B0F4952F8040B43F8040B8B4274
:1056BC00F9D101F0D3F920B9FFF7B2FF2E60002425
:1056CC0006E002F0D7FF0446FFF7AAFF002CF5D046
:1056DC00204670BDA40100201173650028A40000B1
:1056EC0000C080511CD380511FB5114CD4F84034EC
:1056FC00012B14D0B72000F07BF918B16FF021000A
:10570C0004B010BDB82000F073F90028F6D1B92010
:10571C0000F06EF90028F1D10123C4F840341022B6
:10572C000021684602F0C0F9684603F027FDE7E760
:10573C000080045000230B6010F0FF0310B519D04B
:10574C0043F0007303F17E43053B0E2B12D801226C
:10575C0047F629049A40224205D1062B08D0042B87
:10576C0008D1094B0B600B6863B96FF0850008E03A
:10577C00064BF7E700F0FE40B0F1007FF5D06FF07C
:10578C00860010BD0020FCE71CB90000DCB800004E
:10579C00302817D00ED81238C0B2192807D80123D8
:1057AC00214A83401A40002A3AD1DB0720D46FF0FB
:1057BC008600704741282AD04228F8D1FF2928D1E9
:1057CC001A4B2AE0B1F5A07F2AD00BD821F0200388
:1057DC00C02B25D0B1F5807F0CBF6FF085006FF02A
:1057EC0086007047B1F5C07F1AD0B1F5007FF3E7A2
:1057FC00B1F5807F14D003D821F02001C029EBE74C
:10580C00B1F5C07F0CD040F209239942E4E7FF299F
:10581C0002D0B1F5E07FDFE7054B00201360704745
:10582C006FF08500704700BF20022102A0B9000074
:10583C0094B900002DE9F0411D4B94B0D0F80480D0
:10584C0006460F4601A8196801F026F9DDE9015456
:10585C00DCB922463146284603AB03F090FD0446E2
:10586C0098B9284603F049FDDDE903120346384692
:10587C0003F017FB284603F00CFC284603F0D4FB7E
:10588C000446284601F032F92CB1204614B0BDE88C
:10589C00F04102F0EFBE414603A802F0A8FF03A8B6
:1058AC00414602F0A4FF204614B0BDE8F08100BFD1
:1058BC00DCB9000010B51E4C4368B4EB132F4FEA53
:1058CC00132215D142691B4B9A420CD003F5FF43AE
:1058DC007D331344012B03D80388B3F5105F24D018
:1058EC006FF0860019E047F2121302889A42F6E72D
:1058FC00114B9A42F4D1028802F44F43B3F5824F14
:10590C000CD1438844F21210073382424FEAD3037E
:10591C0001D15B00013300200B6010BDB2F5885F34
:10592C0003D143880733DB08F5E70223F3E700BF15
:10593C00004E800001C0FF7F4B4E80000022074BC1
:10594C00C3F81021C3F80C21C3F80021C3F80421BB
:10595C00C3F80821C3F81421704700BF005004504D
:10596C0008B5FFF7EBFF01230360104B0A6832B94F
:10597C00D3F80C211AB9D3F80821002AF6D00B68F9
:10598C007BB90B4B99420ED0A3F58473D3F8083135
:10599C00002B0CBF4FF0FF306FF00200FFF7CEFF73
:1059AC0008BD0020FAE74FF0FF30F7E70050045035
:1059BC000851045038B505460C4691B10021012020
:1059CC0002F0E2FB08480949C0F80055C0F804454C
:1059DC00FFF7C6FF00210446084602F0D5FB20461F
:1059EC0038BD6FF00104FAE7005004500051045028
:1059FC00034B0449C3F800050348FFF7B1BF00BFD0
:105A0C0000500450045104500450045010B5044686
:105A1C000021012002F0B8FB064B0749C3F80045F2
:105A2C000648FFF79DFF00210446084602F0ACFB38
:105A3C00204610BD0050045008510450085004502A
:105A4C0038B50C4659B1074D0749C5F8000507484C
:105A5C00FFF786FF10B9D5F80835236038BD6FF015
:105A6C000100FBE700500450105104500C5004503E
:105A7C002DE9F04F8FB0B1F8008002AF3B6028F0F9
:105A8C00FF03B3F5824F0C469246BE6D786008D08A
:105A9C00B3F5E24F05D06FF085003437BD46BDE855
:105AAC00F08F26F4FF7B2BF0010BBBF1062F0BD0F4
:105ABC007B4B9E4208D003F20B139E4204D026F07F
:105ACC00FF020B3B9A42E6D17A68A368EAB913F459
:105ADC00005F00F0DE8044F2010328F4405228F409
:105AEC0043599A4229F03F0912D16388DB081033DD
:105AFC000020073323F00703ADEB030DB9F5824FFC
:105B0C00618802ADB8601CD150E013F4006FE0E77F
:105B1C00B9F5844F04D163880733DB08E8D1BAE7C1
:105B2C00B9F5884F23D16A4661880020CB1DDB086C
:105B3C0003EB43030833DB08A2EBC3039D46B860B9
:105B4C0002AD07F10802C0B2FFF722FE60B962682D
:105B5C00544BB3EB122F2ED12B465046BA683968F2
:105B6C0002F05BFE002838D002F084FD95E7B9F511
:105B7C008E4FD0D0B9F5824F8DD15FFA88F2422A80
:105B8C00618804D101F10803DB08073306E0CB1D63
:105B9C00412A4FEAD3030BD05B0008336A46DB087B
:105BAC00A2EBC3039D46002302ADBB604046C8E791
:105BBC00002BEAD16FE73A4B9E4203D003F20B1352
:105BCC009E4221D1238823F0FF03B3F5824F16D1D7
:105BDC00514628463A6801F05CFFBB685A68BB6EB8
:105BEC00B3EB420F58D1304B9E4210D17B68284604
:105BFC000093F96DD7E9182300F0D2F8B4E72946E1
:105C0C00504600F0F3F8ADE76FF00200ACE7244B20
:105C1C009E4206D1D7E918232846F96D02F09FFE63
:105C2C00A2E7BBF1062F7FF436AF07F11003202259
:105C3C000021184601F038FFB9F5824F18BF4FF01C
:105C4C000008F860618807F108025FFA88F0FFF736
:105C5C009FFD00287FF421AF304607F10C01FFF7C0
:105C6C0069FD00287FF419AFD7E901234AB17A6E98
:105C7C002846CDE90032F968D7E9172302F04AFE2D
:105C8C0072E77A6E28460092D7E9171200F00EF8E8
:105C9C006AE76FF0860000E76FF09400FDE600BF46
:105CAC0000080006004E80000B0900062DE9F04F9D
:105CBC001E46D3F804B0224B89B00746884601A88B
:105CCC0019689146DDF848A000F0E6FEDDE90154C4
:105CDC0034B1284600F00AFF204609B0BDE8F08F29
:105CEC0022463146284603AB03F049FB0446002804
:105CFC00EFD17468049E22463946039803F04BF9A1
:105D0C0022463046391903F046F9069E2246514682
:105D1C00059803F040F9224630460AEB0B0103F0DC
:105D2C003AF923464946079A404602F0E0FD2846D8
:105D3C0003F0AFF9284603F077F90446C9E700BF32
:105D4C00F4B90000F0B51E46134B9BB0CDE904012D
:105D5C00CDE90236222120239DF88040CDE906139F
:105D6C0084F0010405460AAF06A902A8CDE9083261
:105D7C0000970A4BC4F1040201EB840100EB840090
:105D8C0002F0FEFC30B933462946384606F12002B3
:105D9C0003F0CEF81BB0F0BDB0010020DCB8000061
:105DAC00F0B593B09DF860C004460E4617461D46EC
:105DBC00BCF1000F10D0394630460B4A02AB02F052
:105DCC00ECFC38B901234022009320462B4602A953
:105DDC00FFF7B8FF13B0F0BD0124189413B0BDE861
:105DEC00F040FFF7AFBF00BFDCB8000030B591B09A
:105DFC000D466B462021114A02F0CFFC0446C8B96F
:105E0C00684603F0EBFB2023224619460DEB0300FA
:105E1C0002F0E2FC684608A903F076F8044648B99B
:105E2C00202228460DEB020101F033FE402168468A
:105E3C0002F0DDFC204611B030BD00BFDCB8000024
:105E4C002DE9F0410388C76803F44F44B4F5824F41
:105E5C0008BF1D4603F4E0441F4B18BF002500206B
:105E6C009E46EDB21E78AE4224D1D3E9026CD2F834
:105E7C000080B4F5804F08BF6646B8F1000F0CD116
:105E8C008E420AD1142303FB00E3596811601B7C7A
:105E9C00B3B96FF08500BDE8F081D3F804C0E045DC
:105EAC0008D18E4202D06FF08600F4E7142303FB76
:105EBC0000E3ECE70130132803F11403D2D1F2E72D
:105ECC00422D06D1054B9F4203D003F20B139F4288
:105EDC00E9D10020DFE700BF44B70000000800064E
:105EEC002DE9F04F154600229DB08A46DDF8A0B092
:105EFC002799DDF89880994606460388CBF8002050
:105F0C000A60B8F1000F60D04268554C110AB4EB2E
:105F1C00122F25D107A94769FFF7CCFC0446D8B945
:105F2C00079B434500F29580FFB22B4652463946FB
:105F3C00304600F05DF9044670B9279B2146CDE947
:105F4C00008338464B460BAA00F0BEFA044618B93B
:105F5C00BDF82E30CBF8003020461DB0BDE8F08FD8
:105F6C00002979D123F0FF03B3F5E24F17D1438811
:105F7C00A8450B936DD329460BAAFFF761FF044686
:105F8C000028E9D12B4652464146484602F012FC05
:105F9C00D8B10B9BCBF80030279B1D60DCE7B3F529
:105FAC00824F59D143880788059307F44F43B3F5C3
:105FBC00824FC368524603934FF041012B460BA806
:105FCC0018BF002702F0F6FB10B96FF08604C3E788
:105FDC00A8453ED32946304605AAFFF731FF0446B3
:105FEC000028B9D1F8B21228059E01D0302828D14A
:105FFC009DF82C10F31DDB085A00042902F1010254
:10600C00E3D19542E1D1174A0399114041F0106256
:10601C0015498A4215D10DF12D020BA9CDE9073294
:10602C005A1C0A44CDE90932314606AAFFF7B0FBE7
:10603C0008B1044690E7069807A9FFF7FBFB002878
:10604C00F7D12A4648460BA901F023FDCBF8006096
:10605C00A2E76FF089047FE76FF085047CE700BF4F
:10606C004B4E80000000FFF6000002092DE9F341C1
:10607C0050EA010E0546DDE9088714461E460DD090
:10608C0010F1FF3E41F1FF3CBEF1020F7CF1000C20
:10609C001BD302B0BDE8F04100F016BA1849194BF9
:1060AC001046C2E90013184B4FF47051D36002F044
:1060BC005FFD01A9FFF7FEFB20B9019B434519D9F0
:1060CC006FF0890002B0BDE8F081104A0D4B4FF41F
:1060DC004041C4E900234FF008232046E36002F05E
:1060EC0047FD01A9FFF7E6FB0028EBD1019B4345D7
:1060FC00E6D8E8B23B60307000207070E2E700BF79
:10610C001271000103004E800906000600240001F4
:10611C0070B40D4E0C46B042154608D00136B04254
:10612C000ED0023EB0420DD070BC00F0ABB90122D3
:10613C000023C5E90023054B0020236070BC704789
:10614C000222F5E70022F3E702C0FF7F03004E8036
:10615C004029F8B505460E4618D80E4F387803F08E
:10616C0040FB284602F085FD02F084FA044640B953
:10617C0009493246284601F08CFC4021064802F0C1
:10618C0036FB387803F02FFB2046F8BD6FF08904FE
:10619C00FAE700BF9D2600200000002037B5134908
:1061AC0043680446B1EB132FDAB21BD1032A15D086
:1061BC00057D01A9284602F006FD88B96A462146EC
:1061CC00019802F0E1FC58B92846009902F016FD3E
:1061DC0030B903B0BDE8304002F028BD6FF0840048
:1061EC0003B030BD6FF08B00FAE700BF4B4E800060
:1061FC002DE9F04F89B00646884691461D4602F0BF
:10620C0015FD0446B8B904220146684601F04CFC61
:10621C009DF80030726964F30303C2F3013262F338
:10622C0005138DF8003013F0300308D1B1688907DD
:10623C0010D06FF08604204609B0BDE8F08F102B0B
:10624C0008D1BDF8023023F4F87343F4A873ADF809
:10625C00023066E0F0688649884246D1318801F404
:10626C004F40B0F5824F40D1C8B242283DD1B06802
:10627C0010F4A05F04D121F0FF01B1F5E24F34D04E
:10628C000A2400279DF80210BC4664F303014FF06A
:10629C00010B3C468DF802109DF80310DFF8D4E199
:1062AC0049085EF804AB1AEA000F07D00BFA0CF79A
:1062BC003943012701F07F0144EA0A040CF1010C77
:1062CC00BCF1070FEDD12FB19DF8037061F34707B7
:1062DC008DF8037030EA040407D17188FF2935D09A
:1062EC0006D8802934D0C02934D06FF08504A2E7B9
:1062FC00B1F5807FF9D104219DF8024061F30614B9
:10630C008DF802400BB9830793D13379022B2ED031
:10631C0022D8012B8DD1BDF8021063F3C811ADF852
:10632C000210012A73D0032A26D0002A81D1338887
:10633C00B3F5105FD9D1182D70D0202D72D0102D3F
:10634C007FF477AF01254C4F1F261CE00321D3E7C8
:10635C000121D1E70221CFE7032B02D0FF2B7FF4E1
:10636C0068AF0221BDF8023061F3C8136FE7BDF8C6
:10637C00023043F4C0736AE7412D3ED104254F2609
:10638C003E4F09F10109002408EB040002F03BFA2E
:10639C0000286AD00134AC42F6D11F2E07D0294612
:1063AC00404602F02BFC044600287FF444AF4FF02B
:1063BC00000A1C22002101A801F076FB6946042288
:1063CC0007A806974FF0FF3B01F063FB5146BDF861
:1063DC0002301022C3F3C113494401A8059301F004
:1063EC0058FB01A908EB0A00FFF7E4FA044618B3BE
:1063FC0002F01CFC6FF092041DE7182D16D0202D16
:10640C0017D0102D7FF415AF01251C4F9CE7302DB4
:10641C007FF40FAF03253F26194FB4E70225164F23
:10642C002726B0E70225144F2F26ACE70225134F81
:10643C00F6E70225114FF7E71C2101A80AF1010A22
:10644C0002F0D5F9AA4506D007EB0A13CDE9063BB5
:10645C004FEA0A11BBE71F2E3FF4EDAEFA20FFF70F
:10646C00D5FA00283FF4E7AEC4E76FF08A04E2E601
:10647C0000080006C0B80000400081510000002058
:10648C001084045073B5C5B20E46284601A91446B3
:10649C0002F099FB88B9BDF80630C3F3C113013B78
:1064AC00DBB2022B8FBF6FF08600054AD25C054B26
:1064BC009EBF13433360C4E9005002B070BD00BFEF
:1064CC005FC20000004B4E802DE9FF4101A98046C0
:1064DC0014461F460A9D02F076FB002840F0A4806B
:1064EC0002F0A4FB002840F09F80002C00F09F805D
:1064FC009DF8041011F00F0240F09C80BDF806309E
:10650C00C3F3C113013BDBB2022B00F2968051485E
:10651C00C05C514B0343636001F03003102B3CD142
:10652C0003F1C07303F6F1732360204602A9FFF751
:10653C00C1F9002878D1029BAB4200F2878044F26B
:10654C00121221880198914204BF042207F8012BF2
:10655C000B9A214613609DF804303A78C3F301136B
:10656C0063F301023A7003AA08BF05F1FF3502F08C
:10657C000BFB002858D13B78039A87F8018062F313
:10658C0084033B70238803F44F42B2F5824F48D109
:10659C0029463846FFF7DCFD46E013469DF807C058
:1065AC00DFF8B8E04FEA5C0010BBD80448BF43F4F6
:1065BC0080639A049DF8062048BF43F4006302F000
:1065CC000F000A28A3603ED144F2421013F4A05FDE
:1065DC0047F2421308BF03462380214BE360C2F30A
:1065EC000213013B032B0FD8DFE803F00C14161831
:1065FC00C60704D5062A23D85EF822603343400828
:10660C000132D1E78023638011F0300F8DD16FF010
:10661C00960009E0C023F6E7FF23F4E74FF48073FC
:10662C00F1E7B3F5885FB3D004B0BDE8F0816FF04B
:10663C008600F9E76FF08800F6E76FF09100F3E75A
:10664C006FF08300F0E76FF09200EDE76FF08900D8
:10665C00EAE700BF5FC20000004B4E80C0B80000EC
:10666C0000080006C36870B57BB9C36900F1280245
:10667C001A60C369454A9A604368C269DB6843F48F
:10668C008063D360C3691033C361836A9B052FD4C5
:10669C000368C268DD6800F1EC04302D34BF0826B5
:1066AC0010261D6901366B1E1340EB1AB34238BF1E
:1066BC005B191C44D50004F8015C03F1EB0452098E
:1066CC00044400F1ED05A5425CD1802280F8EC2059
:1066DC00426AC469C4322260C26993604468C26968
:1066EC00E468D460C2691032C26102691A44026162
:1066FC000269C469D31C23F003039B1A54F8042CBD
:10670C0042EA032244F8042CC26952F8084C234490
:10671C0043F0005342F8083C026A0368DB681160DE
:10672C000168026AC96803339160026A23F00303AB
:10673C0002F1100101620168C96899420BD0002175
:10674C0011610168026AC9685B1A43F08043936067
:10675C00036A10330362836A13F4806311D10268F5
:10676C005169D26891420CD0026A13600268016AC6
:10677C005369D2689B1A43F080438B60036A1033D1
:10678C00036270BD04F8012D120A9CE7040000207E
:10679C00B1F5DE7F70B505461BD303681C6814F099
:1067AC00400419D100F11806304600F01DF82946B6
:1067BC000B4B30466B6051F87C2B1323126800F0A6
:1067CC00EDFB084B20466B610123C5E90344AB602C
:1067DC0070BD6FF02200FBE76FF00200F8E700BF1E
:1067EC003CB900007166000010B50446FEF7F8FED7
:1067FC00104B187802F0F5FF0CB101232370BFF396
:10680C005F8F4FF0A3430022DA61BFF35F8FBFF3BA
:10681C005F8F4FF0FF321A63BFF35F8FBFF35F8F51
:10682C003422DA61BFF35F8F0122034BC3F80423D8
:10683C0010BD00BF9D2600200080045010B50446FA
:10684C0038B9FEF7EDFEBDE81040074B187802F0A2
:10685C00CABF03783BB1FEF7E3FE034B187802F096
:10686C00C2FF0023237010BD9D26002038B5164CA6
:10687C00D4F80051C5B1BFF35F8F4FF0A343996AB1
:10688C00BFF35F8FBFF35F8F4FF0FF321A63BFF31D
:10689C005F8F0023C4F80031D4F800310B4B18681B
:1068AC00BDE8384002F0B1BFD4F8083153B100F064
:1068BC0019F902F09CFBC4F80851D4F808310121F5
:1068CC00034BECE738BD00BF00800450AC01002046
:1068DC00A801002008B5074B186802F086FF064B8C
:1068EC00186802F082FFBDE80840002248201146DB
:1068FC00FBF7D8BCAC010020A801002038B5094B2F
:10690C001C7864B1084B4FF0FF311D68284602F02B
:10691C006FFF4FF0FF310446284602F071FF20460E
:10692C0038BD00BF9B260020AC01002038B5074BBA
:10693C004FF0FF311D68284602F05AFF04464FF015
:10694C00FF31284602F05CFF204638BDA80100202C
:10695C00F0B50F4B85B005460F466846196800F038
:10696C009BF8DDE9006474B922463046094902AB54
:10697C0002F005FD044630B9384602A902F0A0FA2F
:10698C00304602F086FB2846C5E9006405B0F0BD30
:10699C00C4B90000A0B900002DE9F04F89B0DDF8B2
:1069AC0048909A4699F81F30D47FDB09204B4FEA68
:1069BC00D41406468B464FEA4474196801A817464E
:1069CC0018BF44F0804400F067F8DDE9018545BB51
:1069DC0022464046174903AB02F0D1FC054600BBEA
:1069EC00584603A902F06CFA059C20222046394631
:1069FC0002F0D1FAFB7F202203F07F03E3775146AC
:106A0C00069802F0C8FA079C20222046494602F05C
:106A1C00C2FA99F81F30404603F07F03E37702F087
:106A2C0038FB3046C6E9008509B0BDE8F08F00BFE1
:106A3C00ACB90000A0B9000010B5064C236D3BB9F1
:106A4C00214651F8503B986902F002FD0123236561
:106A5C00014810BD281D0020781D002038B50024E9
:106A6C000B4D0C4BEC662B6003F5C0436B60FFF7D2
:106A7C00E3FF50B16B6D2046B3F5007FCCBF4FF4F4
:106A8C0080634FF40073AB6038BD0E20FCE700BF91
:106A9C00281D00200020805170B50E460E4B0F4C67
:106AAC000546187802F09DFEC4E90464FEF798FDD3
:106ABC0004220B4BC3F80423204602F07AFA38B9AF
:106ACC00204602F07BFA18B9C5E90040284670BD93
:106ADC00FFF72CFFF0E700BF9E260020281D0020AA
:106AEC000080045000487047281D00200422084BE9
:106AFC0010B5C3F808230446FEF792FD002323616A
:106B0C00A364044BBDE81040187802F06CBE00BFC3
:106B1C00008004509E26002000487047281D00204D
:106B2C0000487047781D002010B50C4641F22C012E
:106B3C0002F08FFAC0F3812003280EBF0023024B12
:106B4C001B56236110BD00BF62C20000244B0340E2
:106B5C00B3F5806F2FD017DC402B2ED008DC102B18
:106B6C002DD0202B2DD0181E18BF012040007047AF
:106B7C00B3F5807F27D0B3F5007F26D0802B08BFDC
:106B8C000B2018BF02207047B3F5804F1FD00ADCD2
:106B9C00B3F5805F1DD0B3F5005F1CD0B3F5006F6B
:106BAC0008BF0620EDE7B3F5004F16D0B3F5803FD4
:106BBC0008BF0320E5E7112070470A2070470C201E
:106BCC007047092070470820704707207047142031
:106BDC00704705207047042070470F20704700BF96
:106BEC00F0FF0100036813F4700F0AD1806858B1EC
:106BFC00064B984207D0064B98420CBF0520062046
:106C0C007047002070470220704700BF65C200002B
:106C1C0015C30000672370B5154604460E46036085
:106C2C001822002100F5E47000F03EFF064BC4F87A
:106C3C00F061C4F8D831C4F8F85173686B60034B39
:106C4C002B60F368EB6070BD5D6C000028BA00002F
:106C5C0037B5184B044619686846FFF71DFFDDE988
:106C6C00005212B1226003B030BDD4F8F031284686
:106C7C00196902F033FA08B12060F4E70E4B28468C
:106C8C00C4F8C8310D4BC4F8C451C4F8CC314FF022
:106C9C00FF3323600A4BC4F80432D4F86832C4F8CA
:106CAC00003204F50073C4F8683203B0BDE830401C
:106CBC0002F0EFB964B90000559500006D95000025
:106CCC00A595000037B50446D0F8C401FFF70EFFB8
:106CDC0023686846C4F8FC31114B1968FFF7DCFED9
:106CEC00DDE9005010B1206003B030BD0246014612
:106CFC00284602F0F3F90028F5D1284602F0C9F92C
:106D0C004FF0FF30074B2060C4F80432D4F86832DF
:106D1C00C4F8003204F50073C4F86832E4E700BF2D
:106D2C004CB900007D9500002DE9F0410368044644
:106D3C00072B0AD1D0F808325A1EC0F80822FBB92A
:106D4C002046BDE8F041FFF7BDBF002BF8D1D0F8CD
:106D5C00C40102F0FCFA0646D4F8C40102F0CDFAE4
:106D6C000546D4F8F471D6F8048002463168786888
:106D7C0000F08FFE2A464146B86800F08AFEDFE735
:106D8C00D0F8C401FFF7B2FE0020074B2060C4F816
:106D9C000432D4F86832C4F8003204F50073C4F835
:106DAC006832BDE8F08100BF999500002DE9F043F1
:106DBC000446D0F8F03185B0586802F05BF8244BEB
:106DCC000546C4F8C831234B02A8C4F8CC31FF23C4
:106DDC00C4F80832204B1968FFF75EFEDDE902703B
:106DEC0018B1206005B0BDE8F083D4F8F031384616
:106DFC00196901AA02F072F90028F2D13846C4F8D8
:106E0C00C47102F07AFAA8420646D4F8E891DDF88B
:106E1C00048005D9451B2946404602F09FF8A8443A
:106E2C0032464946404602F0B6F8384602F031F98F
:106E3C004FF0FF30094B2060C4F80432D4F86832AC
:106E4C00C4F8003204F50073C4F86832CAE700BF16
:106E5C00559500006D9500007CB90000356D000063
:106E6C0038B5672304460360D0F8E851083002F0C7
:106E7C0005F829460246204602F04BFB054BC4F8A8
:106E8C000432D4F86832C4F8003204F50073C4F844
:106E9C00683238BD9995000070B50D4604464868B7
:106EAC00164601F0E7FFEB685B681844D4F8EC3148
:106EBC00834202D26D23236070BD1822002104F599
:106ECC00E47000F0F1FD67232360034BC4E97C56AA
:106EDC00C4F8D031F0E700BFE96E000070B5D0F80F
:106EEC00F0310446586815460E4601F0C3FFA8421F
:106EFC0003D96FF05303236070BD02D26FF03F03D0
:106F0C00F9E72A463146D4F8E80100F0C2FD002327
:106F1C00C4F8D031014BC4F8D831EDE79595000099
:106F2C00F8B50446D0F8EC7148680D46164601F0E9
:106F3C00A1FF874202D26D232360F8BD2046696809
:106F4C0000F040F8024BC4E97C56C4F8D831F4E7A1
:106F5C006D6E000070B504460E46154600212422C5
:106F6C00083000F0A1FDFFF767FD0269302A0BD055
:106F7C00064B0749422A18BF0B46064AC4E903656B
:106F8C00C4E90023204670BD034BF6E7DCB80000D3
:106F9C001CB900000CBA0000FCB80000026100F142
:106FAC001402826000F110024160C2600A60426803
:106FBC00034991604268D360436810334360704763
:106FCC000400002038B567230D4600210446C0E9B3
:106FDC000031182200F5E47000F066FD0C4B4FF404
:106FEC00DE72C4F8C8310B4B2946C4F8CC310A4BBD
:106FFC0004F10800C4F8D031084BC4F8D431084B64
:10700C00C4F8DC3101F054FE00B1206038BD00BF83
:10701C00A5970000D19700007597000061970000BC
:10702C002D97000070470020704730B583680446E8
:10703C008B42154685B00ED96368C068194401AA05
:10704C0000F0F6FD28B96268019B9B1A2B60029B2D
:10705C006B6005B030BD6FF02100FAE7704710B5DA
:10706C0004464FF41372002100F01EFD204610BDA3
:10707C002DE9F7430E4617469946044628B94FF0BA
:10708C00FF38404603B0BDE8F0830029F7D0002A52
:10709C00F5D0CB680D8938461D44042329460DEBE9
:1070AC00030200F0FEFB80460028E8D146F60812E9
:1070BC00BDF804107389914225D1BDF80610994290
:1070CC00DDD1042338460DEB0302294400F0E9FB23
:1070DC000028D4D146F60713BDF804209A42CED12D
:1070EC00C4E900679DF82830A4F80890A37273894E
:1070FC00BDF806202B44E360738913442B440435FC
:10710C0063612561BDE7002BE4D0B8E72DE9F341BD
:10711C000E4617461D46044620B94FF0FF3002B00C
:10712C00BDE8F0810368002BF7D04368002BF4D046
:10713C004FF6FF78D4E904239A4216D223685B8970
:10714C0023B1E368934204BF043323610423216910
:10715C0060680DEB030200F0A4FB0028DDD1A37ADC
:10716C002BB1D4E903329A4201D30120D7E723890A
:10717C00BDF80610434501F1040203D0BDF804C06C
:10718C009C450BD115B1BDF804302B802369043319
:10719C0033603980236913442361C0E723691344A6
:1071AC002361C7E748B103683BB143682BB1C068A2
:1071BC00884294BF0020012070474FF0FF30704789
:1071CC0000F057BC4FF4407358435030704710B523
:1071DC00044600F0A8FB4FF44072A368503B02FB3E
:1071EC00103010BD70B50D46044600F04DFE2A4619
:1071FC00A0F1100104232046BDE8704000F051BB03
:10720C0013B50446019100F03FFE0423A0F11001D8
:10721C000DEB0302204600F07AFE02B010BDF7B56C
:10722C00044600200D461746F9F7F8FA6946C0B235
:10723C00FAF7F2FD30B10125009800F031FB284639
:10724C0003B0F0BD2C2303FB0544E36826890098AA
:10725C001E44042331460DEB030200F022FB0546CD
:10726C000028E8D146F60813BDF8042064899A4238
:10727C00009819D1BDF806309C4201D00325DBE7FC
:10728C000423A1190DEB030200F00BFB0028D2D153
:10729C0046F60713BDF804209A42EFD1BDF806104C
:1072AC00214431443960C7E7002CF1D0E6E770B5D2
:1072BC0013460E461546002102460446F9F706FF12
:1072CC0050B92B460121204604F12C02F9F7FEFEA1
:1072DC0010B1002E08BF002070BD37B54FF480757B
:1072EC000446426A01A90320019500F04CFB58B9F1
:1072FC00019B0620226DA36201A9019500F043FBBE
:10730C00054628B1092500E00125284603B030BD0B
:10731C00019B206A636500F006FBE065F5E701233D
:10732C00036003F1012343600023C0E9023370477B
:10733C004379012B07D10368012B04D10079431E3B
:10734C005842584170470020704770B586B00646C9
:10735C000D46032001A9FAF75FFD30BB0198FFF73A
:10736C0036FFF16D0446284600F0C7F80444019836
:10737C0000F0D9FA0646019800F0DCFA102201461A
:10738C0002A800F091FB2B7921468DF8083001986A
:10739C00334602AA00F09AFA041E019818BF012481
:1073AC0000F07EFA204606B070BD0124FAE700F02A
:1073BC00A2BA2DE9F843036A0D46994222D0C36C58
:1073CC00994221D101262C2303FB0606C06DB46A19
:1073DC00FFF7F8FE4FF000080746013C736A284699
:1073EC0003EBC40253F83410D2F804901B684A46DD
:1073FC00C91AC844FFF7DBFFB84504F1FF34EDD3DD
:10740C00BDE8F8830026DEE70120F9E737B515461D
:10741C000C46C06C6946FBF703FFE979012903D0E0
:10742C000022204600F0CBFD9DF80330012B02D149
:10743C00204600F0A3FDA9682046FFF7E1FE204698
:10744C00FBF7CEFE002003B030BD73B50D460646EB
:10745C00F9F73CFF0446E86058B302282ED103200C
:10746C0001A9FAF7D9FC58BB2A4631460198F9F71D
:10747C0083FE0446D0B9019800F006FD01230146B5
:10748C000DF10302019800F00CFA0446A0B9012298
:10749C0001980DF1030100F00BFD10B101238DF8E3
:1074AC0003309DF8033003F00F03EB71019800F0EB
:1074BC00F7F9204602B070BD0124F7E70724F8E77E
:1074CC000124F6E738B5436A0446C06D5D68FFF7E2
:1074DC0079FE00230246A06A01382B449A4201D956
:1074EC000138FAE738BD436A00205A680346134452
:1074FC008B4200F10100FAD3704710B54379027941
:10750C00012B06BF00230C460B0202F1FF3201FBDC
:10751C000233026818BF4C00013A04FB023010BD64
:10752C0070B50368CD1A002D02DC6FF05F0070BDE2
:10753C0093F900601C78002E0ADB5C1C04601B783D
:10754C0013600368C91A13688B42EED80020EEE76B
:10755C0004F07F04013C032C2BD8DFE804F0020A72
:10756C001421012DE1D05B781360036802330360B2
:10757C00E7E7022DD9DDB3F801305BBA9BB213609B
:10758C0003680333F3E7032DCFDD9C785D78240289
:10759C00DB7844EA05442343136003680433E6E7CD
:1075AC00042DC2DDD3F801301BBA13600368053318
:1075BC00DDE76FF06300BAE770B404680E1B002EB1
:1075CC0007DD26789E4208D10134046070BCFFF7B9
:1075DC00A7BF6FF05F0070BC70476FF06100FAE7F7
:1075EC0038B503230446FFF7E7FF18B9136813B93E
:1075FC006FF0670038BD013B136023681A78002ACE
:10760C00F6D101332360F5E72DE9F34190461F468F
:10761C0001AA302305460E46FFF7CEFF0446F0B90B
:10762C002B68F61A002E34DD42461B78284642F8A9
:10763C00043B2E68019B1E4431460623FFF7BCFF1A
:10764C00044660B92B68D8F80420C8F8083099189B
:10765C00B142296007D10C213846FDF7E7F92046E5
:10766C0002B0BDE8F0819B5C3A4642F8043B2B68C3
:10767C003146013328462B60FFF752FF60B92B6867
:10768C007A68BB601344B34218BF6FF065042B607B
:10769C00E5E76FF05F04E2E70446E0E710B5036A44
:1076AC000446D8688368DB689847E36CD8688368BD
:1076BC00DB689847012010BD002070470FB407B558
:1076CC0004A951F8040B0191FAF762F803B05DF8C4
:1076DC0004EB04B07047038B13F0070305D1036868
:1076EC00002B0CBF002003207047022B05D1408BD0
:1076FC00B0FA80F0400980007047012B05D1036877
:10770C00002B0CBF0020052070470020704710B5DF
:10771C000C4600B111B96FF0150010BD081D00F03A
:10772C0093F80028F9D1A368032BF6D9F3E72DE9D8
:10773C00F0410D4607461946281D90461E4600F09E
:10774C0094F8044638B13346424629463846A44696
:10775C00BDE8F0416047BDE8F08110B4EFF3118251
:10776C00202484F31288BFF36F8F416110BC012178
:10777C00FAF73EBA38B50C46054658B151B10B680C
:10778C0043B14B6833B11C22002100F08DF900206D
:10779C002C6138BD6FF01500FBE770B505460E4641
:1077AC00FFF7B5FF041E14DBEFF31182202383F3E4
:1077BC001288BFF36F8F4FF6FF716B8B2C8B8B4244
:1077CC0004F0070407D182F31188BFF36F8F6FF0B9
:1077DC000A04204670BD022C0CD101336B8382F35A
:1077EC001188BFF36F8F0023224631462846FFF7DE
:1077FC009EFFEEE7062C14D8DFE804F004131313F5
:10780C00041A0400002333606B683BB9C5E90066B9
:10781C00ACB902212846FAF7EBF9DAE71E606E6084
:10782C00F6E782F31188BFF36F8F6FF00404D0E793
:10783C0082F31188BFF36F8F6FF08504C9E782F371
:10784C001188BFF36F8FC4E7034658B1426802F04A
:10785C000302012A03D0032A04D1026812B10020CA
:10786C00986070476FF0150070474268034602F04D
:10787C000302032A4FF00002816014BF1046006817
:10788C005A60704770470FB407B504A951F8040B40
:10789C000191F9F77DFF03B05DF804EB04B070477C
:1078AC007047002930B4044618460BDBA568084421
:1078BC00A84207D8E0686468214484682468A44618
:1078CC0030BC60476FF0150030BC7047002930B4F5
:1078DC00044618460BDBA5680844A84207D8E068A4
:1078EC006468214484686468A44630BC60476FF0C7
:1078FC00150030BC70470029034610B410460BDB52
:10790C009C680844A04207D8D8685B68194483680F
:10791C009B682BB110BC18476FF0150010BC70475A
:10792C006FF05700FAE708B5C0688368DB689847C2
:10793C00006808BD08B5C0688368DB689847407963
:10794C0008BD70B54C680368A34201D2012070BD1C
:10795C008A682244934201D30020F8E74E69D1E9AA
:10796C000325B54203D36FF00B038B61F4E71B1BAC
:10797C0042F835304368086902EBC00253600B696A
:10798C0001330B61E2E737B50C46C0B201A91546CD
:10799C00FAF742FA00280CDB019850B121462A462E
:1079AC00FAF760FA04460198FFF77AFF204603B015
:1079BC0030BD6FF01504F9E7012801D1EFF3058311
:1079CC0000F000BC01460068FFF7F6BF08B5FAF7F7
:1079DC0075FABDE8084000F000B87047002101209E
:1079EC00FFF7EABF61B662B680F31188BFF36F8F01
:1079FC007047EFF31180202383F31288BFF36F8F4E
:107A0C00704772B6002383F31188BFF36F8FBFF3F7
:107A1C004F8F20BF80F31188BFF36F8F62B6704712
:107A2C0040E800F313F4803FD8B208BF6FF01500A4
:107A3C00704730B50C684B6885B00A894D89009445
:107A4C00013B24F01F04234402F01F0242EA4512BA
:107A5C0023F01F0369468DF808200393FAF7C2FC44
:107A6C0005B030BD034600201A5C02B970470130E6
:107A7C00FAE710B55AB10139841810F8012B11F836
:107A8C00013FA04201D09A42F7D0D01A10BD104647
:107A9C00FCE710B5431E0A44914200D110BD11F809
:107AAC00014B03F8014FF7E70346C9B20244934276
:107ABC0000D1704703F8011BF9E74FF0FF30704716
:107ACC006FF0850070470C220369C9B201FB0233C9
:107ADC00186C00F00700704770B5C9B20369EFF37A
:107AEC001185202484F31288BFF36F8F0C2606FBBC
:107AFC000134246C14F0C00408D0A24206D085F3E3
:107B0C001188BFF36F8F4FF0FF3070BD01227143AE
:107B1C000B441A6485F31188BFF36F8F43680B44D1
:107B2C005B6898470020F0E78022FFF7D5BFF8B5D7
:107B3C00069F0469C9B2EFF31186202585F31288DC
:107B4C00BFF36F8F0C2569430C44256C05F0070CB3
:107B5C00BCF1010F0BD1276486F31188BFF36F8F33
:107B6C00C4E90E2343685B5898470020F8BD05F024
:107B7C00C005AF4286F31188BFF36F8F0CBF6FF057
:107B8C0077004FF0FF30F1E713B580240094FFF736
:107B9C00CEFF02B010BD6FF08500704710B41C24EE
:107BAC000069CBB203FB0400002110BC104700207D
:107BBC00FBF782BD002000F01EBA022804D0042876
:107BCC0004D10020FAF77EBE0120FBE77047F7B521
:107BDC001C460023164682682360A3600D46536939
:107BEC00694601AA9847019B5A1E01921BB96FF076
:107BFC00150003B0F0BD0098A26847682168676063
:107C0C0085B9B31AD0F800C0634528BF634603FB9F
:107C1C0007111A442160A26002689A4206D8083003
:107C2C000090E0E76B1AB3FBF7F3EBE70020E0E71B
:107C3C0013460022FFF7CBBF2DE9F04700248368E1
:107C4C0086B0884691465B6902AA01A99847A2466C
:107C5C002546029BAB4202D806B0BDE8F087002651
:107C6C00019F07EBC5077B6804933A680AEB060390
:107C7C00B24202D89A460135EBE749460394059384
:107C8C0003A8C0470028E7D0049B01361C44ECE74E
:107C9C0008460021FAF70CBF084611461A4609B1EE
:107CAC00FAF706BF6FF015007047436800205B6859
:107CBC00DB680B607047436802EA01005B6821EAED
:107CCC0002015860002099607047436800205B688F
:107CDC0059607047436800205B689960704743683F
:107CEC005A68136821EA03000B405060002093602F
:107CFC00704710B503695868F8B1884219D19C686F
:107D0C000868A142586000D19860002008602AB130
:107D1C005A680A609A68596002B99960002010E0AC
:107D2C00814206D10868206098688142EDD19C6040
:107D3C00EBE7044600680028F2D1002AE8D16FF086
:107D4C00150010BD30B543681360057A446804EB28
:107D5C00C504A34202D36FF0010030BD5C798C42A4
:107D6C0001D00833F0E70020F7E743681B68D3F82D
:107D7C003031704743681B68D3F88004C3F8800423
:107D8C00704742681368D3F84C0150B10020926AD6
:107D9C0012780A70C3F84C01D3F84C2101229A6274
:107DAC0070474FF0FF30704737B504460022012171
:107DBC00C620FAF777FAC620FAF744FA62685369D4
:107DCC001068C0F82435D18B938B957E0B43118CA6
:107DDC000B43518C0B43517E127E29430A439BB2B9
:107DEC001343C0F86C3561680B68D3F8002242F479
:107DFC008022C3F800220822C3F800254A6A012118
:107E0C00C3F83C270022C3F840271965D3F830117A
:107E1C000029FBD0C3F8002563680021DD6801AAA6
:107E2C002846FFF78FFF002805DB019B2A6819798C
:107E3C001868FBF72DF8082162681368C3F8001561
:107E4C00117A51B9926AC3F804270122C3F80827A2
:107E5C00C3F84C11D3F84C119A62002003B030BD1A
:107E6C0008B5FBF7B5F9002008BD08B5FDF716F904
:107E7C0048B1002383F31188BFF36F8F0423184696
:107E8C0002DF6FF0040008BD8068203820F00F007E
:107E9C0020387047042809D0052803D1481E18BF84
:107EAC0001207047431A58425841704701207047CF
:107EBC0038B515460C4661B15AB1FFF73BFD21466A
:107ECC00254411F8013B834203D1A942F9D1012089
:107EDC0038BD0020FCE738B50C460123114622467C
:107EEC000546FFF7DEFC00280FDB01222146284661
:107EFC00FFF7DEFF38B92378012B14BF02230123CF
:107F0C000020237038BD0323FAE70120FAE72DE99E
:107F1C00F0431D4685B006460F469046FFF703FD1D
:107F2C006C1E044440420440102C1AD83046FFF713
:107F3C0001FD81462A4641466846FFF7AAFD49469F
:107F4C00621B0DEB0500FFF7AFFD23466A46394671
:107F5C003046FFF7BBFC003818BF012005B0BDE868
:107F6C00F0834FF0FF30F9E707B501238DF80420BB
:107F7C0001AAFFF7CCFF03B05DF804FB8168012276
:107F8C00203921F00F01FFF7EFBF8268203A22F071
:107F9C000F02FFF7A0BF13B50C46C0B201A9F9F749
:107FAC003BFF50B921460198FBF73AF9044601987A
:107FBC00FFF776FC204602B010BD0124FAE713B59A
:107FCC0041EA021104468DF80710FFF75DFF01230B
:107FDC0001460DF107022046FFF799FF02B010BDD4
:107FEC0081680122203921F00F011039FFF7BCBF45
:107FFC00004700F0CCB8FBF7CBBAF7B51646DDE975
:10800C000847019001A81D46FBF7FCFB019BB6F14C
:10801C00000C18BF4FF0010C00EB83000B1E18BFB7
:10802C000123002D43EA4C0314BF4FF00C0C4FF00E
:10803C00000C002C43EA0C0314BF4FF4706C4FF08F
:10804C00000C002F43EA0C0314BF4FF4403C4FF0DC
:10805C00000CD0F8802043EA0C0322EA030301B1A0
:10806C0009780EB13678760019430DB12D78AD0034
:10807C0031430CB12478240229430FB13F783F04DB
:10808C000C433C43C0F8804003B0F0BD1FB50DF16C
:10809C000F03019300238DF80F101A461946009315
:1080AC00FFF7ABFF05B05DF804FB70B5044608465E
:1080BC001646FBF7B7FB083034F810300D46DA05DE
:1080CC0009D5C3F3432304EBC3023146284654F8C5
:1080DC00333052689847A3682BB131462846E26882
:1080EC00BDE87040184770BDF0B50446002001276C
:1080FC000546844695420AD1D4F8443133B1002365
:10810C00C4F84431D4F8443140F40030F0BDEBB243
:10811C009B0003F580769B0807FA03F3194208D0FD
:10812C0054F806E0BEF1000F03D044F806C0A6597F
:10813C0018430135DEE770B50679044630460D4626
:10814C00FBF700FCB0B13046FBF7EAFB90B93046C8
:10815C00FBF7D6FB012322688340C2F81833226850
:10816C0003B202EB8303D3F8102522F00302C3F809
:10817C00102570BD2846BDE870400021FFF786BF72
:10818C00FBF7C6BCFFF7D7BFC9B2FCF7ABB908B158
:10819C00FAF7F4BA7047704740B1C368587810F0DA
:1081AC0001001EBF1878B0FA80F040097047EFF359
:1081BC001183202383F31288BFF36F8FFEE708B57A
:1081CC00FFF7F5FF10B5EFF31184202383F312882A
:1081DC00BFF36F8FFFF7F3FF84F31188BFF36F8F3B
:1081EC0010BD10B5D0E9003433B90020E2685378E3
:1081FC0043F00103537010BD204698470028F4D07B
:10820C000028B8BF4042FF28A8BFFF20E3681870C1
:10821C00ECE7FFF749BCFFF73CBC7047EFF3058078
:10822C00003818BF0120704710B5FCF7F9F9044667
:10823C00FCF7FEF974B1D4E904321B1A62EBE0725C
:10824C00B3F1004F72F1000104DA002AACBF1846FA
:10825C00002010BD6FF00040FBE700207047704716
:10826C0010B5044608B1FCF7E1FB2046BDE8104010
:10827C00FCF7CCBB0346C068E0B15888D0B11B8872
:10828C0003F44F42B2F5824F09D1DBB2272B2AD02F
:10829C0008D8172B0FD0222B34D0122B16D06FF0FE
:1082AC0085007047302B2FD0413B012BF7D8FF288E
:1082BC0039D100207047C028FBD0E128F9D0B0F5A7
:1082CC00807F0CBF00206FF08600704720F02003E9
:1082DC00C02BEED020F08003B3F5807FE9D040F2C4
:1082EC0009239842EDE7E928E3D0EF28E1D040F2EA
:1082FC001B139842DDD040F299139842D9D040F22A
:10830C003B23EEE7E928F1E720F02003C02BD0D087
:10831C0020F04003B3F5807FCBD0B0F5C07FC8D040
:10832C00B0F5007FCDE7B0F5E07FCAE700232DE97B
:10833C00F34113604768D0F8148004460E46384663
:10834C00114600F067F9054688B9384600F064F923
:10835C00054660B9FFB277B9B8F1000F05D1A06836
:10836C0020F0031020F47F4060B16FF086052846A2
:10837C0002B0BDE8F0810121606900F023F900280A
:10838C00EDD1F2E74FF6F87362889A4217D8277945
:10839C0007B901A83146FCF717FF05460028E6D1BE
:1083AC000FCCD6F800C066460FC694E8070086E8E6
:1083BC000700002FDBD1019BCCF81430D7E76FF00E
:1083CC008505D4E741F20623984209D8B0F5905FB1
:1083DC0009D241F2010398420CD0B0F5885F09D064
:1083EC006FF0850070476923A0F5905080B2C340B0
:1083FC00DB07F5D511F0070F14BF6FF086000020D6
:10840C00704770B5446A05460E463CB90120FCF72E
:10841C00F7FA686228B12046AE6270BD6FF08A0030
:10842C00FBE76FF08C00F8E7F8B51E460F461546D3
:10843C000388C2B103F4E043B3F5805F02D0B3F517
:10844C00005F10D1089BE90019600088FFF7BAFFA4
:10845C00044630B92A4639463046FFF71AFB079BCB
:10846C001D602046F8BD6FF08504FAE710B5044690
:10847C00406A10B1A16AFFF7F3FE0020C4E90900BD
:10848C0010BD38B50546FFF7F1FF2B7F0446012BD5
:10849C000ED0023B012B0ED82B6A012B18BF6FF0AC
:1084AC0096042C2200212846FFF7FEFA204638BD00
:1084BC002B6A002BF2E76FF09604F2E710B5036815
:1084CC00044623B100F0C7F80023236010BD184602
:1084DC00FCE738B50C4601680546A1B904F0FE432B
:1084EC00B3F1007F12D14FF412720430FFF7DCFAB3
:1084FC0021462846FDF756F8044610B12846FFF7EA
:10850C00DDFF204638BD6FF08804F7E76FF0860476
:10851C00F4E738B50468054664B112B90024204666
:10852C0038BD00F083F804460028F7D02846FFF742
:10853C00C5FFF4E76FF08804F8E770B500261E60FD
:10854C00046805463CB100F07AF804462846FFF76B
:10855C00B5FF204670BD6FF08804FAE7F0B507460A
:10856C0087B001200C4615461E46FCF787FBD0B998
:10857C0023464FF40062384605A9FCF7BFFB90B9BF
:10858C000D9B059803930C9B0095CDE90163234645
:10859C00D0E90912FCF70AFF0446059800F038F8F8
:1085AC00002C18BF204607B0F0BD037F022B06D16C
:1085BC00036A5A1C03D001330362002070476FF02A
:1085CC009600704703466FF040420846591E914290
:1085DC0007D338B103F1404393428CBF00200120F4
:1085EC00704701207047034668B1017F8A1E012A3B
:1085FC000BD80329026A03D1012A01D1FFF741BF2D
:10860C001AB1013A1A62002070476FF09600704759
:10861C00FFF7E9BF00207047C0B2FF280CBF6FF016
:10862C00860000207047FDF731B870470368052BB2
:10863C0002D1043000F000BA6FF08800704710B41B
:10864C000468052C03D110BC043000F05BBA6FF049
:10865C00880010BC704708B50368052B04D14FF493
:10866C001271043000F0C3F8002008BD00207047E0
:10867C00002070470A2840DCC31C22DA10F1400F9E
:10868C0047D010F13F0F2BDA10F1410F44D010F10D
:10869C00550F44D010F1490F08BF6FF0840018BF7C
:1086AC006FF08600704709282AD8DFE800F005290A
:1086BC00290816293829292F6FF0980070470020B7
:1086CC007047C31C0D2B1BD8DFE803F0072F1A1CB7
:1086DC001A1A1A1A1A1A1D1A1A1D6FF085007047E9
:1086EC0010F1210F1ED00BDB10F1200F1DD010F15B
:1086FC00100F08BF6FF09400D1E764380928D2D965
:10870C006FF0860070476FF0940070476FF08C002C
:10871C0070476FF0840070476FF0890070476FF0FE
:10872C00930070476FF0880070476FF092007047AD
:10873C002DE9F8430E46174608994FF4DE720446AD
:10874C001D46DDF8248000F0B3FAB8B981464D45DA
:10875C0009D14146204600F056FB78B92046BDE8C9
:10876C00F84300F07FBB204657F8292056F8291013
:10877C0000F0CBFA10B909F10109E8E7BDE8F8837C
:10878C0010B5F2B0749CCDE9003413460A4601468C
:10879C0003A8FFF7CDFF72B010BD1FB5CDE90210D5
:1087AC00009302A9134603A80122FFF7E9FF05B0C5
:1087BC005DF804FB8B4230B50CD8002421469C425A
:1087CC0003D1081E18BF012030BD155D0555294386
:1087DC000134F4E70020F7E710B58B4294BFC418BE
:1087EC004418A04200D110BD00F8012BF9E700237A
:1087FC001A4682B001908B4201D102B070470198A9
:10880C00C2540133F7E707B501A9FDF719F9003890
:10881C0018BF012003B05DF804FBF0B50229174620
:10882C001E46ADF53F7D27D16C4602783946684629
:10883C000CADFEF78FFB0FCC0FC50FCC0FC594E81A
:10884C00070085E8070000227B6811461B9622A8CA
:10885C001E441C9600F032FE17AA0CA922A800F0A8
:10886C0067FE22A800F04AFE22A800F02DFEFFF7BA
:10887C0001FF0DF53F7DF0BD6FF08600F9E710B5F7
:10888C00048886B004F44F44B4F5824F10D10B9C8D
:10889C0004940A9C0394099C0294089CCDE900342E
:1088AC0013460A4601460120FDF7E2F806B010BD5A
:1088BC006FF08500FAE710B5048886B004F44F44D5
:1088CC00B4F5824F10D10B9C04940A9C0394099C20
:1088DC000294089CCDE9003413460A460146002058
:1088EC00FDF7C6F806B010BD6FF08500FAE78B42B5
:1088FC00F8B5074615461E4605D95C1A21461046A2
:10890C0000F02CFB2544324639462846BDE8F84099
:10891C0000F041BB2DE9F04782B0064602AF084695
:10892C000D4690469A4600F0A5FAC31D23F00703A6
:10893C00ADEB030D0DF1080904464B462A46514692
:10894C004046FFF72AFF38B97B6A22460093494616
:10895C0030463B6AFDF7AAF9BD46BDE8F08713B572
:10896C0000240094FDF7EEF902B010BD10B50446DA
:10897C0094F84432043043B14FF4DE72216800F0B5
:10898C0097F908B984F8440210BDBDE8104000F016
:10899C0093B9F0B5F1B007460D46164600214FF4D9
:1089AC00DE7201A81C46FFF77FF8002369463846A3
:1089BC000093FCF7BFFE98B9009800F05BFA769B29
:1089CC00984220D8009800F055FA779B4FF4DE724D
:1089DC001860009901A800F06BF918B1FFF74AFE76
:1089EC0071B0F0BD3246294601A800F08EF900287E
:1089FC00F4D1214601A800F006FA0028EED101A816
:108A0C0000F030FAEAE76FF08900E9E738B5044680
:108A1C0008462146FCF78EFE054660B90123206806
:108A2C0084F8443200F028FAC4F8C0012846BDE8A6
:108A3C003840FFF71FBE38BD2DE9F84304460F46FA
:108A4C001546AAB1D0F8C031934214D9006800F091
:108A5C0013FAD4F8C02104F5E273801A18442A469C
:108A6C003946FFF716F8D4F8C0315B1BC4F8C03197
:108A7C000020BDE8F883FFF779FF18B1BDE8F84393
:108A8C00FFF7F8BD206800F0F7F9D4F8C02104F125
:108A9C00040804F5E279821A4946404600F035F99B
:108AAC000028EBD12068D4F8C06100F0E5F9AE1BCA
:108ABC00B6FBF0F303FB1066AD1B2A463946404665
:108ACC0000F023F90028D9D1404600F04DF90028D8
:108ADC00D4D1404600F0C6F90028CFD1206800F070
:108AEC00CBF98021C4F8C0014846FFF780FE002E68
:108AFC00BED0324648467919FEF7CBFFD4F8C031C8
:108B0C009B1BB3E7F8B50446006815460F461E4696
:108B1C0000F0B0F9A84228D82046FFF727FF18B17B
:108B2C00BDE8F840FFF7A6BD254655F8040B00F04C
:108B3C00A3F9D4F8C02104F5E271821A284600F09A
:108B4C00E4F80028ECD13946284600F05CF90028FE
:108B5C00E6D1284600F086F905460028E0D12068C9
:108B6C0000F088F930602846F8BD6FF08905FAE707
:108B7C00CA0448BF41F480618B0448BF41F40061D2
:108B8C0081607047FDF70ABBC0F30253042B05D874
:108B9C00012B07D80DD06FF098007047052BFAD138
:108BAC00032306E00B8844F212118B420CBF042302
:108BBC00022300F030002028136001D00020704701
:108BCC0002331360FAE713B50C46FCF739FFC31CEC
:108BDC000FD0013009D004224FF0FF3321460DEBAA
:108BEC0002000193FEF745FF30B96FF08B0002B025
:108BFC0010BD6FF08400FAE70020F8E730B589B0BB
:108C0C00054618220C4601A80021FEF74DFF012352
:108C1C0044EA052401A9FA2007940593FCF7CAFE3F
:108C2C00002818BF6FF0920009B030BDF7B5FA20DC
:108C3C0001A9FCF705FF044610B1002003B0F0BDFC
:108C4C00019D2F0AEDB2AC4205D1FA20FCF7DEFEF5
:108C5C000028F2D008E0E6193046FCF7D7FE30B118
:108C6C003046FFF7D0FD10B96FF09200E6E7013403
:108C7C00E9E738B503780446033303F00303012B0B
:108C8C000FD86FF0210038BD60782844FCF7B0FE97
:108C9C0048B901352378C3F382039D42F4D30020F5
:108CAC00F1E70025F6E70220EDE71830FDF7C6BD29
:108CBC000160CB691146184738B5036804460BB3FD
:108CCC00027EFAB94FF4DE71DB69C5689847C0B90A
:108CDC002368E5605A69636AE169C2F5CA72134494
:108CEC000B602368E2695B6943F000539360626830
:108CFC00E3695268DA60E3691033E361A368023315
:108D0C00A36038BD6FF02000FBE708B5037E43B3CA
:108D1C002AB38368062B05D91830FDF78FFD6FF049
:108D2C00440008BDB2F1807F05D31830FDF786FDF5
:108D3C006FF03F00F5E7C3691960C3699A60416839
:108D4C00C369C968D960C3691033C361036913442B
:108D5C000361C3681344C3608368013383600020DC
:108D6C00DFE76FF02000DCE770B5037E0246002BD6
:108D7C0046D050F8183BD1681C69B1FBF4F504FBE4
:108D8C00151121B1FDF75AFD6FF0450070BDD3E907
:108D9C0005452C44D02C04D9FDF750FD6FF0220072
:108DAC00F4E79D68946A166A6C4094625D6865404D
:108DBC0095625C69556AE31CC4F5CA742544356038
:108DCC001568146A6D6923F00303A560146A04F135
:108DDC001005156215686D699D420AD021611468F1
:108DEC00116A64691B1B43F080438B60136A103358
:108DFC0013624FF4A0717C3200F0FBFB0020C5E73E
:108E0C006FF02000C2E710B5037E0446ABB1D0E989
:108E1C0003239A4204D00268836A526853408362E7
:108E2C0020466369984704F118004FF4A07104F1CF
:108E3C007C0200F0DEFB002010BD6FF02000FBE791
:108E4C0038B5037E054653B100F043FC431C044681
:108E5C0003D005F11800FDF7F1FC204638BD6FF08A
:108E6C002004FAE710B504462046FFF7E9FF431C3F
:108E7C00FAD010BDC0687047006970470368D868A5
:108E8C007047F8B50D46064607682846D41B2146A0
:108E9C0000F064F83A4671682819BDE8F84000F013
:108EAC007AB870B5054616461C461A46FFF7E9FF18
:108EBC002246314605F10800BDE87040FFF7E1BFDE
:108ECC0038B50C46054601462022206800F063F8B0
:108EDC0020226068A918BDE8384000F05CB870B575
:108EEC000C46054600F033FA0668202241682046FD
:108EFC00FEF7CFFD3278E37F284643EAC213E377CF
:108F0C00BDE87040FDF7F2BD73B50D4601466846ED
:108F1C00FDF71EFD019C44B9009E304600F084F81C
:108F2C00294604463046FFF7DAFF204602B070BDF2
:108F3C0030B585B0009313460A46014602A8FDF7EA
:108F4C002BFD039C3CB9029D284600F06DF80446AD
:108F5C002846FDF7CBFD204605B030BD70B5044664
:108F6C000D46A1B1410706D00023013D04F8013B99
:108F7C0001D06207F9D125F00F06324620460021B8
:108F8C00FEF792FD0023A2192C44A24200D170BD21
:108F9C0002F8013BF9E78B18991A12B110F00F0F78
:108FAC0001D1FEF776BD0978013AC9B200F8011B70
:108FBC00F2E70368D868C0F300407047036803F514
:108FCC0080535B6A13F4A02F14BF0120002070475C
:108FDC0010B5044600F042F820B12046BDE8104020
:108FEC00FFF7ECBF2046BDE81040FFF7E2BF38B5F5
:108FFC000225036804469D6000F030F818B1236820
:10900C0003F58053DD6138BD10B5044600F026F839
:10901C0020B12046BDE8104000F025B82368BDE81B
:10902C001040D868FDF792BD10B50446204600F0FC
:10903C0015F808B9FDF77AFC2046FFF7C9FF0028A0
:10904C00F4D12046BDE81040FFF7DEBF03685A504C
:10905C0070470368585870476C307047036918683C
:10906C0000F40030704710B541F224010446FFF7BC
:10907C00F0FFC20709D4830709D420460C21FFF75F
:10908C00E8FFBDE81040FDF761BD082010BD0220CF
:10909C00FCE710B5044600F025F9BFF35F8F236998
:1090AC002046BDE810401B6803229B034CBF41F2D5
:1090BC001C010821FFF7CABF08B5BFF35F8F036916
:1090CC001B689B0303D5BDE80840FFF7CCBF0C2100
:1090DC00FFF7BFFFBDE80840FDF738BD2DE9F341B0
:1090EC00036901919D681B680446B3F5003F174660
:1090FC0046680AD10023E364FDF79EFC0369CBB9F3
:10910C002046FDF7F3FC12200AE0C36C002BF3D1D0
:10911C0001A8FCF7E9FA30B12046FDF7E7FC012085
:10912C0002B0BDE8F081022208212046FFF78EFF35
:10913C000123E0E7D0F80480E36023694FF4815108
:10914C001A68204622F0FE029205920DFFF77EFF70
:10915C00236928461B68D90042BFE368A8EB0303C8
:10916C00F61800230028DBD0C20748BF47F823605D
:10917C004FEA600048BF01334644F3E72DE9F04164
:10918C000546FDF7C9FC0746012241F22801FFF70D
:10919C005DFF002241F228013846FFF757FF41F2EC
:1091AC0004013846FFF755FFC406F8D410F020062A
:1091BC0002D00220BDE8F08141F22C013846FFF7C5
:1091CC0048FF0122044641F208013846FFF73EFFF2
:1091DC008DB901224FF480513846FFF737FF41F229
:1091EC0004013846FFF735FF420700F023033BD458
:1091FC00002BF4D0DDE72B68C4F3036803BBE10458
:10920C0058BF6C68AB684BBF41F20C0641F21006BC
:10921C00C4F30354A8EB0404002BDAD0EB68002B46
:10922C00D7D0A34211DC0024EB689C42D1DAAB68A6
:10923C00314653F824203846FFF708FF0134F3E792
:10924C006B68002BDBD098450ADA0D20B2E72B684F
:10925C0041F2100153F826203846FFF7F7FE01368D
:10926C006B689E42F3DBCAE7FDF75AFC01463846B1
:10927C00FDF75AFC00209DE773B5CDE90023D0E93A
:10928C000145C66800699DF80730006804EB0514B9
:10929C00C000D2B2A6F1080114D502F03F0242F090
:1092AC00200243F00103A01B8DF800208DF807303D
:1092BC00FFF754FE083C082269462046FFF76BFE78
:1092CC0002B070BD641B03F03F0342F0010243F097
:1092DC00200304F108008DF800208DF80730FFF70B
:1092EC003DFEE8E70369DA6832B142F4202200213E
:1092FC0042F40062FFF7AABE7047C06870472DE9C0
:10930C00F8430B680C4613F4700F14D1D0E90159D3
:10931C00036908461B68D1F80880DB0048BF4B681E
:10932C004FF0000744BFA9EB0303ED18FDF75AFCFF
:10933C000646B74201DBBDE8F88341462846626821
:10934C00FFF729FE63684D4498440137F1E730B5C7
:10935C000169D0E901344A680968C90042BFC16893
:10936C00611A5B1800210AB9183030BDD50742BF0D
:10937C008D1D40F82530013123445210F3E72DE9BF
:10938C00F74F0446D0E9017A0193036940690E4610
:10939C0091469D68FFF760FED4F84CB0D0F8008081
:1093AC00BBF1000F07D02046FDF7A0FB1025284687
:1093BC0003B0BDE8F08FFDF73FFB336819064CBFD7
:1093CC00C36843687168994204DD2046FDF78EFB43
:1093DC000D25ECE72069E160B8F1000F02D00369BC
:1093EC0049EA0309006833680139034343EA01235E
:1093FC0043EA090204212046FFF728FE23691B6873
:10940C00DA0003D5E368AAEB03031F44A5B9314680
:10941C002046FFF774FFB8F1000FC8D023691B6911
:10942C00002BC4D0D8F808304046984702460B466B
:10943C002046FFF721FFBAE7EB0748BF019B4FEA35
:10944C00650544BF43F82B700BF1010B5744DDE766
:10945C00C0F30B03482B4B6028BF482310F4003F8C
:10946C008B6008BF0023CB6010F4803308BFC1E9C8
:10947C00013300F47003B3F5700F14BF00238B6835
:10948C0000284FF0010C4FF008028B60B8BF00238E
:10949C00C1E905C2B8BFC1E90533704710B5044630
:1094AC00D4F8681211B12368013300D110BD0B68D8
:1094BC002046C4F868324B689847F1E70023C0E9AE
:1094CC007A12C0F86832704710B5044600686728F5
:1094DC0009D110BDD4F8CC316BB12046984720602F
:1094EC002046FFF7DBFF23680133F3D02046FFF75C
:1094FC00D5FF2068EDE7D4F8C831EEE70268672A9B
:10950C0006D1D0F8D8211AB14FF0FF3101601047C5
:10951C00704730B40468672C08D1D0F8DC412CB10A
:10952C004FF0FF352346056030BC184730BC704700
:10953C0070B40B681E691EB970BC082303607047B9
:10954C0013601B6970BC184710B50446D0F8C401F1
:10955C00FFF7B2FD032814BF20604FF0FF3010BDA1
:10956C0010B50446D0F8C401FFF75EFD206010BDB5
:10957C0010B50446D0F8C401FDF7B8FAD4F8FC31A4
:10958C0003B12360206810BDFDF710BC03680BB954
:10959C00FDF70CBC1846704770B5036804461BB148
:1095AC00BDE87040FDF78EBBD0F8C401FFF7CFFECD
:1095BC000546D4F8C401FFF7A0FE0646D4F8F831EE
:1095CC00024629681869FEF764FAD4F8F831324675
:1095DC0069685869FEF75DFA2046E1E7037823F0E5
:1095EC0007030370C37F03F07F0343F04003C3778B
:1095FC0070474368A3F11001914241D8012243F80E
:10960C000C2C53F8042C42F0200243F8042C53F891
:10961C00082C42F0005243F8082C836800F1140225
:10962C00A3F1100191422FD8012243F80C2C53F8CE
:10963C00042C42F0200243F8042C53F8082C42F07E
:10964C00005243F8082CC36803F15402BFF35F8F38
:10965C004FF0A3431A60BFF35F8FC2680432BFF3AD
:10966C005F8F1A61BFF35F8FBFF35F8F03225A6363
:10967C00BFF35F8FBFF35F8F9A63BFF35F8F70474A
:10968C00103242F80C2CB7E7103242F80C2CC9E718
:10969C00BFF35F8F4FF0A343DA69BFF35F8FBFF364
:1096AC005F8F10215963BFF35F8FBFF35F8F002172
:1096BC005963BFF35F8FBFF35F8FD96BBFF35F8FBE
:1096CC004906F8D422B1BFF35F8FDA61BFF35F8F25
:1096DC00704708B5FDF712F930B9BFF35F8F4FF043
:1096EC00A343986ABFF35F8FBFF35F8F4FF0A34222
:1096FC00D36BBFF35F8F10F0240F03F0230304D060
:10970C00FFF7C6FF6FF01F0008BD4FF0FF30002BB6
:10971C00FAD1BFF35F8F1063BFF35F8F1846F3E787
:10972C00F8B500F108050446284617460E46FFF723
:10973C00A5FBB84206D92846FFF7B7FA6FF04003ED
:10974C002360F8BD31462846FFF75DFB0028F8D0B2
:10975C002060F6E7012310B5044643600830FFF79C
:10976C0003FB00B1206010BDF8B5436804460D46FC
:10977C00164600F108073BB1002343603846FFF75B
:10978C009BFA08B1206006E0324629463846FFF7BE
:10979C00BCFA0028F6D1F8BD10B504460830FFF726
:1097AC004FFB431C06D06368012B06D10223636078
:1097BC0008B1206010BD6720FBE70028F9D1002B11
:1097CC00F7D0F7E710B504460830FFF74BFB08B1AC
:1097DC00206005E06368012BFAD1022367206360E7
:1097EC0010BD0020704700207047002303607047B5
:1097FC0003680B4202D000680840704720BFF7E7AF
:10980C00036823EA010303607047034600681A6883
:08981C0008400A431A6070477E
:089824008C6CFF7F01000000C5
:10982C00D526000000000000752800008498000078
:10983C00512B0000AC980000512B000098980000B0
:10984C00512B0000C0980000B57D0000D49800009A
:10985C00312A000000000000E5300000000000008C
:10986C00A92A0000E89800006D7E000000000000AE
:08987C00777E000000000000EF
:1098840008C1000024A30000B0A10000D201002000
:10989400EC1600203AC1000058A300008CA100007F
:1098A400D60100204017002046C1000070A300002C
:1098B4008CA10000D80100204C17002051C10000E9
:1098C40088A300008CA10000DA01002058170020B2
:1098D40065C10000ACA30000CCA10000DC010020A5
:1098E4006417002021C100000000000074A10000E2
:0898F400D40100200000000077
:1098FC0000000000E979000000000000E979000098
:10990C0000000000E979000000000000E979000087
:10991C0000000000E979000000000000E979000077
:10992C0000000000E979000000000000E979000067
:10993C0000000000E979000000000000E979000057
:10994C0000000000E979000000000000E979000047
:10995C0000000000E979000000000000E979000037
:10996C0000000000E979000000000000E979000027
:10997C0000000000E979000000000000E979000017
:10998C0000000000E979000000000000E979000007
:10999C0000000000E979000000000000E9790000F7
:1099AC0000000000E979000000000000E9790000E7
:1099BC0000000000E979000000000000E9790000D7
:1099CC0000000000E979000000000000E9790000C7
:1099DC0000000000E979000000000000E9790000B7
:1099EC0000000000E979000000000000E9790000A7
:1099FC0000000000E979000000000000E979000097
:109A0C0000000000E979000000000000E979000086
:109A1C0000000000E979000000000000E979000076
:109A2C0000000000E979000000000000E979000066
:109A3C0000000000E979000000000000E979000056
:109A4C0000000000E979000000000000E979000046
:109A5C0000000000E979000000000000E979000036
:109A6C0000000000E979000000000000E979000026
:109A7C0000000000E979000000000000E979000016
:109A8C0000000000E979000000000000E979000006
:109A9C0000000000E979000000000000E9790000F6
:109AAC0000000000E979000000000000E9790000E6
:109ABC0000000000E979000000000000E9790000D6
:109ACC0000000000E979000000000000E9790000C6
:109ADC0000000000E979000000000000E9790000B6
:109AEC0000000000E979000000000000E9790000A6
:109AFC0000000000E979000000000000E979000096
:109B0C0000000000E979000000000000E979000085
:109B1C0000000000E979000000000000E979000075
:109B2C0000000000E979000000000000E979000065
:109B3C00000000007968000000000000E9790000D6
:109B4C0000000000E979000000000000E979000045
:109B5C0000000000E979000000000000E979000035
:109B6C0000000000E979000000000000E979000025
:109B7C0000000000E979000000000000E979000015
:109B8C0000000000E979000000000000E979000005
:109B9C0000000000E979000000000000E9790000F5
:109BAC0000000000E979000000000000E9790000E5
:109BBC0000000000E979000000000000E9790000D5
:109BCC0000000000E979000000000000E9790000C5
:109BDC0000000000E979000000000000E9790000B5
:109BEC0000000000E979000000000000E9790000A5
:109BFC0000000000E979000000000000E979000095
:109C0C0000000000E979000000000000E979000084
:109C1C0000000000E979000000000000E979000074
:109C2C0000000000E979000000000000E979000064
:109C3C0000000000E979000000000000E979000054
:109C4C0000000000E979000000000000E979000044
:109C5C0000000000E979000000000000E979000034
:109C6C0000000000E979000000000000E979000024
:109C7C0000000000E979000000000000E979000014
:109C8C0000000000E979000000000000E979000004
:109C9C0000000000E979000000000000E9790000F4
:109CAC0000000000E979000000000000E9790000E4
:109CBC0000000000E979000000000000E9790000D4
:109CCC0000000000E979000000000000E9790000C4
:109CDC0000000000E979000000000000E9790000B4
:109CEC0000000000E979000000000000E9790000A4
:109CFC0000000000E979000000000000E979000094
:109D0C0000000000E979000000000000E979000083
:109D1C0000000000E979000000000000E979000073
:109D2C0000000000E979000000000000E979000063
:109D3C0000000000E979000000000000E979000053
:109D4C0000000000E979000000000000E979000043
:109D5C0000000000E979000000000000E979000033
:109D6C0000000000E979000000000000E979000023
:109D7C0000000000E979000000000000E979000013
:109D8C0000000000E979000000000000E979000003
:109D9C0000000000E979000000000000E9790000F3
:109DAC0000000000E979000000000000E9790000E3
:109DBC0000000000E979000000000000E9790000D3
:109DCC0000000000E979000000000000E9790000C3
:109DDC0000000000E979000000000000E9790000B3
:109DEC0000000000E979000000000000E9790000A3
:109DFC0000000000E979000000000000E979000093
:109E0C0000000000E979000000000000E979000082
:109E1C0000000000E979000000000000E979000072
:109E2C0000000000E979000000000000E979000062
:109E3C0000000000E979000000000000E979000052
:109E4C0000000000E979000000000000E979000042
:109E5C0000000000E979000000000000E979000032
:109E6C0000000000E979000000000000E979000022
:109E7C0000000000E979000000000000E979000012
:109E8C0000000000E979000000000000E979000002
:109E9C0000000000E979000000000000E9790000F2
:109EAC0000000000E979000000000000E9790000E2
:109EBC0000000000E979000000000000E9790000D2
:109ECC0000000000E979000000000000E9790000C2
:109EDC0000000000E979000000000000E9790000B2
:109EEC0000000000E979000000000000E9790000A2
:109EFC0000000000E979000000000000E979000092
:109F0C0000000000E979000000000000E979000081
:109F1C0000000000E979000000000000E979000071
:109F2C00D4980000777D000000000000E979000063
:109F3C0000000000E979000000000000E979000051
:109F4C0000000000E979000000000000E979000041
:109F5C0000000000E979000000000000E979000031
:109F6C0000000000E979000000000000E979000021
:109F7C0000000000E979000000000000E979000011
:109F8C0000000000E979000000000000E979000001
:109F9C0000000000E979000000000000E9790000F1
:109FAC0000000000E979000000000000E9790000E1
:109FBC0000000000E979000000000000E9790000D1
:109FCC0000000000E9790000AD400000FD7F0000BA
:109FDC0000000000E979000000000000E9790000B1
:109FEC0000000000E979000000000000E9790000A1
:109FFC0000000000E979000000000000E979000091
:10A00C0000000000E979000000000000E979000080
:10A01C0051440000FD7F000000000000E9790000C1
:10A02C0000000000E979000000000000E979000060
:10A03C0000000000E979000000000000E979000050
:10A04C0000000000E979000000000000E979000040
:10A05C0000000000E979000000000000E979000030
:10A06C0000000000E979000000000000E979000020
:10A07C0000000000E979000000000000E979000010
:10A08C0000000000E979000000000000E979000000
:10A09C0000000000E979000000000000E9790000F0
:10A0AC0000000000E979000000000000E9790000E0
:10A0BC0000000000E979000000000000E9790000D0
:10A0CC0000000000E979000000000000E9790000C0
:10A0DC0000000000E979000000000000E9790000B0
:10A0EC0000000000E979000000000000E9790000A0
:10A0FC0000000000E979000000000000E979000090
:10A10C0000000000E979000000000000E97900007F
:10A11C0000000000E9790000A1370000FD7F00007D
:10A12C0000000000E979000000000000E97900005F
:10A13C0000000000E979000000000000E97900004F
:10A14C0000000000E979000000000000E97900003F
:10A15C0000000000E9790000BD400000FD7F000018
:08A16C0000000000E979000089
:10A17400252B0000A57C00009D7C0000912A000096
:08A18400812A0000992A000065
:10A18C00A52B0000B77C0000C37C0000D77C00002E
:10A19C00E17C0000EB7C0000812D0000FF7C0000C6
:04A1AC0000000000AF
:10A1B000A37B0000357B0000957B000000000000C1
:0CA1C000D37A0000000000000000000046
:0CA1CC008F7D0000F12F0000817D00005D
:10A1D80017C00000030000003BBB000003000000A4
:10A1F00000A0105000820D50000405500500000022
:10A200000400000001000000000000000000000049
:10A210000338FDD870470000000000000000000077
:10A220000338FDD87047000003000000060000005E
:10A230000100000023C000004CA200000300000049
:10A240000600000003000000060000002C000000D3
:10A2500009000000000000000000000000D800001D
:10A26000E89800000100000000D80000000800008D
:10A27000E89800000200000000E000000008000074
:10A28000E89800000300000000E0000000A00A00C1
:10A29000E89800000400000000E8000000980A00B0
:10A2A000E89800000500000000E8000000980A009F
:10A2B000E89800000600000000800B0000A00A00E3
:10A2C000E8980000070000000020160000100000C1
:10A2D000E898000008000000003016000020000090
:10A2E000E898000040000020000000000600010087
:10A2F00002000000F8A2000000000000F3C000000F
:10A3000002000000E04F160000000020FBC000002B
:10A3100021000000E0EF0220FD270000CD27000013
:10A32000000000001D2900004128000015C10000A8
:10A33000BB7B0000C17B00001BC1000010000000BF
:10A3400001FF0000650100000010000000A0105097
:10A3500000820D50000405501F00000000A01050A6
:10A36000000000000000000000C0105001000000CC
:10A37000FFFF000000820D500000000001000000FF
:10A3800000A00D5000000000FF0700000004055071
:10A3900000000000020000000000000000000000BB
:10A3A00000A0105000820D500004055000600C50B9
:10A3B0000000000000000000D8A3000000C201005F
:10A3C0000000D60100000000000000400000000076
:10A3D0009A1E0020991E002000600C50E4A300008B
:10A3E00001000000ECA300000400000024000000B5
:10A3F00026000002250600012706000303000000D6
:10A400000600000000A0105000820D50000405500E
:10A410002C9800002C980000649800006C980000B4
:10A42000849800008498000000388A408F4094404F
:10A43000A140A640AC401548CB40AE40A3400038F8
:10A44000003800380038CE40ED409D41494156412A
:10A45000324137413C414141B941BE41D7410E42B1
:10A46000FA418D411B42804162426A427742744305
:10A470006E4366437F432E48244600380038003838
:10A480000038AF48D548F34863457D4585439D4531
:10A49000A845BB45E345ED45CF45FC4515468C46F3
:10A4A0006E4695468E4600380038003828420038FF
:10A4B00000380038003800380038003800380038DC
:10A4C0000038003800380038194919491949194924
:10A4D00019491949194919491949194900380038C0
:10A4E00000380038003800380038003800380038AC
:10A4F000003800380038003800380038003800389C
:10A50000003800380038003800380038003800388B
:10A51000003800380038003800380038003800387B
:10A5200000380038003800388C090038FFFFFF0081
:10A530000000000010270081878A001A7B627AA63B
:10A5400078797A8D00307B627AA778797A8D0030BD
:10A5500078207B6279217A220C10865082A2808139
:10A5600082A28287828D001A0030722095407AACD8
:10A57000797B003078247B627AA884797A8D0030E8
:10A580007224A7407B2479257A26856286A8728466
:10A59000868D11A68584116286A7858684208621F2
:10A5A000862286509A5086A6867286A88685868DD3
:10A5B0008462868D781086A67270001A00307ABB8D
:10A5C0007879003000830030001C001C001C001C47
:10A5D000001B7C22001D1310D040001A001C001C20
:10A5E000001C001B7C22001D001B7C22001D131080
:10A5F000DA40001A000C016A3427001A006E102796
:10A60000001A7B62782479257A260C1086500E1069
:10A6100022590E101A59848FC50811B88585041067
:10A62000295911A284871AA211111120071890A28A
:10A63000801A9020001919A272871AA61970001B9F
:10A640007C201AA21A8013100B410E101D59041001
:10A65000335986A21A72868D001A0030870811B805
:10A66000858211A284871AA211111120031890A2C9
:10A67000801A9020001915A281871AA2151515209D
:10A68000031890A2801A90200019074186500524D3
:10A6900008250426F5408650042406250526F540A5
:10A6A00086500C2406250B26F54086500B240825E1
:10A6B0001A26F55000AB0C1A00300DA702720AAC36
:10A6C000060D0EA703720BAC060E02620CA87203F5
:10A6D0000C8D00307DBB0203048F05A670700362F1
:10A6E0008650042072210E229A500070108A0E2487
:10A6F0000B250E26F35002728650042072210D2283
:10A700009A5002721027108A0D240A250D26F35044
:10A7100005A70D0E05200C2105229A50007005BBDF
:10A72000030505A60E050030026286500420722142
:10A730000D229A500070108A0D240A250D26F35020
:10A7400000300DA70D0E05A67070027286500C2009
:10A750000D2105229A50007005BB030505A60E05C4
:10A76000003002620DA7027203620EA7037201BBE2
:10A770000D0E00BB02030D200E21802282AC8081D1
:10A78000812082213910A941006201A80180018D38
:10A79000012408250626B15000300324062508268A
:10A7A0008650F340032405250A268650F3500262A2
:10A7B00086500A2072210A229A5038100039062049
:10A7C0000A210B229A500BA60B0C0BA80B050B8D24
:10A7D00038100039003002620A8E0A8F0B8E0B8F00
:10A7E000072787500EA8720B0C200E210D229A50BD
:10A7F0000A200E210E229A500062865003240D2555
:10A800001A2608210E221A510262008107271A20F7
:10A8100072211A229A5000AB0A1A003086500DBBE2
:10A8200008060DA6040D032406250E26F3500E205F
:10A8300007210E229A500EA7050E0E8D0E240D250F
:10A840000B26F34086500A2408250D26F3500220DB
:10A850000D210E229A500E240C250B26F340865013
:10A8600007200A210D229A5003240C250E26F350AE
:10A8700005A60D0E058D0030865001A700720AB99D
:10A88000010006240A250426F55077A70472381023
:10A890000030011877A7040138100030042004218B
:10A8A00004229A5077A704723810003C001977A749
:10A8B00004013910003C0030A0A27210685380A23D
:10A8C000811090A291100210965308105B5414103E
:10A8D000FB5439108134001A000C865033A2041046
:10A8E00002102D440810D74414105B4558522620FE
:10A8F000782148522621001C7A20CC42585226202A
:10A90000782148521D2079214A52262026211D22D5
:10A91000001E7A20CC425852782479257D527A2024
:10A92000CC42112084214852112010107A590E1067
:10A93000364901218526006886AC86012EA67070F6
:10A94000C1522E2236102C2235A78682006CC808F0
:10A9500011B83581EA5026201121001C2620021052
:10A960001254112126220718B12002101554081084
:10A97000C7541410515580210019E3522620262176
:10A98000D0501122BC520068C152006C23203610F6
:10A9900026201B220318001E802100192621001AE0
:10A9A000001B0B102320001F001A2CBA73742CBA42
:10A9B0002C2C2CA72C742DA7018677A72D2C001AE0
:10A9C000A122DC5202108D53081054541410F65476
:10A9D00080A2807290A29072808D908D001A0030BB
:10A9E00082A2821082A2827282A81082001A2C2077
:10A9F00013211622071880A2818280219020B22282
:10AA000000193222DC5229A2322828A2323131A286
:10AA1000292525A2293030A2312222A2312F2FA2AE
:10AA2000301F1FA2302E2EA22F1C1CA22F2D2DA2B4
:10AA30002E1919A22E2C2CA22D1616A22D132FA6DC
:10AA4000117030A6127031A6137013A62C7011204D
:10AA50001121081802108D53081054541410F65484
:10AA6000A020B121001926A62F7027A6307028A695
:10AA70003170001A1120842148521D208221485231
:10AA80008A0811B88583142011211122001C051891
:10AA90008024B1208421001E001920201D211D22A8
:10AAA000001C05188024B1208421001E0019E352E7
:10AAB000262026211922001EDA501122BC5219220A
:10AAC0002620BC5277A22872F810821077A7850141
:10AAD00077108620CC4285A6850183A6830183A6B4
:10AAE000830113A272101DA619701EA61A701FA64C
:10AAF00013702C43585278210810E044818F918FB5
:10AB0000001A003077A701003810013A001A00300F
:10AB1000585204216853021039540810F054381068
:10AB2000053A001A00305852262078214A52001A5D
:10AB300000305852151075536E53262002214A5288
:10AB400000302DA2A1A12EA2A12D80A2812D90A224
:10AB5000912E001A2FA205102EA280802CA28033E5
:10AB60002EA22E802DA290902EA62E2C2EA62F2E19
:10AB70002CA72D2E2CA22C722C8D001A30A6919170
:10AB80002CA681812DA230911A10E24331A2A1A1FD
:10AB90001810C5432EA2818131A231312CA22C2D57
:10ABA00031A231332FBA2E742EA62F3131A62C2C80
:10ABB000D1432EA681312FA781312CA22C2D2EA27C
:10ABC0002E2F31A62C2C2EBA2E742DA22D2D2FA275
:10ABD0002E2E2DA62D2D80A72F3131A72C80A0A29F
:10ABE00030A12FA22E3190A72F2D001A2EA28181E5
:10ABF0002CA22C2DCD4331A67092ED4331A770923B
:10AC0000ED4330A2A1A12FA231A131A230822FA207
:10AC10002F3031A731812FA72F9130A23131A0A23F
:10AC200031A12CA2813030A231302EA62C2C31A2A1
:10AC30002F2F2EA6302E80A7312E2CA72C802EA2AF
:10AC4000913031A22F2C90A7312E001AB0A2A0A0D3
:10AC5000001A2EA670921B442EA770921B442DA2A0
:10AC6000A2B231A2A1A12CA281B22FA2A13131A204
:10AC700082312DA2912D2FA22E2F2EA2A1A22C2106
:10AC8000F543AAC3E7D3EAE32CA6047477A72C0004
:10AC9000381477A604707814001A2DA205102EA679
:10ACA00033332FA62D2D2EA22E2E2FA62F2D2EA2E2
:10ACB0002E332FA22F2F30A62F2F2EA62E2F2FA6CA
:10ACC0002E3077A22F72001A90A77090908D001AE4
:10ACD0002DA2A1A180A281A190A2912D001A2FA244
:10ACE00005102EA280802CA280332EA22E802CA2B2
:10ACF0002C802DA2909030A280902EA62E2C2DA6D6
:10AD00002D302EA62F2E2CA72D2E001A2CA281A17D
:10AD10002DA281812EA62D912DA22D2DA0A22C2C0D
:10AD20002CA22C2E2EA22E2E181085442FA2A0333A
:10AD300087442FBAA0042EA62E2C80A62E2F2CA638
:10AD4000A02C2DA22DA02CA22C8090A62C2D001A78
:10AD5000702398448223984431A683922FA282A123
:10AD600030A2A1A130A2313031A2818132A22F2F95
:10AD700029A6313231A63191A0A229A131A22F31C9
:10AD80002EA6812F32A630322FA6913032A28132E8
:10AD90002FA22F2E2CA2812F2DA2299180A63231F5
:10ADA0002CA62C2D32A62FA031A22C2929A232802C
:10ADB00090A63129001A30A2A1A12DA2A2A22CA2F4
:10ADC00081A22FA282A12DA2912D30A292302EA27B
:10ADD000A1A22C21A04472C494D496E4006877A761
:10ADE00072043714006C001A2DA272872CA22D81D8
:10ADF00077A7812C391081362CA22D9177A7912C21
:10AE000039109136001A003077A60570001A90A606
:10AE10008090001A80A281A190A291A1001A31A273
:10AE200072102CA280802DA290902EA62C2D2FA2E5
:10AE30002C2D2FA2332F2FA62F312EA72E2F2E8D64
:10AE4000001A2CA6819130A281812DA291912EA26F
:10AE5000A1A12CA22C2C2EA62E2E2FA6302D2DA754
:10AE6000302D2CA72C2F2EA72F2E90A22D2F80A275
:10AE70002C2EA0A22E2F001A2EA670822E452EA7B1
:10AE800070822E452FA2A1922EA2A12E30A28191D6
:10AE900031A22E2F32A6912E2EA7812E2CA6812FE5
:10AEA0002FA6912F32A22C322CA22E2F2EA630317B
:10AEB0002FA7303130A72C2F31A7322E80A22E3071
:10AEC00090A22F31A0A23031001A2CA2A2812DA273
:10AED000A2912FA2A1922EA2A1822C2132450DC5B2
:10AEE00028D52BE5001A80A77080808D001A585253
:10AEF000022407257D522620CC52E650875026207A
:10AF000072210A229A503810003906200A210B2299
:10AF10009A500BA60C0B0BA80B070B8D38100039A1
:10AF20000030E65087500A8E0A8F0B8E0B8F0DA8CB
:10AF3000720B0C200D2135229A500A202B229A5098
:10AF4000EA50585208222B23022435252626265360
:10AF5000E6500081262072212C229A5000AB0A2C48
:10AF60000030E6502BA872062B8DEA50585202246E
:10AF70002B257D520820CC42000C006435A60A0C1B
:10AF8000E65087503520722135229A500BA707359D
:10AF900006200B210B229A50381000390030000C8B
:10AFA000006435A60A0CE65087500B8F35207221BD
:10AFB00035229A50EA50585208220B230224352594
:10AFC0000D2626530030585226200B2148521D20B2
:10AFD00006214A52262026211D22001E1D2008215E
:10AFE0004A52262026211D22001E0D20CC42E6506A
:10AFF00087500B200C210A229A5082A70882828D4A
:10B000000030585208220C2378240A25262626537D
:10B0100000682620062100AB818000AB91900030B3
:10B0200058520620021050540810F35414105F5563
:10B0300006240B257D521D2008214A522620262158
:10B040001D22001E1120CC5211240A257D520D20F4
:10B05000CC42E65087500A200D212B229A50EA500C
:10B06000CF550BA62B700D240B257D520820CC420A
:10B070008650000800B8797917A70173179E179EAC
:10B080000BA2781017A217100C200E2280A60B70AE
:10B0900090A2721082A6907092A6707068460E22DE
:10B0A0007AA882927A8D00300E210C2211A681910D
:10B0B00012A7819113A2111114A2121215A6829245
:10B0C00016A7829215A2151216A2111611A7131413
:10B0D00081A2131412A2171114A6151615A715167E
:10B0E00082A2141416A2151513A6131292A2160BFF
:10B0F00091A2111312103B46001B0A1040460C216E
:10B100000E22424606217A5608217C5636A2060BAC
:10B1100036A236870AA608360A8D0030E6508750D8
:10B1200091A2918736A2768736A2913681A2818735
:10B1300081A6368181A28172818D91A67070001ADC
:10B1400002248F46062408217A56EA501410C44778
:10B15000F34606217A560A8FEA501410C9471C4755
:10B1600035A2811034A2911031A2353536A2343483
:10B1700033A2041035A2313634A2721033A2333513
:10B1800031A7363136A6343331A73136318D3910F7
:10B190008134001A31A2911036A2041031A231314B
:10B1A00033A2721036A2363131A7313336A6363388
:10B1B00033A2363633A2333634A2333335A2343693
:10B1C00035A2353134A2313335A23572358D33A7EE
:10B1D000007333A73374339E339E339E3524332557
:10B1E0003526F55035A2351034A2343533A2343427
:10B1F00033A2333633A63331338D72203810052015
:10B2000081A23480818D7D1081A70081001A000CFD
:10B210008650D00811B8080132A2041032A632328A
:10B2200084210C20A5570C212D2088571120AE57C2
:10B23000071880222D21C0205D578021AE570019AC
:10B240000C210C2088C75DD768E7D0501122175712
:10B250000A20B9570030001B0C200B102D20684726
:10B26000000C86500821B6569C5632A2041032A615
:10B270003232920811B80A0602210C20A5570C217F
:10B280002D2088571120AE57031880222D21C02071
:10B290005D578021AE57001908212120A557212193
:10B2A0002D2088572120AE57031880222D21C02041
:10B2B0005D578021AE5700190C2121220C205D57CB
:10B2C00088C75DD768E7DA50112217572122175730
:10B2D0000C20B95777A680703E10003900AB0B9058
:10B2E000003031A6918136A7918131A2318236A2F8
:10B2F000369233A670B2734731A6918136A79181F9
:10B3000031A2319236A2368233A770B2734734A28B
:10B31000A1A233A2B13335A6313631A7313636A7D3
:10B32000343333A6343380A2313690A23533A0A211
:10B330003633B0A23531001A31A6918136A79181FA
:10B3400034A2313133A2313631A2A1B136A2A1A14A
:10B3500031A6313136A6363636A7363334A73431E6
:10B3600080A23136A0A2363390A23334B0A2313459
:10B37000001A80A2811090A29110A0A27210B0A217
:10B380008090001A31A6918190A7918180A631709A
:10B39000A0A6A1A1B0A2B132001A35A2721035A8A0
:10B3A00035A180A2813590A29135808D908D001AB3
:10B3B000082558527D520A20CC4258520821DB57AA
:10B3C00008205F550822062302240A252626265334
:10B3D00077A626703E100B3900AB0B270030918FFB
:10B3E0002CA291872DA272872CA22C2C2EA72C2D5B
:10B3F0002CA22C332CA72C2D2DA22E2E2FA22E2C9E
:10B400002DA22D2F2FA22F2F2FA22D2F2FA22F7243
:10B410002F8D30A70074309E309E2F2430252F268C
:10B42000F5502FA22F872DA22F2D2FA22D2D2FA229
:10B430002F2C2FA72F2E2F8D3910913481A22D72F2
:10B44000818D7C1081A7008177A78100371091340E
:10B45000001A000C7B62865078231BA67D721B9E0F
:10B46000341043481B9E83241B257A26F5507A20EE
:10B470007A211B229A501BA71B831B8D3910003D7C
:10B48000001A00305852782078211C229A501CA6AD
:10B490001C041C209A501CA61C051C8D1C2319582A
:10B4A00077A67A703D1000307AA7007A00301DA789
:10B4B0007D721EA61D701E9E83241E257A26F550C1
:10B4C000381000301EA77A723910003D1FA2831079
:10B4D0001DB91D0020A6757021A2721022A621217F
:10B4E00022239E5824A6287025A67570A85823A745
:10B4F0002821238D39106B4822A622215C481DA7E4
:10B500001D721D9E1F239E5826A21F2827A2262893
:10B5100028A72721288D381099482AA6727029A2B9
:10B52000272728A72921288D3810874829A22929CB
:10B530002AA62A727D481EA7202A28A6247025A69E
:10B540001E70A8582BA6287024A22B2B20A62A7088
:10B5500026A22B2627A2272474487AA226727A8D47
:10B56000001A003023A28372238D23241D25232655
:10B57000F55028A22310001A25A725723810001AAA
:10B5800028A22828A8480610003858520224072567
:10B590007D522620CC5200680AA60C800AAC0A0113
:10B5A000381000392AA67206E6502BA8722A2AAC57
:10B5B0002B0187500A2006212B229A502BA7072BFC
:10B5C0002BAC2B012A202B210B229A50381000394A
:10B5D000003006100038E65087500A8E0A8F0B8E16
:10B5E0000B8F2AA60A0B2AAC2A0138100039EA5020
:10B5F000585208222A2302240B2523262653E650DC
:10B600002AA60C232AAC2A0100AB0A2A0030061015
:10B6100000385852E65087502AAC0D0F2AA62A0F40
:10B620002A2007212A229A502AA6062A2AAC2A0171
:10B630002BAC0A0F2BA62B0F2B202A212B229A5042
:10B640002BBB2B0C2ABB2A0CEA50585208222A2367
:10B650000A242B250D2626530030003885A9010F1A
:10B66000001A11BA010F85A78511001A007001A6F2
:10B670007070007001A77D72001A007009A67070CA
:10B68000007009BB7D0F7D2109620081001A816273
:10B690000081001A0F210F260068868EC1523610D5
:10B6A0008636006C021050590310875211A626707E
:10B6B00012A6277013A62870E65036A8850F368D7F
:10B6C00001213626EA508742900811B8868615D4A3
:10B6D00018E4112012541D201121001C12541121B4
:10B6E0001D220318C120001E12548021001926A615
:10B6F000117027A6127028A6137026202621001C80
:10B70000001C001C001B7C22001D262113106B490D
:10B710001122BC522621E7D3EAE3001A00680F8EFB
:10B72000006C2CA20F10875902108759A0A2A02CE0
:10B7300015108959001A80A2802C90A2902C001A12
:10B74000FA1ED65F30000000C000000018000000A4
:10B75000310000000000000030000000E0000000A8
:10B760001C00000039000000000000003000000054
:10B770000001000020000000410000000000000067
:10B7800030000000400100002800000051000000CF
:10B7900000000000300000008001000030000000C8
:10B7A0006100000000000000300000000002000006
:10B7B00040000000810000000000000017000000B1
:10B7C000C000000018000000310000000000000070
:10B7D00017000000E10000001D0000003B00000019
:10B7E0000000000017000000000100002000000021
:10B7F000410000000000000012000000C000000036
:10B8000018000000310000000000000012000000DD
:10B81000E00000001C0000003900000000000000F3
:10B8200012000000000100002000000041000000A4
:10B83000000000001200000040010000280000008D
:10B840005100000000000000120000008001000014
:10B850003000000061000000000000001200000045
:10B860000902000042000000850000000000000006
:10B8700041000000FF000000200000002000000048
:10B880000100000041000000C0010000380000007D
:10B89000380000000100000042000000FF0000002E
:10B8A0002000000020000000010000004200000015
:10B8B000C001000039000000390000000000000055
:10B8C0000001000000020000001400000028000039
:10B8D00000400000010000000200000020060000FF
:10B8E0000002000000040000400000008000000092
:10B8F00040000000900000009D670000100600005E
:10B900000002000000040000300000008000000081
:10B9100040000000900000009D6700000806000045
:10B9200000020000000400002000000040000000B1
:10B9300020000000480000009D6700001300000088
:10B9400063000000A30000000300000050B90000E5
:10B9500000000200000000000000000000000000E5
:10B960000000000068B900000100021000030000A0
:10B9700000000000000000000000000080B900008E
:10B9800001010210000C0000001000000000000087
:10B99000000000000000500020000000D5C20000A0
:10B9A000000060002000000032C40000B0B90000B8
:10B9B0003D00000000000000C00E0000000000007C
:10B9C00000000000C8B900003B000000000C0000AF
:10B9D000000300000000000000000000E0B90000CB
:10B9E0002600001000000000003000000C000000E5
:10B9F00000000000F8B90000310000100000000055
:10BA0000001F000000000000000000002D6F00007B
:10BA1000A56E00000000000000000000216C000086
:10BA20000000000000000000000000000000000016
:10BA30000000000000000000216C00000000000079
:10BA4000020000000100020010001100120020009E
:10BA50002100220023002400300031003200330096
:10BA6000FFFF10002DE15D29410B8D77679C110FC1
:10BA70001F8A25633A205374617274696E6720626D
:10BA80006F6F746C6F616465720A0025633A2055AC
:10BA90006E61626C6520746F2066696E6420626FEF
:10BAA0006F7461626C6520696D6167650A0025636A
:10BAB0003A20426F6F746C6F6164657220636861D5
:10BAC000696E6C6F61642061646472657373206F6A
:10BAD00066667365743A20307825780A0025633AE3
:10BAE00020496D6167652076657273696F6E3A20D3
:10BAF0007625642E25642E25640A0025633A204AA3
:10BB0000756D70696E6720746F2074686520666952
:10BB100072737420696D61676520736C6F740A00BD
:10BB200025633A204E657665722073686F756C6484
:10BB30002067657420686572650A006D6375626FC1
:10BB40006F740025633A20696E76616C69642066C3
:10BB50006C6173682049442025643B2065787065DA
:10BB6000637465642025640A002B65700025633AC0
:10BB7000204661696C656420746F20726561642081
:10BB80007374617475732066726F6D2025642C2048
:10BB90006572722025640A0A0025633A20556E6199
:10BBA000626C6520746F2064657465726D696E6582
:10BBB00020666C61736820736563746F72206F66B2
:10BBC0002074686520696D61676520747261696CB5
:10BBD00065720A007072696D617279007365636FD6
:10BBE0006E646172790025633A20436C6561726509
:10BBF0006420696D616765202564207072696D61DC
:10BC0000727920736C6F7420747261696C65722034
:10BC100064756520746F20737475636B207265762C
:10BC20006572740A0025633A20496D616765206971
:10BC30006E2074686520257320736C6F742069739F
:10BC4000206E6F742076616C6964210A0025633A66
:10BC5000202564207374617475732077726974652C
:10BC6000206661696C7320706572666F726D696EB3
:10BC7000672074686520737761700A0025633A2035
:10BC80004661696C656420746F206F70656E206614
:10BC90006C617368206172656120494420256420CD
:10BCA00028696D61676520256420736C6F74202599
:10BCB00064293A2025642C2063616E6E6F742063C2
:10BCC0006F6E74696E75650A0025633A2046616976
:10BCD0006C65642072656164696E67207365637466
:10BCE0006F72733B20424F4F545F4D41585F494D37
:10BCF000475F534543544F52533D2564202D2074D4
:10BD00006F6F20736D616C6C3F0A0025633A2046AB
:10BD100061696C65642072656164696E6720696D34
:10BD200061676520686561646572733B20496D6178
:10BD300067653D25750A0025633A204661696C6593
:10BD4000642072656164696E6720626F6F7420732E
:10BD500074617475733B20496D6167653D25750A93
:10BD60000025633A2070616E6963210A0025633AF9
:10BD700020446574656374656420696E636F6E73D7
:10BD8000697374656E7420737461747573210A002D
:10BD900025633A2043616E6E6F742075706772611F
:10BDA00064653A206E6F74206120636F6D706174FA
:10BDB00069626C6520616D6F756E74206F662073AB
:10BDC0006563746F72730A0025633A2043616E6E77
:10BDD0006F7420757067726164653A206D6F72656B
:10BDE00020736563746F7273207468616E20616C78
:10BDF0006C6F7765640A0025633A2043616E6E6F4D
:10BE00007420757067726164653A206E6F74207378
:10BE1000616D6520736563746F72206C61796F75F5
:10BE2000740A0025633A2043616E6E6F742075704A
:10BE300067726164653A20736C6F742077726974FD
:10BE4000652073697A657320617265206E6F742056
:10BE5000636F6D70617469626C650A006261640091
:10BE6000676F6F6400756E736574005072696D6101
:10BE7000727920696D6167650025633A2025733A00
:10BE8000206D616769633D25732C20737761705F56
:10BE9000747970653D307825782C20636F70795FF8
:10BEA000646F6E653D307825782C20696D6167651B
:10BEB0005F6F6B3D307825780A005365636F6E6461
:10BEC00061727920696D6167650025633A20426F70
:10BED0006F7420736F757263653A207072696D615B
:10BEE000727920736C6F740A0025633A20426F6F79
:10BEF0007420736F757263653A206E6F6E650A0009
:10BF000025633A205374617274696E672073776198
:10BF100070207573696E67206D6F766520616C6740
:10BF20006F726974686D2E0A0025633A204E6F7433
:10BF300020656E6F75676820667265652073706135
:10BF4000636520746F2072756E2073776170207541
:10BF50007067726164650A0025633A2072657175C5
:10BF60006972656420256420627974657320627546
:10BF700074206F6E6C792025642061726520617673
:10BF800061696C61626C650A0025633A2050534117
:10BF90002063727970746F20696E697420666169BC
:10BFA0006C65642025640A0A0025633A2045443202
:10BFB00035353139206B657920696D706F72742069
:10BFC0006661696C65642025640A0025633A204532
:10BFD000443235353139207369676E617475726525
:10BFE00020766572696669636174696F6E20666147
:10BFF000696C65642025640A0025633A20466169FE
:10C000006C656420746F2064657374726F79206B43
:10C0100065792025640A00656432353531395F70F1
:10C02000736100302A300506032B6570032100D4AC
:10C03000B31BA49A3ADD3F825D10CA7F31B50B0D68
:10C04000E87F37CCC49F1A403A5C1320FFB4E02D40
:10C050000020002B00307800305800286E696C29D1
:10C06000002A2A2A20426F6F74696E67204D43555B
:10C07000626F6F742076322E312E302D6465762DEE
:10C08000616531656535376633393036202A2A2AAD
:10C090000A002A2A2A205573696E67206E524620AC
:10C0A000436F6E6E6563742053444B2076332E309D
:10C0B0002E312D3965623536313564613636622070
:10C0C0002A2A2A0A002A2A2A205573696E67205ACA
:10C0D0006570687972204F532076342E302E3939AE
:10C0E0002D373766383635623866386430202A2A6C
:10C0F0002A0A00464C4153485F30005352414D5F7D
:10C100003000657869740A00636C6F636B4031308E
:10C1100065303030006866636C6B006C66636C6B16
:10C12000007272616D2D636F6E74726F6C6C6572EC
:10C13000403530303462303030006770696F4031E4
:10C140003061303030006770696F406438323030B1
:10C15000006770696F4035303430300000010405ED
:10C16000020608090F756172744063363030300082
:10C170007065726D0074657374004255473B2063AF
:10C18000616E27742068617070656E0072657665F7
:10C1900072740025633A205365636F6E646172792F
:10C1A00020696D616765206F6620696D6167652034
:10C1B00070616972202825642E2920697320756EAC
:10C1C000726561636861626C652E2054726561748A
:10C1D00020697420617320656D7074790A0025638D
:10C1E0003A20496D61676520696E6465783A20255B
:10C1F000642C205377617020747970653A20257320
:10C200000A0025633A20496D61676520696E64659F
:10C21000783A2025642C20537761702074797065FA
:10C220003A206E6F6E650A000401040304020401E3
:10C230000401040301040304010400071823232359
:10C240002323232323232323232300010214140065
:10C25000001C2030401C2000001C20304000400109
:10C260000302203042FFFFFFFFFFFFFFFFFFFFFF42
:10C27000FFFFFFFFFFFFFFFFFFFFFFFFFFFFFFFFCE
:10C28000FFFEFFFFFFFFFFFFFFFFFFFFFFFFFFFFBF
:10C29000FFFFFFFFFFFFFFFFFFFFFFFFFFA66202A1
:10C2A000000000000000000000000000000000008E
:10C2B000000000000000000000000000000000007E
:10C2C000000000000000000000000000000000006E
:10C2D0000000000000EDFFFFFFFFFFFFFFFFFFFF7B
:10C2E000FFFFFFFFFFFFFFFFFFFFFFFFFFFFFFFF5E
:10C2F000FFFFFFFF7F066D07000000000000000049
:10C30000000000000000000000000000000000002D
:10C310000000000000FFFFFFFFFFFFFFFFFFFFFF28
:10C32000FFFFFFFFFFFFFFFFFFFFFFFFFFFFFFFF1D
:10C33000FFFEFFFFFFFFFFFFFFFFFFFFFFFFFFFF0E
:10C34000FFFFFFFFFFFFFFFFFFFFFFFFFF00F344C3
:10C3500058AB92C27823558FC58D72C26C2190362E
:10C36000D6AE49DB4EC4E923CA7CFFFFFFFFFFFFC7
:10C37000FFFFFFFFFFFFFFFFFFFFFFFFFFFFFFFFCD
:10C38000FFFFFFFFFF3F005EC00CC72BA826268ED5
:10C3900093008BE1803B431165B62AF71AAE126415
:10C3A000A4D3A324E36DEA67170F477065149EDAE0
:10C3B00036BF22A6151D22ED0DED6BC670194F007C
:10C3C00014FA30F25B790898ADC8D74E2C13BDFD36
:10C3D000C4397CE61CFFD33AD7C2A0051E9C7887DF
:10C3E0004098A36C7373EA4B62C7C95637207688AE
:10C3F00024BCB66E71463F69005667FFFFFFFFFF22
:10C40000FFFFFFFFFFFFFFFFFFFFFFFFFFFFFFFF3C
:10C41000FFFFFFFFFFFEFFFFFFFFFFFFFFFFFFFF2D
:10C42000FFFFFFFFFFFFFFFFFFFFFFFFFFFFFFFF1C
:10C43000FF00EDFFFFFFFFFFFFFFFFFFFFFFFFFF1D
:10C44000FFFFFFFFFFFFFFFFFFFFFFFFFFFFFFFFFC
:10C45000FF7FEDD3F55C1A631258D69CF7A2DEF984
:10C46000DE140000000000000000000000000000DA
:10C4700000101AD5258F602D56C9B2A7259560C723
:10C480002C695CDCD6FD31E2A4C0FE536ECDD33600
:10C49000692158666666666666666666666666668C
:10C4A000666666666666666666666666666666662C
:10C4B0006666A3785913CA4DEB75ABD841414D0A56
:10C4C000700098E879777940C78C73FE6F2BEE6C1B
:10C4D0000352B0A00E4A271BEEC478E42FAD061815
:10C4E000432FA7D7FB3D99004D2B0BDFC14F802475
:04C4F000832B00009A
:10C4F40001000000FFFFFFFFC576000054A200000A
:10C50400C77A00009D30000000000000FF0000001A
:10C514000090D003000000000000000000000000B4
:10C524000000000000000000000000000000000007
:10C5340000000000000000000000000000000000F7
:10C5440000000000000000000000000000000000E7
:10C5540000000000000000000000000000000000D7
:10C5640000000000000000000000000008000000BF
:10C57400FF000000000000000200000000000000B6
:10C5840000000000000000000000000000000000A7
:10C594000000000000000000000000000000000097
:10C5A4000000000000000000000000000000000087
:10C5B4000000000000000000000000000000000077
:10C5C4000000000000000000000000000000000067
:10C5D4000000000000000000040000000F00000044
:10C5E4000000000001000000000000000000000046
:10C5F40067000000000000000000000000000000D0
:10C604000000000000000000000000000000000026
:10C614000000000000000000000000000000000016
:10C624000000000000000000000000000000000006
:10C6340000000000000000000000000000000000F6
:10C6440090010020900100206B82000067820000AE
:10C65400B57A000067742000201D0020241D0020EE
:10C6640053696745643235353139206E6F2045642E
:10C67400323535313920636F6C6C6973696F6E7351
:02C684000100B3
:0CC68600000000000000000000000000A8
:04C6940015E015E0B8
:040000030000215D7B
:00000001FF
